n,trial,matrix_seed,partial_growth,complete_growth
16,1,16002010,1.8285706389800773,1.304445811141263
16,2,16002011,2.3156887790742036,1.0713411393439813
16,3,16002012,1.4267498574081399,1.3509669163747908
16,4,16002013,1.894423506620805,1.1859401921677741
16,5,16002014,1.99064561603194,1.3217846517812168
16,6,16002015,1.4971279813686218,1.1591442488014714
16,7,16002016,2.0541321403922934,1.3587272743035446
16,8,16002017,2.539411221166164,1.1065694313247199
16,9,16002018,1.197142018929884,1.1425337772214592
16,10,16002019,2.0578175245819246,1.1614105109731312
16,11,16002020,2.61788726598264,1.4695964872945964
16,12,16002021,1.5842204743902335,1.0
16,13,16002022,1.7385143418756857,1.4159318203082505
16,14,16002023,1.7840061115707253,1.1002595844004452
16,15,16002024,2.187486595110061,1.1819554002104216
16,16,16002025,2.759596082309828,1.300656747109648
16,17,16002026,1.8519813339367632,1.0438664856532125
16,18,16002027,2.7456907191586564,1.2489435208802964
16,19,16002028,2.1298423859714446,1.3572968629086801
16,20,16002029,1.916013536262078,1.3516933082820217
16,21,16002030,2.396058162026508,1.7075397615796144
16,22,16002031,1.9703189594469455,1.0753657266886556
16,23,16002032,1.2186223835517376,1.1364448378241252
16,24,16002033,1.9955615406642733,1.2805373151139088
16,25,16002034,1.8904484746652337,1.6058580297687464
16,26,16002035,1.693541546711192,1.0669890671814712
16,27,16002036,2.379788258552644,1.0
16,28,16002037,1.9251217287340023,1.1073351802905178
16,29,16002038,1.6203968770116184,1.0913685778744413
16,30,16002039,2.0259585443757286,1.3046753307680576
16,31,16002040,1.3607054278291892,1.1391496952960813
16,32,16002041,1.7501200781617634,1.2620423220579273
16,33,16002042,1.894015313054222,1.2818666515012722
16,34,16002043,1.9906010741082107,1.3521430320889034
16,35,16002044,1.7859640907829126,1.2040881339387774
16,36,16002045,1.6591724333186282,1.0
16,37,16002046,1.47974824424521,1.2266289334103344
16,38,16002047,3.3363736271295417,1.1661906611827226
16,39,16002048,2.8986336462237143,1.0417775333310153
16,40,16002049,1.9652979593002626,1.0806010783184312
16,41,16002050,1.985065465810109,1.2763945284896228
16,42,16002051,2.1847356176690402,1.2306950013471516
16,43,16002052,1.8350084102814113,1.5385224042614714
16,44,16002053,2.079310075399848,1.2266141965430613
16,45,16002054,2.1455914538693017,1.2108619527984799
16,46,16002055,1.7294171480830516,1.1754253159569075
16,47,16002056,1.9018524310589577,1.0
16,48,16002057,1.9577237547004376,1.6431902047542335
16,49,16002058,1.68846221794903,1.0
16,50,16002059,1.785092486950397,1.0619750152344454
16,51,16002060,1.3545648344904135,1.1497646254254703
16,52,16002061,1.6167401025306662,1.2990245784129493
16,53,16002062,1.7842651975188075,1.267518186339825
16,54,16002063,1.7688744193779413,1.1035743304990624
16,55,16002064,1.569567698417114,1.1583967032742404
16,56,16002065,1.4235641919245667,1.1324305917234712
16,57,16002066,2.7519883681678206,1.3169969525603118
16,58,16002067,1.9191868870901803,1.1344858156556985
16,59,16002068,1.8013946004191599,1.3226507520737087
16,60,16002069,1.3783999661612525,1.0
16,61,16002070,1.7564976152320348,1.0688945867354531
16,62,16002071,1.8102886992772673,1.1803397327316343
16,63,16002072,1.9163121193757013,1.0
16,64,16002073,2.237731819430043,1.0982097946442841
16,65,16002074,1.3929355675312258,1.0
16,66,16002075,1.492746087282208,1.0
16,67,16002076,2.7531213462283786,1.295351154388736
16,68,16002077,2.0541986010232485,1.201306454079041
16,69,16002078,1.786146764467599,1.0121266558945554
16,70,16002079,1.5294683446433763,1.0
16,71,16002080,2.896048068959559,1.1230377655458035
16,72,16002081,2.362063813105482,1.3247437588937112
16,73,16002082,2.213604150553069,1.6317622430307877
16,74,16002083,1.3652517522002754,1.0
16,75,16002084,1.7106485374361569,1.1870692464848978
16,76,16002085,1.9776433542834126,1.0385635195460434
16,77,16002086,2.040183392460017,1.3654756012158666
16,78,16002087,1.4268214515044892,1.37157536443742
16,79,16002088,1.5758318893015193,1.0
16,80,16002089,1.5331584911126204,1.0
16,81,16002090,1.8508442637189573,1.1179353630832203
16,82,16002091,2.310661007502858,1.0
16,83,16002092,1.4408090329303167,1.1528085521740052
16,84,16002093,2.537367193495381,1.0782587772351926
16,85,16002094,2.159113855022376,1.0
16,86,16002095,1.9947786477183151,1.3755079769007246
16,87,16002096,1.7252013296755901,1.0
16,88,16002097,1.9074812187931147,1.3490906360731374
16,89,16002098,1.7284402047941911,1.1703287470305461
16,90,16002099,1.7929388398433945,1.3502764512737595
16,91,16002100,3.476008404360085,1.5405269209381183
16,92,16002101,1.3659190511074926,1.0
16,93,16002102,2.6662940961836954,1.3111719472011378
16,94,16002103,2.2805567119463257,1.0
16,95,16002104,1.4869467824598581,1.0383934000781436
16,96,16002105,1.4800983242264747,1.1527986120599476
16,97,16002106,1.3421400719027696,1.176135248697048
16,98,16002107,1.2119231950063893,1.0089065760556737
16,99,16002108,1.9727119939428142,1.168533437007123
16,100,16002109,2.3564081151762886,1.459697682382522
16,101,16002110,1.733672151956243,1.3028881770808238
16,102,16002111,1.8582975345883417,1.1069863284549304
16,103,16002112,1.5849580745877845,1.0432979414901735
16,104,16002113,1.6156934026604455,1.0284156974042773
16,105,16002114,1.7700672049743502,1.1710222218589232
16,106,16002115,2.1661259665912507,1.2135112657707672
16,107,16002116,1.9466197670719338,1.7396751924837346
16,108,16002117,1.9809535808870244,1.1140001705079696
16,109,16002118,1.6118091661706815,1.0681878824481523
16,110,16002119,3.0628837502302115,1.2714601155471381
16,111,16002120,1.5523325282597518,1.550858404833111
16,112,16002121,2.4107291268141124,1.2516519540130975
16,113,16002122,1.4157131006164256,1.130435995071978
16,114,16002123,1.8525174039416579,1.0
16,115,16002124,2.1805868540154214,1.3577856885428268
16,116,16002125,1.9335639723619413,1.3565224489300787
16,117,16002126,2.298388658367903,1.192259783334085
16,118,16002127,1.926851089644877,1.0559268532875146
16,119,16002128,2.204543374359916,1.3851543183383292
16,120,16002129,1.7429244011257956,1.0906167289756248
16,121,16002130,2.315850496876749,1.1009341483133184
16,122,16002131,1.5680421328452905,1.096644886707228
16,123,16002132,3.5007671990395206,1.5040088963357996
16,124,16002133,1.9799737463447065,1.4423420794333275
16,125,16002134,2.3078680382069168,1.0710793283362345
16,126,16002135,2.2718816014963004,1.230896593436634
16,127,16002136,2.0573130119630365,1.0216697042828933
16,128,16002137,1.8375908263770462,1.0
16,129,16002138,1.4325929205238779,1.0155059924633387
16,130,16002139,2.1548510982107296,1.1134868238555833
16,131,16002140,1.650213743923217,1.0728283761476514
16,132,16002141,1.9142365898671765,1.1305263059747692
16,133,16002142,1.7374626891528664,1.034647532940086
16,134,16002143,1.75087373626694,1.220350150117411
16,135,16002144,1.7459668593446191,1.011729758952724
16,136,16002145,1.9704583483949245,1.285394175011119
16,137,16002146,2.010519577491202,1.2999327752820633
16,138,16002147,2.2596501816368804,1.4850621749983317
16,139,16002148,1.513873908010525,1.3745975822094172
16,140,16002149,2.0285926098351057,1.173417077862597
16,141,16002150,2.5592164620357747,1.4142150615099587
16,142,16002151,1.598798196860381,1.3501739487065996
16,143,16002152,1.6875881744827628,1.260297142003405
16,144,16002153,1.6743551446121594,1.2364129816011813
16,145,16002154,1.803806727160583,1.130143409553625
16,146,16002155,1.958010767029724,1.4686242291723668
16,147,16002156,1.6722912383853108,1.2358277467171914
16,148,16002157,1.8538193315964115,1.0170329205172164
16,149,16002158,2.3672120043592657,1.414832734418738
16,150,16002159,1.5585908748410957,1.314346818251794
16,151,16002160,1.962554771593365,1.059544526278096
16,152,16002161,2.2906649839526825,1.1502541401442052
16,153,16002162,1.5100425290333577,1.1560915061174162
16,154,16002163,1.9164858378223992,1.0
16,155,16002164,1.536414976904294,1.0848060827952055
16,156,16002165,1.8104885144226512,1.1577176301222374
16,157,16002166,1.6582019623099589,1.5007688832075914
16,158,16002167,1.6291948333303639,1.0790165045634559
16,159,16002168,2.3306983503615055,1.1770226324176234
16,160,16002169,1.9780333179443763,1.4311494201304829
16,161,16002170,1.825343946129149,1.428046634265365
16,162,16002171,2.5154932823557816,1.0
16,163,16002172,2.6053708968892613,1.351535413902312
16,164,16002173,2.3605036227547953,1.213330871827763
16,165,16002174,1.8532601703480982,1.3619676441360862
16,166,16002175,1.9468877605719006,1.2377362952451745
16,167,16002176,1.6509784194061798,1.2149884397029032
16,168,16002177,1.8368951430834992,1.2685369245915457
16,169,16002178,1.7799236929129232,1.0
16,170,16002179,1.94777422972962,1.1588756143804635
16,171,16002180,1.4805078031851722,1.0632035934527782
16,172,16002181,1.7106480237420503,1.009117333532372
16,173,16002182,1.3142931409722467,1.1305312784948536
16,174,16002183,2.228937077422108,1.2197098716374284
16,175,16002184,1.951237321176738,1.3857182010978246
16,176,16002185,1.5209261533231802,1.3634236021668769
16,177,16002186,1.65865311158594,1.140916064332202
16,178,16002187,1.5055582951002227,1.1145388851925118
16,179,16002188,2.1118589036528,1.2120663670529446
16,180,16002189,2.291232608646849,1.3747496075216634
16,181,16002190,1.3491711213287871,1.0712222508744556
16,182,16002191,1.459624923509819,1.0
16,183,16002192,1.6487304326403671,1.2274054388039097
16,184,16002193,1.2932962853299481,1.098240910572253
16,185,16002194,2.0397545605286163,1.1628026565156455
16,186,16002195,2.924478936507706,1.166532289374204
16,187,16002196,1.9965092640482989,1.2404526112298147
16,188,16002197,2.465651002087277,1.3393030092925802
16,189,16002198,1.8635284275081558,1.1437435354157741
16,190,16002199,1.3030613563758207,1.0
16,191,16002200,1.865302704118507,1.4180315976746343
16,192,16002201,1.361905958462296,1.222663457053263
16,193,16002202,1.41367740512517,1.0164247415731735
16,194,16002203,1.7101626501148446,1.2004664675826722
16,195,16002204,1.7000440982790113,1.2729375924926638
16,196,16002205,2.5785731559647624,1.2891574271838626
16,197,16002206,1.3358239631263857,1.3264469768920462
16,198,16002207,1.7326115641879754,1.2926602209753677
16,199,16002208,1.673958531512462,1.4226847318836875
16,200,16002209,1.6970871987175566,1.0
16,201,16002210,1.4708822504800994,1.0
16,202,16002211,1.5895667115667946,1.401052056106387
16,203,16002212,2.3557376699441352,1.0
16,204,16002213,2.8595885060050303,1.2510889280994038
16,205,16002214,2.8770514089923602,1.3630662693238718
16,206,16002215,1.7221087689293326,1.266059465938458
16,207,16002216,1.616023902099499,1.1897848692284048
16,208,16002217,1.614176608413477,1.2367771106302023
16,209,16002218,3.01351461483217,1.5918844602197544
16,210,16002219,1.6229324399829526,1.053786549619344
16,211,16002220,2.4532514970295622,1.2439362250133816
16,212,16002221,1.7470457318496937,1.1108342161102747
16,213,16002222,1.393006144012362,1.3481768509065675
16,214,16002223,2.275856956761572,1.4459687560923844
16,215,16002224,1.8212101773119043,1.356125817630551
16,216,16002225,1.4557725359437093,1.0717984155345675
16,217,16002226,2.7213662063888076,1.4787960208019848
16,218,16002227,1.7100307475059566,1.16099760932622
16,219,16002228,1.988363462282239,1.3050135315737201
16,220,16002229,1.8786183419682403,1.1311929696013168
16,221,16002230,1.6631691027142523,1.2201604272866167
16,222,16002231,1.6886560033245879,1.402004626594688
16,223,16002232,2.1600042360275182,1.4395448996243787
16,224,16002233,2.1760385939392575,1.354906109647234
16,225,16002234,2.332468245859659,1.0850209489149434
16,226,16002235,2.0664912372632163,1.2172205005008065
16,227,16002236,1.9355249919731516,1.387218425727378
16,228,16002237,2.2177444284595333,1.2983017196748527
16,229,16002238,2.354341404219421,1.1171512284398901
16,230,16002239,1.371889625759091,1.129512814620746
16,231,16002240,1.5990938092143034,1.4255186117324927
16,232,16002241,2.1146595798095533,1.2729598655469367
16,233,16002242,1.6987605059783901,1.0
16,234,16002243,1.2323990755358427,1.0108553914479854
16,235,16002244,1.6850874839521541,1.2481647177944901
16,236,16002245,1.5805288160645976,1.6363784899178517
16,237,16002246,1.934271970218223,1.308816825851836
16,238,16002247,1.5172756401441894,1.2564741807740858
16,239,16002248,1.7899691587447621,1.0828598243975431
16,240,16002249,2.1169854680283895,1.304777950441426
16,241,16002250,1.4953052397237456,1.1619469503547633
16,242,16002251,1.830196308671597,1.4110241363078042
16,243,16002252,1.235511139068004,1.0098738017568365
16,244,16002253,1.5318990491612077,1.1983320855904693
16,245,16002254,1.7314018707136276,1.231604528806991
16,246,16002255,1.6417220117057378,1.459970530165571
16,247,16002256,1.8652695239886188,1.4106946749350042
16,248,16002257,2.0251826943559736,1.3337059154719442
16,249,16002258,3.1310590463803463,1.0
16,250,16002259,1.5725613788472206,1.0
16,251,16002260,2.1744385125583725,1.2411902104668553
16,252,16002261,1.5381805159863184,1.0
16,253,16002262,1.6406980919528091,1.0870600834820898
16,254,16002263,1.7281552792365056,1.0481942058675904
16,255,16002264,1.741442478757313,1.4043573002614627
16,256,16002265,1.848359199791064,1.3482183906119725
16,257,16002266,1.8392385036886885,1.0216251275964214
16,258,16002267,2.977241818869157,1.1516450782537428
16,259,16002268,2.0277254646680323,1.1661314666578473
16,260,16002269,1.9593481914037711,1.151982688774637
16,261,16002270,2.3393148341229018,1.126062228096209
16,262,16002271,1.3920993857847852,1.0240052799299664
16,263,16002272,1.8154618328042094,1.2845559633084365
16,264,16002273,1.5594727324429993,1.2474077520775482
16,265,16002274,1.5676322148827997,1.0
16,266,16002275,1.2990546149838897,1.0
16,267,16002276,2.18101242485067,1.5911097084406227
16,268,16002277,2.1999564926772153,1.2418307320304292
16,269,16002278,2.2780176540177264,1.006019957137843
16,270,16002279,2.2546937884379363,1.3812139518009643
16,271,16002280,1.8050950970664066,1.3158287678804856
16,272,16002281,2.1727529379173225,1.2835503706983813
16,273,16002282,1.7286575031304479,1.3906186745641653
16,274,16002283,2.283565620593603,1.4075386524991744
16,275,16002284,1.3760582424166206,1.2390343556743804
16,276,16002285,1.788371365930236,1.217817307218342
16,277,16002286,2.798695351350129,1.3146086747584702
16,278,16002287,1.7140306425007295,1.3652429236932642
16,279,16002288,1.8740825629217435,1.0742000617752052
16,280,16002289,1.6542340040600674,1.2560903620780535
16,281,16002290,1.869945301282435,1.0
16,282,16002291,2.0200035038953947,1.2801562102763526
16,283,16002292,2.341942436744667,1.3147157534401057
16,284,16002293,1.7791970813530757,1.1727170511395824
16,285,16002294,1.522856580911114,1.0180757838366272
16,286,16002295,1.440850367816684,1.2281029919672612
16,287,16002296,1.499936453581055,1.0
16,288,16002297,2.145283221336922,1.4970756152792999
16,289,16002298,3.0183400908466886,1.5733943933272756
16,290,16002299,3.827639858902961,1.455194436350384
16,291,16002300,1.7184123898796066,1.3559512088719052
16,292,16002301,2.2530900838705845,1.0
16,293,16002302,1.544116969748206,1.0511371737085877
16,294,16002303,3.04594622869071,1.3323991657570315
16,295,16002304,1.7030812990885738,1.1185931860665685
16,296,16002305,2.138610242044182,1.3647223470787162
16,297,16002306,1.6340757069004272,1.1853910902486053
16,298,16002307,1.6733203800616387,1.2947013212975993
16,299,16002308,2.118947984742059,1.2496769395294303
16,300,16002309,2.4841758708606605,1.1061214752273512
16,301,16002310,1.4932165321494848,1.0738370304674232
16,302,16002311,1.5755314513839629,1.2627561692426015
16,303,16002312,2.5132582992483194,1.4314522950356614
16,304,16002313,1.5056302268940138,1.054971382618895
16,305,16002314,1.762080739798795,1.3885000103047935
16,306,16002315,1.3503043322163681,1.0
16,307,16002316,2.507755745200292,1.59789482978167
16,308,16002317,1.5196602735010794,1.0254631311568656
16,309,16002318,1.4761899045299263,1.14309898364545
16,310,16002319,2.3982276856225293,1.493842062924814
16,311,16002320,2.3112023612718064,1.0
16,312,16002321,1.526717007966075,1.1107110133440348
16,313,16002322,2.396758407294671,1.431525626968974
16,314,16002323,1.57350927604278,1.062678715892231
16,315,16002324,1.8991690695670977,1.168075658240017
16,316,16002325,2.7979764879431595,1.2397140410990375
16,317,16002326,1.8418243874068303,1.4675048446599153
16,318,16002327,1.071592422787868,1.0
16,319,16002328,1.8514970714124617,1.067454255379188
16,320,16002329,1.7396177198190501,1.1846721421355941
16,321,16002330,1.8957709246790126,1.0689349100938277
16,322,16002331,2.3698740095197177,1.0525871407105967
16,323,16002332,2.1068288880996815,1.3394407074536536
16,324,16002333,1.6231035835438385,1.2004139212980671
16,325,16002334,2.2296866603582046,1.2313230511962576
16,326,16002335,1.7125454794408828,1.0
16,327,16002336,1.839329166744541,1.3009639014936547
16,328,16002337,1.6461775680420179,1.3169816055294223
16,329,16002338,2.059986648843101,1.2879509026124052
16,330,16002339,2.1206301410768265,1.251948659564177
16,331,16002340,2.0119642909278848,1.242734369178695
16,332,16002341,1.735924381986206,1.3210520479217964
16,333,16002342,1.7737327983678184,1.1537532995339186
16,334,16002343,1.795542511981077,1.1785648212439608
16,335,16002344,1.6666806360145192,1.0
16,336,16002345,1.890116146693425,1.1823951020080865
16,337,16002346,1.6324526622079398,1.174947044137954
16,338,16002347,1.811974877141953,1.0477842022417445
16,339,16002348,1.19773820879795,1.0
16,340,16002349,1.4960714875910615,1.270520569867009
16,341,16002350,1.2535285623689523,1.0766660926850868
16,342,16002351,1.2839799876463014,1.0
16,343,16002352,1.8905131165724112,1.2101780329858403
16,344,16002353,1.5444224306104333,1.0144700203328352
16,345,16002354,1.1912806452608935,1.0
16,346,16002355,1.9934529678941446,1.2913620118422415
16,347,16002356,2.4067189412749275,1.350463800506552
16,348,16002357,2.6427856913110417,1.410922180180838
16,349,16002358,1.4631208810815062,1.0
16,350,16002359,2.5570423416720454,1.3590462516738357
16,351,16002360,1.9457807963076355,1.0089296124877905
16,352,16002361,1.819782958069924,1.1738813939842294
16,353,16002362,1.9355986269975307,1.550420823468758
16,354,16002363,2.273733458498769,1.3014600039093578
16,355,16002364,2.535259243023136,1.606383343629121
16,356,16002365,1.7138731018316868,1.2477081825909822
16,357,16002366,1.6847696679250541,1.182564253424161
16,358,16002367,1.745206870871444,1.043328962527971
16,359,16002368,2.114528971922713,1.1353287988128904
16,360,16002369,1.3994602649214127,1.2142566089057565
16,361,16002370,1.4883391552414935,1.1197590602224397
16,362,16002371,2.8369491254274037,1.391601106043995
16,363,16002372,2.2791525620319826,1.328970910020573
16,364,16002373,1.3341807256923743,1.0700384411441592
16,365,16002374,2.8154941869967662,1.2709393090994332
16,366,16002375,2.1837933289296387,1.1423580154282351
16,367,16002376,1.3406067429245718,1.0
16,368,16002377,1.8377424246271934,1.0546360776336832
16,369,16002378,2.1294553783573327,1.218770089312282
16,370,16002379,1.7301461491833485,1.3774790221599207
16,371,16002380,1.6066181234267252,1.130513408895958
16,372,16002381,1.3166155954399157,1.0
16,373,16002382,1.7285233617123041,1.0
16,374,16002383,2.2628453911350284,1.2178800858907408
16,375,16002384,1.5258170006621228,1.1991087328724643
16,376,16002385,2.520457979807701,1.3649191192181416
16,377,16002386,2.318691276631452,1.096332036186043
16,378,16002387,2.897362275285737,1.5014027476261997
16,379,16002388,2.0542882718433364,1.453395233883233
16,380,16002389,1.6660016971842442,1.0860408199183968
16,381,16002390,1.0,1.0
16,382,16002391,1.4992771438457921,1.174322189206769
16,383,16002392,1.5551111732591172,1.3197897451495522
16,384,16002393,1.4825310986309455,1.1938187251318768
16,385,16002394,3.709358423182739,1.3004870533732675
16,386,16002395,1.1893120181655075,1.0
16,387,16002396,2.1519403464106994,1.1760973793423162
16,388,16002397,1.2701132532593402,1.079299102167028
16,389,16002398,1.9375727859030747,1.2734340388083845
16,390,16002399,1.540148552106516,1.2867034201969154
16,391,16002400,1.9268322524957415,1.1276392475348098
16,392,16002401,2.675620785814388,1.2801440083628595
16,393,16002402,1.9709425196142025,1.2887767536284447
16,394,16002403,2.2591027097217053,1.409647791657942
16,395,16002404,1.7650378378141294,1.0464502170310839
16,396,16002405,1.2847500603149014,1.0
16,397,16002406,2.136338093218581,1.2354972972185883
16,398,16002407,2.39814346947481,1.458120098231042
16,399,16002408,1.3793986726763012,1.172260958403747
16,400,16002409,1.8721701253846568,1.029106053000995
16,401,16002410,2.9091121182114907,1.3921760152594775
16,402,16002411,2.0239330476750284,1.1213327493402685
16,403,16002412,1.2941481136919355,1.0
16,404,16002413,1.410432701849206,1.2495340606562926
16,405,16002414,2.9793112092502616,1.4495835859813682
16,406,16002415,2.085086159748197,1.126759737991023
16,407,16002416,1.7286384540940583,1.3030895251259305
16,408,16002417,1.6056820639458451,1.0641833194387005
16,409,16002418,2.1989704356356867,1.4172627831328828
16,410,16002419,1.513286465370289,1.2595500683250302
16,411,16002420,1.7823199738528326,1.0596407077536318
16,412,16002421,1.5273664457828915,1.0224898640247428
16,413,16002422,1.4209479318534681,1.1559972456883976
16,414,16002423,1.2800918451028733,1.0132178328247254
16,415,16002424,1.4303902757993618,1.0
16,416,16002425,3.2145861389686163,1.2623247554854784
16,417,16002426,1.484043593871253,1.4897082525740484
16,418,16002427,2.0566604041404006,1.1575449282366272
16,419,16002428,1.6521134924263419,1.0432244695400514
16,420,16002429,1.2856416096131575,1.2757601843344526
16,421,16002430,2.055298227575977,1.1465580978916226
16,422,16002431,1.633221669739152,1.011041944190025
16,423,16002432,2.1725428240594127,1.2493705203710024
16,424,16002433,1.9493813461524216,1.0
16,425,16002434,2.003506281918137,1.298929526923171
16,426,16002435,2.0713008171411764,1.5659504123987151
16,427,16002436,2.1290642898349224,1.3860192926015935
16,428,16002437,2.1548627625257057,1.1032850488474057
16,429,16002438,2.3106928861405858,1.308904434085936
16,430,16002439,1.4919848161626692,1.043190140254287
16,431,16002440,2.0896351774676916,1.1198920103857002
16,432,16002441,2.9719190736198056,1.4002839549746908
16,433,16002442,2.1870309610346,1.2006221890204696
16,434,16002443,2.0738369500066556,1.499302015292913
16,435,16002444,1.7477582633210895,1.008541106854765
16,436,16002445,1.8452233389211279,1.1537505228049911
16,437,16002446,1.9689873780646594,1.566263274445484
16,438,16002447,2.27569331873462,1.4984772191061013
16,439,16002448,1.9450919704045349,1.2906900481350219
16,440,16002449,1.616444043804962,1.227185615631855
16,441,16002450,2.1199554836609966,1.323664179033838
16,442,16002451,1.929649250434332,1.1522099043979455
16,443,16002452,2.220211301985144,1.0
16,444,16002453,2.2173097116352203,1.292018262256087
16,445,16002454,2.0889271300264136,1.0
16,446,16002455,1.9747239826208554,1.0
16,447,16002456,2.0199051505821286,1.2700539593308218
16,448,16002457,1.8453175385949065,1.3032187253657022
16,449,16002458,2.2943845227022575,1.3890961758886107
16,450,16002459,1.9451054365697995,1.2482211801738883
16,451,16002460,1.8962135609097495,1.1145735020844834
16,452,16002461,1.6668371671075428,1.106418634133212
16,453,16002462,1.9010348086525355,1.266165228417458
16,454,16002463,1.6466799663705112,1.355366365429811
16,455,16002464,2.240426986173718,1.3418982789227398
16,456,16002465,1.7186757191284543,1.29883551295741
16,457,16002466,1.522377943084568,1.403788473259485
16,458,16002467,1.5831462385960577,1.3355334666201288
16,459,16002468,1.5506071268190975,1.041360968409079
16,460,16002469,2.5018449130628766,1.0653389011073116
16,461,16002470,1.544453839011926,1.2122171275829614
16,462,16002471,1.9306557734800776,1.1549054848976492
16,463,16002472,1.2419259634239794,1.1622964115439707
16,464,16002473,1.7430937475980919,1.0349428151151636
16,465,16002474,1.2869292650639195,1.2485554116378672
16,466,16002475,1.3779102977665996,1.1551284061280787
16,467,16002476,1.9450752396517235,1.2418122578296507
16,468,16002477,1.8191824403849226,1.2483635475220174
16,469,16002478,2.09787274046946,1.2289969844062392
16,470,16002479,1.6172590846752124,1.2229122756309514
16,471,16002480,1.5575924455735808,1.0
16,472,16002481,1.0651266201187226,1.0
16,473,16002482,1.6661824796073663,1.2238241033278314
16,474,16002483,1.4215188921616704,1.0
16,475,16002484,1.5432939214437316,1.3761846824813155
16,476,16002485,3.244918585273147,1.2926364917355626
16,477,16002486,1.5142542285998704,1.2116522761510033
16,478,16002487,1.7660144758872338,1.2558301074723857
16,479,16002488,1.749823516422809,1.165341565406712
16,480,16002489,1.695467853952956,1.3573890891434333
16,481,16002490,1.2350995908524949,1.1666850255048564
16,482,16002491,1.8872308412646817,1.45252428813084
16,483,16002492,2.3596277131170385,1.4799471401351063
16,484,16002493,1.4246999463595655,1.0
16,485,16002494,2.5635086217789325,1.3835147953313924
16,486,16002495,1.8764851439524028,1.03489320359549
16,487,16002496,1.3862775058920158,1.0
16,488,16002497,2.5984094158543933,1.232735634404005
16,489,16002498,1.5906445750825473,1.0405589524425782
16,490,16002499,1.7483399895950547,1.0
16,491,16002500,1.790249824503088,1.2059967428991734
16,492,16002501,1.3330876985814821,1.0215614461609142
16,493,16002502,1.4317993936488629,1.0414628546483404
16,494,16002503,2.798276833041292,1.3382871034259365
16,495,16002504,1.7753065470513756,1.2322006830623196
16,496,16002505,2.0425164374899203,1.3025572773087677
16,497,16002506,1.7506597885551312,1.0
16,498,16002507,1.9985121723712254,1.050266006378767
16,499,16002508,1.885762218397558,1.0883095891480181
16,500,16002509,1.8407197997775433,1.1968234546155052
16,501,16002510,2.041754788394724,1.1962753844046459
16,502,16002511,1.6810968886628448,1.4469507344901111
16,503,16002512,2.2201030562914785,1.1285607130846456
16,504,16002513,2.0632049163317796,1.4563283481439646
16,505,16002514,1.8541219696333373,1.2669421446215696
16,506,16002515,2.310302362319781,1.1380941136681346
16,507,16002516,1.4157281779142543,1.0554828987546911
16,508,16002517,2.803167538822157,1.1850881224978063
16,509,16002518,2.683361095667484,1.1680727685217085
16,510,16002519,2.1260013559752853,1.22692329259825
16,511,16002520,1.5103124518179256,1.0
16,512,16002521,1.8606834793390177,1.0212037508700211
16,513,16002522,1.5042248505346194,1.0222743594998023
16,514,16002523,2.992197323362887,1.695739871910152
16,515,16002524,2.6405563722831253,1.1755953358433686
16,516,16002525,2.3601284858651903,1.3032059456693428
16,517,16002526,1.6084760883805684,1.2767014854702792
16,518,16002527,1.7579475485706406,1.4098286804731999
16,519,16002528,2.3578299690357776,1.174380992603267
16,520,16002529,2.3606683672467716,1.5168071758156922
16,521,16002530,1.9186066710777625,1.2829947859318154
16,522,16002531,2.0959700461290955,1.2569200664594775
16,523,16002532,2.7635720279974825,1.0356886299761383
16,524,16002533,1.3577076893064015,1.0201319552550308
16,525,16002534,3.176182910744891,1.3729467591055315
16,526,16002535,2.087655658794513,1.37752010252177
16,527,16002536,1.852887163373899,1.2988605490260785
16,528,16002537,1.9070703102482511,1.2992454364135817
16,529,16002538,1.9115101804237435,1.1192323641149449
16,530,16002539,2.485426924524204,1.3216514383602271
16,531,16002540,1.5839541452931127,1.1921069988946527
16,532,16002541,2.4254316089408126,1.2868940837221914
16,533,16002542,2.265663571389169,1.4847403753985273
16,534,16002543,1.5703820288791082,1.447275161548307
16,535,16002544,2.187365782975804,1.2469325221850995
16,536,16002545,1.5830486334592422,1.293875222105811
16,537,16002546,4.397110852580999,1.5279075288020785
16,538,16002547,1.7976655325857283,1.1903711262713483
16,539,16002548,2.2996587219510625,1.060597193001856
16,540,16002549,2.031295620932982,1.2845545559697447
16,541,16002550,1.430222313679456,1.0
16,542,16002551,1.785467052334456,1.16956357665109
16,543,16002552,2.1638410238259347,1.235954001554055
16,544,16002553,1.6671826741751783,1.6664607995744443
16,545,16002554,1.2061996241392152,1.0
16,546,16002555,1.8543497126937103,1.3027300440902823
16,547,16002556,1.5136801180983979,1.0299557944017186
16,548,16002557,1.7255687011973306,1.0539495630167606
16,549,16002558,1.647778285217025,1.0
16,550,16002559,1.7654244249340516,1.1508353691071556
16,551,16002560,1.6077016801299155,1.1046022904451094
16,552,16002561,1.1807330028885656,1.0921809326899867
16,553,16002562,1.1288652573804678,1.0
16,554,16002563,1.6881715843338285,1.2368664174441997
16,555,16002564,1.5172642359094324,1.0302474266040709
16,556,16002565,2.057207674146857,1.2704695049066004
16,557,16002566,1.8123279556624854,1.2783892421974106
16,558,16002567,2.147122452191614,1.2380580792886628
16,559,16002568,1.6744059057600549,1.1096018428231906
16,560,16002569,2.2438926335441107,1.0413770255614283
16,561,16002570,3.0147657179911134,1.2017934591745916
16,562,16002571,1.8556569113591819,1.161632542276293
16,563,16002572,1.6652188504565935,1.1000209928194893
16,564,16002573,2.823622823864856,1.0930931295887798
16,565,16002574,1.907966359890735,1.3505855283268664
16,566,16002575,1.9490896239818767,1.0
16,567,16002576,2.0235054078256063,1.1301551793816476
16,568,16002577,1.6978500217437837,1.1592719406076193
16,569,16002578,1.9848294655507448,1.6112571307179737
16,570,16002579,2.3321713612903094,1.2625775133827801
16,571,16002580,2.574630917789918,1.5533780081042585
16,572,16002581,1.9297191433643728,1.6236491443140413
16,573,16002582,1.7234015141219936,1.2239740429883554
16,574,16002583,1.7552074454163993,1.0
16,575,16002584,1.7862089752279906,1.0503554090112663
16,576,16002585,1.8790711188063964,1.4276909345996092
16,577,16002586,1.4757362463763806,1.4249012425264709
16,578,16002587,1.703300572984983,1.435315437639237
16,579,16002588,1.8721667444436847,1.2883660037552647
16,580,16002589,1.6441834500416055,1.0
16,581,16002590,3.3814961726469863,1.2917866948074792
16,582,16002591,1.6042723822702376,1.0643395673519254
16,583,16002592,1.3800583944052653,1.096545496930758
16,584,16002593,1.626252251421293,1.0
16,585,16002594,1.6571860176585562,1.1145357601354453
16,586,16002595,1.6401818676353497,1.0
16,587,16002596,2.1033047517295707,1.0
16,588,16002597,2.4863357290948493,1.2105772324700925
16,589,16002598,1.9998927237213358,1.4608057342793324
16,590,16002599,1.8601516991810318,1.3103645250472058
16,591,16002600,1.1578933235723157,1.0
16,592,16002601,1.3049468085729943,1.0221759740036374
16,593,16002602,1.7151602290308166,1.0441180568252757
16,594,16002603,2.6398685119295067,1.4146142980575545
16,595,16002604,2.6987902951823197,1.0711488412530128
16,596,16002605,1.8523713003681188,1.3314582353006257
16,597,16002606,2.137887409342085,1.1243541118881786
16,598,16002607,1.845837926108724,1.122668366676991
16,599,16002608,1.3825423888259118,1.1331390854161674
16,600,16002609,1.8726664531832928,1.1326066609493375
16,601,16002610,1.6012557353720105,1.012162818864025
16,602,16002611,1.626082475061155,1.0101727072322584
16,603,16002612,1.2457507589168513,1.0
16,604,16002613,2.167125587687461,1.2002573813370145
16,605,16002614,2.7596960028047133,1.463362270226419
16,606,16002615,1.380732267331444,1.083705499601231
16,607,16002616,1.7840634383364904,1.3882873760574865
16,608,16002617,1.4143889808295846,1.3110706960297491
16,609,16002618,2.034615800046924,1.0179308145557955
16,610,16002619,2.4666259330103766,1.4298578796637191
16,611,16002620,2.3064837616764446,1.3552919216199772
16,612,16002621,1.7746485436305244,1.1555992879163761
16,613,16002622,1.7364586868735465,1.235717488393998
16,614,16002623,1.6122022439494244,1.0
16,615,16002624,1.3517101160764302,1.1065457172050723
16,616,16002625,1.7242326149714737,1.4625975652515335
16,617,16002626,1.695403741511348,1.0
16,618,16002627,2.0277485768044063,1.2671482222489991
16,619,16002628,1.3696039346824478,1.0240217889251177
16,620,16002629,2.6687513464728188,1.4814688639841327
16,621,16002630,1.5495579986953272,1.4508829041245785
16,622,16002631,2.7001196836964683,1.0
16,623,16002632,3.04945926490155,1.2634114897837883
16,624,16002633,1.6921492704834034,1.1471837491184216
16,625,16002634,2.0189165732360133,1.1480956637914024
16,626,16002635,1.8083370714628328,1.2359752543561864
16,627,16002636,1.7144578986705397,1.2024871476715788
16,628,16002637,1.5835329303245436,1.1309742562447442
16,629,16002638,1.9256801116057496,1.1670009419040746
16,630,16002639,1.632007786565865,1.1598241269154004
16,631,16002640,1.703205924601316,1.2842663768216778
16,632,16002641,1.1647604725341651,1.0503819082904209
16,633,16002642,2.5578434745662246,1.527260766975591
16,634,16002643,1.2857134711476519,1.0
16,635,16002644,1.6750891662200198,1.2348606064934768
16,636,16002645,3.5768988646233213,1.7852377387306781
16,637,16002646,2.1531318507460213,1.1260972484845022
16,638,16002647,1.602574448679193,1.0647172189941223
16,639,16002648,1.9137727938802405,1.0
16,640,16002649,2.1148575841134574,1.4122784275432834
16,641,16002650,2.0555065545639484,1.1475885565553445
16,642,16002651,1.8052730501792267,1.3141506873446693
16,643,16002652,2.2484312614816835,1.2671575343497408
16,644,16002653,2.594365920774765,1.3007889862087545
16,645,16002654,1.8084173130611603,1.191180186161124
16,646,16002655,1.5812195892293048,1.1492970135939826
16,647,16002656,1.4034564469167945,1.0
16,648,16002657,2.6786927584352216,1.3740429894956834
16,649,16002658,3.082662460933032,1.4893266202861775
16,650,16002659,2.2321219851618177,1.5502532785645162
16,651,16002660,2.001237468149182,1.5186027660673118
16,652,16002661,1.5781652087506057,1.1044167885691278
16,653,16002662,1.7464458901007947,1.2868328193719947
16,654,16002663,1.9463194006837312,1.0824076236360123
16,655,16002664,1.4944643126416939,1.0323471634506984
16,656,16002665,1.7574007653930732,1.208018126364179
16,657,16002666,2.011215298484051,1.5282323595562823
16,658,16002667,1.744421499403462,1.2157890694335904
16,659,16002668,1.8214629789127665,1.164237384581484
16,660,16002669,1.7087421732251662,1.2638790962730426
16,661,16002670,1.3207990202275675,1.0
16,662,16002671,2.154774379702917,1.2468868427723694
16,663,16002672,2.2068589316944687,1.3182604014445656
16,664,16002673,1.5312060831190244,1.2237806116975847
16,665,16002674,1.421744893562824,1.014003899937817
16,666,16002675,2.274667576250799,1.3385735048557026
16,667,16002676,1.9603429627765987,1.0
16,668,16002677,1.9262669825968182,1.566114350275697
16,669,16002678,2.1578604256518163,1.2536937248903812
16,670,16002679,1.9904645058899817,1.0651843259954645
16,671,16002680,2.8669935377554356,1.0490895600966939
16,672,16002681,2.236783820881927,1.3811223385503981
16,673,16002682,2.6295476280108705,1.1994063315939527
16,674,16002683,1.966144854575961,1.3217371314547235
16,675,16002684,2.2970292266264942,1.172324270345385
16,676,16002685,2.454673369305379,1.8341377883406547
16,677,16002686,1.9979096922048636,1.3636348646760403
16,678,16002687,1.5462947288288909,1.125383936497929
16,679,16002688,1.4248670780752952,1.0074463060634498
16,680,16002689,1.545293139259031,1.2126977508451207
16,681,16002690,1.6066440097724897,1.5423072495703025
16,682,16002691,1.7546532495989537,1.1134110824163101
16,683,16002692,1.0650652361241262,1.0
16,684,16002693,2.016899291269431,1.5760972008230643
16,685,16002694,1.5994775647261619,1.2102018968040427
16,686,16002695,2.0086054501230604,1.427799276223755
16,687,16002696,3.024889457963215,1.1187036989823822
16,688,16002697,1.8855619975375006,1.0
16,689,16002698,1.481685201456825,1.1289292670336155
16,690,16002699,2.0860772444867606,1.0
16,691,16002700,1.942446901160622,1.1846791640961365
16,692,16002701,2.0852666219261025,1.4759402543206568
16,693,16002702,1.9485479446536227,1.3512792617355953
16,694,16002703,1.645806909725397,1.0
16,695,16002704,1.8658135680588694,1.0914042173368743
16,696,16002705,1.9204100711647545,1.1124835502674095
16,697,16002706,1.8338773581219054,1.788861659510925
16,698,16002707,1.9802018383616637,1.2856746960890477
16,699,16002708,1.8463357465390446,1.5180887452662597
16,700,16002709,2.0877724310723242,1.2263311319409766
16,701,16002710,2.1508605345735585,1.1562236495413258
16,702,16002711,2.477887363063912,1.6679792952000585
16,703,16002712,1.5311133072378411,1.2440593508438196
16,704,16002713,1.8392797701448143,1.086692452608301
16,705,16002714,2.1534150598798987,1.4290846922876577
16,706,16002715,1.0112924942377868,1.0
16,707,16002716,1.3929181321820416,1.1635011323927893
16,708,16002717,2.1361383878378906,1.2524754118762023
16,709,16002718,2.1327318872609906,1.2701251587193816
16,710,16002719,1.9052017914021553,1.2446948013777615
16,711,16002720,1.8004380028994447,1.2398021566042865
16,712,16002721,1.3187377886422211,1.0326752874840759
16,713,16002722,1.310808421361966,1.0
16,714,16002723,2.2283028905300593,1.5640395976040635
16,715,16002724,1.5217007793459736,1.098000451566688
16,716,16002725,1.687688113390741,1.0070358731901123
16,717,16002726,1.4033180179247544,1.025162140033474
16,718,16002727,3.1191255948018406,1.1618872234327768
16,719,16002728,1.6111565462422366,1.1842315301968327
16,720,16002729,2.011238911514061,1.4533570488303673
16,721,16002730,1.5546664361701386,1.0
16,722,16002731,1.7674632926135423,1.2255451580134398
16,723,16002732,1.9601582219783378,1.2686621097127728
16,724,16002733,1.2708790319908845,1.3024756543392055
16,725,16002734,1.6693181236513406,1.3556955420792072
16,726,16002735,2.163413878173127,1.3428214770677356
16,727,16002736,2.1213890113485987,1.2763970857807652
16,728,16002737,2.136710663876516,1.2480230006721187
16,729,16002738,1.898007459883991,1.3823793687903343
16,730,16002739,2.2693912750422336,1.0167471730457776
16,731,16002740,1.9042508379629863,1.3055137783656563
16,732,16002741,2.6595841667331195,1.2845178784794764
16,733,16002742,1.3617971792578578,1.0
16,734,16002743,2.613133091883617,1.2197709255967064
16,735,16002744,1.89023762435168,1.0
16,736,16002745,2.3475611058249455,1.2941206507064014
16,737,16002746,2.080139134664873,1.6212814486900646
16,738,16002747,1.3363171814830406,1.0573697141025538
16,739,16002748,1.712372051952147,1.065270960363896
16,740,16002749,1.3269368538279915,1.3468678670013599
16,741,16002750,2.5995739529274484,1.4051516685934398
16,742,16002751,2.0050672763449673,1.074173921351901
16,743,16002752,1.6771370900687246,1.3479560432231483
16,744,16002753,1.514011294606425,1.112383960326215
16,745,16002754,2.6923337071717057,1.2957987656020118
16,746,16002755,3.1081789911586157,1.1980027322042621
16,747,16002756,1.284961116796077,1.0716779172748343
16,748,16002757,1.4680095363632872,1.3455040191741128
16,749,16002758,1.4994029500006782,1.2991832688998124
16,750,16002759,2.4496620457538754,1.4267925553497545
16,751,16002760,1.7027299734191126,1.1183895334666638
16,752,16002761,2.2820947847954294,1.2825672467899598
16,753,16002762,1.591879263831274,1.1991349296239313
16,754,16002763,2.2387805828218665,1.1487775724603364
16,755,16002764,1.8509279808060017,1.1345613156196148
16,756,16002765,1.2651981728052972,1.0
16,757,16002766,1.4510061422375289,1.2484328150133928
16,758,16002767,1.9067540308520077,1.643095892775738
16,759,16002768,1.8041344090420453,1.221086947029069
16,760,16002769,1.8682598038731282,1.2474802453777571
16,761,16002770,2.5744798666281925,1.5703021317746628
16,762,16002771,2.0565375351454276,1.2819406519971848
16,763,16002772,1.958162932329299,1.191007759443633
16,764,16002773,1.6668943967563625,1.283019575500157
16,765,16002774,1.9390882132912006,1.0610536581549317
16,766,16002775,2.2461121517768623,1.1637160846978891
16,767,16002776,1.6404947685818558,1.3476768691427008
16,768,16002777,1.4133745702957103,1.0
16,769,16002778,2.0053010659361528,1.078098388846029
16,770,16002779,1.7073468114711794,1.131991877911733
16,771,16002780,1.7212300990179603,1.3324739471700955
16,772,16002781,1.5495934559138083,1.1269995063863734
16,773,16002782,1.5631793220014274,1.0
16,774,16002783,2.9846903199304697,1.468729523896207
16,775,16002784,2.3827817013522425,1.4031983019453318
16,776,16002785,1.535765039708399,1.090342741669687
16,777,16002786,2.0334116710908168,1.3924184599073612
16,778,16002787,1.9140237264978193,1.2661122209113467
16,779,16002788,1.6845139564640834,1.2184162406918804
16,780,16002789,1.5025282852734076,1.0928937609245455
16,781,16002790,1.5923882359414514,1.206988205337269
16,782,16002791,2.461687764310623,1.0698569433661989
16,783,16002792,1.5816107697917818,1.0784308951877395
16,784,16002793,1.853494432072058,1.188500755832368
16,785,16002794,1.7158073589849316,1.232132361377176
16,786,16002795,1.9991658101952559,1.349558540828248
16,787,16002796,1.4205094538810923,1.0577140721276512
16,788,16002797,1.8261217366660927,1.6803978394675458
16,789,16002798,1.6885040329990286,1.0
16,790,16002799,1.7919699095565946,1.1483228040924565
16,791,16002800,3.472597812712054,1.4906733718371001
16,792,16002801,1.9051037000201918,1.12579171775997
16,793,16002802,1.7995035740140994,1.393328747596568
16,794,16002803,1.3164161516892559,1.210584967350946
16,795,16002804,1.5180629906729914,1.219637980549055
16,796,16002805,2.2216918015637095,1.2173183840108504
16,797,16002806,1.6988405843257506,1.0115472465079547
16,798,16002807,1.5777063638676663,1.0
16,799,16002808,2.4868452241628183,1.227969458444471
16,800,16002809,1.9306566752243755,1.2847689053567692
16,801,16002810,1.6596192450499023,1.0
16,802,16002811,1.097464548935074,1.0
16,803,16002812,1.4541810920102933,1.2744014864258641
16,804,16002813,1.957600280530769,1.0334377283705236
16,805,16002814,1.3341805735771854,1.1013956284836475
16,806,16002815,2.3848888513109348,1.2182337098837073
16,807,16002816,2.057364730624315,1.2728225205312957
16,808,16002817,2.0115094826505473,1.4817239072574373
16,809,16002818,3.10038160529823,1.5098351493715563
16,810,16002819,2.1239388625907982,1.1477260135668381
16,811,16002820,1.6259771690143916,1.0
16,812,16002821,1.8188673679335698,1.148524608558518
16,813,16002822,1.969805181927956,1.07520264287771
16,814,16002823,1.3284101908293855,1.0160583443398066
16,815,16002824,1.8384246541531082,1.2749613953106733
16,816,16002825,1.7583167578657615,1.2348799184810988
16,817,16002826,2.1074916638317265,1.171026570347921
16,818,16002827,1.998543974465223,1.2974122310496112
16,819,16002828,2.0522495538056975,1.4426298532537902
16,820,16002829,2.4898471637605746,1.2130910376841522
16,821,16002830,3.1630614766109337,1.3216047709236916
16,822,16002831,2.9565879169791796,1.0487596000297852
16,823,16002832,1.6183185296867006,1.016417568133399
16,824,16002833,1.7068889683126067,1.0978334809834729
16,825,16002834,1.794376595028709,1.130911459698026
16,826,16002835,1.6897856258921686,1.4117907754141927
16,827,16002836,1.6374066204843558,1.2758532382799541
16,828,16002837,1.6637980896449933,1.0610105178827147
16,829,16002838,1.7444053788009328,1.2635511860783566
16,830,16002839,1.502423077960371,1.0580935433906329
16,831,16002840,2.0179735742210956,1.2982893327197278
16,832,16002841,1.8880509523632658,1.2202055384463943
16,833,16002842,1.1740347923168197,1.1262139018019193
16,834,16002843,1.8848929524936266,1.0802372153415223
16,835,16002844,1.9644115286853536,1.393034625562102
16,836,16002845,2.649484359107396,1.5257181870759962
16,837,16002846,1.7837295840472918,1.3901544484960688
16,838,16002847,1.875830966897391,1.2420078689179188
16,839,16002848,1.5145673711812606,1.0
16,840,16002849,3.159491621082041,1.1499879858016253
16,841,16002850,1.8678417131741687,1.244642899118794
16,842,16002851,1.7038916157781607,1.219967953404405
16,843,16002852,1.8942325739088273,1.2558894478049965
16,844,16002853,2.3911874805379094,1.5005622167900527
16,845,16002854,2.077373042537687,1.2622289853020703
16,846,16002855,1.8901696817016627,1.2054436688645462
16,847,16002856,2.1075692834366424,1.2309936592834687
16,848,16002857,2.1039065939380333,1.2671327431956663
16,849,16002858,1.9604814836869124,1.4104256690452635
16,850,16002859,2.2079332206066167,1.2458833012511439
16,851,16002860,2.2165549415640284,1.1859946119885112
16,852,16002861,2.59993530899014,1.0024648328254957
16,853,16002862,2.3936642436995674,1.3396952516012286
16,854,16002863,1.7602838402590724,1.08136950753321
16,855,16002864,2.0889826626824908,1.2417894091576165
16,856,16002865,2.9520697377604153,1.4956886074274862
16,857,16002866,1.7791328462944935,1.1876495385965062
16,858,16002867,1.6498659477736313,1.5691867776902646
16,859,16002868,2.988996064088229,1.1799821195724454
16,860,16002869,1.823165687217471,1.3563925250734299
16,861,16002870,1.8931312787801513,1.3117232185188723
16,862,16002871,2.7313450111183935,1.1723348662779582
16,863,16002872,1.7629934019131497,1.006519915364561
16,864,16002873,3.494279289235378,1.208483389460838
16,865,16002874,2.573900499702355,1.195257346507264
16,866,16002875,2.5190479888017476,1.1946211620516918
16,867,16002876,1.4997723052901646,1.1317325445877442
16,868,16002877,1.4243145547633524,1.0631436365872757
16,869,16002878,1.5330187765830248,1.0
16,870,16002879,1.6316383782289923,1.4636565348245232
16,871,16002880,1.6718886977517458,1.2344015333212532
16,872,16002881,2.035282176279431,1.174012696063205
16,873,16002882,1.5509315047141,1.1022109624455527
16,874,16002883,1.4020067007478272,1.143712614787401
16,875,16002884,2.081570812122434,1.0494501905345288
16,876,16002885,1.6465520618658989,1.1276801500109612
16,877,16002886,1.4478358089527539,1.1713399760452468
16,878,16002887,2.5869582198961307,1.2635538243691273
16,879,16002888,1.0714438560124282,1.0882074571402456
16,880,16002889,2.140666629924774,1.1953790585729889
16,881,16002890,2.017776198133324,1.171279819620042
16,882,16002891,1.6520375274028396,1.3367332075316811
16,883,16002892,1.9461433951295637,1.3590804147341613
16,884,16002893,2.171723563968926,1.3092661519259743
16,885,16002894,4.22438645185401,1.2563640069109656
16,886,16002895,1.4246071663921256,1.025334689700864
16,887,16002896,2.4361025692529323,1.4210649628879821
16,888,16002897,1.5444939470762602,1.4885867997422322
16,889,16002898,1.4639099444788206,1.2284426484919881
16,890,16002899,2.0065686365525726,1.0795236335973586
16,891,16002900,1.610639818762244,1.0
16,892,16002901,1.6186573975437162,1.2433463190474465
16,893,16002902,2.2286769650835314,1.2436034824872426
16,894,16002903,1.8243697602165068,1.3970542474509298
16,895,16002904,2.0609221333827175,1.1929199744160874
16,896,16002905,2.118727639636499,1.1811295269572977
16,897,16002906,1.5953710480794443,1.3346550204031795
16,898,16002907,1.5085578886980497,1.0
16,899,16002908,1.6613271740338416,1.0
16,900,16002909,1.750291406063101,1.1222840160802328
16,901,16002910,2.071653553050502,1.0
16,902,16002911,1.9338969831187833,1.3261735599742748
16,903,16002912,1.9443589554044767,1.1572292026097075
16,904,16002913,2.322385022567846,1.1725882772350185
16,905,16002914,1.386754856791561,1.38024730749584
16,906,16002915,1.8115906375502435,1.446438870966781
16,907,16002916,2.1631295247854903,1.04993822859759
16,908,16002917,1.6571927814409282,1.2564395952938634
16,909,16002918,1.711388123174524,1.1159563914832706
16,910,16002919,1.5513984037441975,1.1022028817722669
16,911,16002920,2.2759131575966154,1.4181338754830368
16,912,16002921,2.8118344270249844,1.5717683026842448
16,913,16002922,1.455733866288202,1.0759734166309862
16,914,16002923,1.7089172646542359,1.2088960044519395
16,915,16002924,2.161550255224421,1.4538704964828209
16,916,16002925,2.0483930552762066,1.1550237398778853
16,917,16002926,2.699476420777118,1.356468000446717
16,918,16002927,1.3947014168590965,1.1944798464864232
16,919,16002928,1.5034614499789825,1.1912788576610676
16,920,16002929,2.4853830224450255,1.2619177142835694
16,921,16002930,2.2178002109053825,1.2419948227074111
16,922,16002931,2.9826835496271396,1.2694714116926828
16,923,16002932,1.9985689646452347,1.1696124595086017
16,924,16002933,1.574777427675862,1.2192508629142491
16,925,16002934,3.0608279103758655,1.0594093702000968
16,926,16002935,1.8988633119163876,1.1826104370480655
16,927,16002936,2.3024070792336104,1.3776731094657575
16,928,16002937,2.528682897147201,1.0859906628368998
16,929,16002938,2.061888780947724,1.478375044477218
16,930,16002939,1.6927314517885845,1.1635675028690882
16,931,16002940,1.474656714275818,1.0347485192372514
16,932,16002941,1.9024358011245004,1.4042065898549883
16,933,16002942,1.6514184104181853,1.0
16,934,16002943,1.9756360681141474,1.1690583362102571
16,935,16002944,2.5404563554649338,1.1361774570191316
16,936,16002945,1.526130830364836,1.0
16,937,16002946,1.425431650987634,1.0
16,938,16002947,1.5458835063641578,1.0
16,939,16002948,1.8314914096834625,1.3456082135760976
16,940,16002949,2.2982197384283523,1.4284805116574364
16,941,16002950,2.538132098000846,1.305526174879127
16,942,16002951,1.8409927694150876,1.2466072117272542
16,943,16002952,1.7255107431174985,1.169989181344979
16,944,16002953,1.4570599972152867,1.1826622146028882
16,945,16002954,1.7255789520017142,1.0
16,946,16002955,2.1729305367146057,1.267214098717438
16,947,16002956,1.5301138937878032,1.0856611033504235
16,948,16002957,1.5778054791565626,1.241732040816234
16,949,16002958,1.9770268704961924,1.0815422210454253
16,950,16002959,1.621730237923917,1.3730971274865704
16,951,16002960,1.2345500174227007,1.1807556602441582
16,952,16002961,1.5636664616761164,1.0723979684529783
16,953,16002962,2.382729301692647,1.3422195145734204
16,954,16002963,1.625501358628842,1.288303475141414
16,955,16002964,2.3446526721308882,1.1428987680253255
16,956,16002965,1.7087687351632341,1.1778696206124617
16,957,16002966,1.5253078630933015,1.3478719594145792
16,958,16002967,2.3364087545749173,1.2266126913316935
16,959,16002968,2.0749088166708334,1.3884031195872357
16,960,16002969,1.687144115602276,1.0003287651847266
16,961,16002970,2.389633032159567,1.2962248214249552
16,962,16002971,1.671012700302883,1.0223832543348268
16,963,16002972,1.9360520846857736,1.2707478814174438
16,964,16002973,1.5031605287986447,1.0
16,965,16002974,1.7929657938880919,1.047229299492331
16,966,16002975,1.7053215167921987,1.1615245168765138
16,967,16002976,1.4935462063773601,1.1834160938050458
16,968,16002977,1.5450564916775311,1.1333489830666121
16,969,16002978,1.694106627139305,1.0856333114895809
16,970,16002979,1.8459708188981765,1.4699474689294485
16,971,16002980,1.4077376575024254,1.2653937319980457
16,972,16002981,2.156165864554836,1.2427969938753967
16,973,16002982,1.3116791175570415,1.0589602150390038
16,974,16002983,1.340724521432135,1.0
16,975,16002984,1.7233234953007737,1.5178162057403295
16,976,16002985,1.6809196769519488,1.050811907911733
16,977,16002986,1.7254635507886125,1.1166715882000566
16,978,16002987,2.511315026235921,1.3828565371315276
16,979,16002988,1.4909751630606425,1.004683279186174
16,980,16002989,1.9343036370075095,1.0
16,981,16002990,2.102225038163645,1.3972979206222922
16,982,16002991,1.0755191142102707,1.0
16,983,16002992,1.8828498120675332,1.1416949670098366
16,984,16002993,2.8313700810726776,1.2899029183717294
16,985,16002994,1.5892148714655048,1.0584747236196834
16,986,16002995,2.3766905465079016,1.4948144592115407
16,987,16002996,1.709192572681316,1.1384137245697312
16,988,16002997,1.8805745595417704,1.3134982762456802
16,989,16002998,2.4914186706791788,1.668699132254065
16,990,16002999,2.635390796379072,1.4952867343451108
16,991,16003000,2.337200394560607,1.312956482961913
16,992,16003001,1.928466972569497,1.3352847027710153
16,993,16003002,1.6096806033705162,1.0729190200248948
16,994,16003003,1.769909477755937,1.0637243648701125
16,995,16003004,2.1433366418935043,1.171525608385115
16,996,16003005,1.3347702690034167,1.3903168063565057
16,997,16003006,2.137654206315703,1.1425047710899958
16,998,16003007,2.0037057834490386,1.3190117262587202
16,999,16003008,2.109536175507457,1.6293373498739718
16,1000,16003009,1.7513835304533536,1.2419719170288142
16,1001,16003010,2.422704734471206,1.2192354025551098
16,1002,16003011,2.63670218145116,1.0
16,1003,16003012,1.771380523870119,1.1289151236245967
16,1004,16003013,2.0072289361956104,1.065344041675581
16,1005,16003014,2.515071588712075,1.3030136990803451
16,1006,16003015,2.3707661677183562,1.3864672105203781
16,1007,16003016,1.6467716755926416,1.375753450181282
16,1008,16003017,1.9013072945109821,1.1001166597236784
16,1009,16003018,1.2957851562319531,1.0054106848361277
16,1010,16003019,2.3381542007225864,1.06426785512258
16,1011,16003020,2.660758256008885,1.6994024197964563
16,1012,16003021,2.487061430832058,1.3786857121756526
16,1013,16003022,1.6879926730177681,1.310998869952387
16,1014,16003023,2.2377476237489913,1.1893843470804237
16,1015,16003024,1.6866344464541958,1.0525322428632464
16,1016,16003025,1.7025537302691975,1.0917764533904843
16,1017,16003026,1.6867384498454199,1.100020141921169
16,1018,16003027,1.7028053133238392,1.0
16,1019,16003028,1.911027636283905,1.103873849276623
16,1020,16003029,1.9142901985422565,1.0
16,1021,16003030,2.5146426648306277,1.170722025868791
16,1022,16003031,2.644969662556117,1.2803393784031334
16,1023,16003032,1.3848509120532537,1.11789003382538
16,1024,16003033,2.348151631011104,1.1261151351200278
16,1025,16003034,2.079900935878475,1.26802922074198
16,1026,16003035,5.506825372175547,1.5036467542228364
16,1027,16003036,1.3737335768453967,1.1166808971781739
16,1028,16003037,2.5300825769287294,1.2167154377525229
16,1029,16003038,2.293939139172204,1.3982661660145923
16,1030,16003039,2.1408342396206654,1.4386634717859377
16,1031,16003040,2.100270570078151,1.160370762587611
16,1032,16003041,3.0561145851622364,1.5228111774742343
16,1033,16003042,1.365073393522714,1.0
16,1034,16003043,1.7802434262390419,1.0248861670375486
16,1035,16003044,1.694410930490017,1.1603581803706513
16,1036,16003045,1.9252161481308696,1.0
16,1037,16003046,3.6194075528572185,1.3581609090725004
16,1038,16003047,1.5602113432666427,1.062094600146421
16,1039,16003048,1.7864194770482278,1.2627030181890686
16,1040,16003049,2.3428251925508263,1.3781359129102415
16,1041,16003050,1.8117036766618169,1.129740990802525
16,1042,16003051,2.0599491472184175,1.0050265497829427
16,1043,16003052,1.72864058732073,1.2590660697886957
16,1044,16003053,2.509965711425006,1.0604243929438453
16,1045,16003054,1.5642371544652578,1.1689106076465607
16,1046,16003055,3.3358521884577876,1.7230133985990146
16,1047,16003056,1.103914676670356,1.0
16,1048,16003057,1.7238462068929683,1.0828254481591373
16,1049,16003058,1.7027426617079788,1.3002707246483933
16,1050,16003059,1.9928719099598196,1.1327277676340235
16,1051,16003060,1.8668800682150353,1.010846551556258
16,1052,16003061,1.8528614494948838,1.2636912118849217
16,1053,16003062,1.9263535417455857,1.187334168639034
16,1054,16003063,1.8415597537513717,1.2045740187236695
16,1055,16003064,2.0504423011855755,1.4605754633019545
16,1056,16003065,3.092418620267334,1.0218492744964538
16,1057,16003066,1.68967369982723,1.271353545483873
16,1058,16003067,1.9121355899245895,1.1270819728732413
16,1059,16003068,1.7531339697139383,1.1083043273779682
16,1060,16003069,1.651770592568702,1.3062648251262485
16,1061,16003070,1.5195672319788502,1.4062355684148637
16,1062,16003071,1.7278590076297107,1.0945171300219736
16,1063,16003072,2.009331169590835,1.2757014132000444
16,1064,16003073,1.3475544747120227,1.0821310117238498
16,1065,16003074,1.9487434592639281,1.151756272065729
16,1066,16003075,1.440937066160783,1.0363128625721068
16,1067,16003076,1.771511076904112,1.1622802516092552
16,1068,16003077,1.4619892923235713,1.0
16,1069,16003078,1.6510233483343932,1.1657497268266965
16,1070,16003079,2.233194521514031,1.1598915256707065
16,1071,16003080,2.6050186563646287,1.3020535800750437
16,1072,16003081,1.4783067096555305,1.3734399020781625
16,1073,16003082,1.9936847096349215,1.352374267806841
16,1074,16003083,1.5789456821270567,1.2795826234317738
16,1075,16003084,1.7640041810834368,1.0191548169658189
16,1076,16003085,2.5763195411381035,1.12873156270331
16,1077,16003086,1.9531011087758459,1.440390420811434
16,1078,16003087,3.1349482475334014,1.1168481012927498
16,1079,16003088,2.3668201902422603,1.2192221986427814
16,1080,16003089,1.8041907380265612,1.0
16,1081,16003090,1.9387047137663764,1.3246902866546548
16,1082,16003091,2.7298043022846916,1.5266701543994294
16,1083,16003092,1.3504024874649425,1.0
16,1084,16003093,1.5156903294374993,1.0
16,1085,16003094,1.6275536985475216,1.1842494534543166
16,1086,16003095,1.7108094665787312,1.1954957896544733
16,1087,16003096,2.883758552969331,1.0219665337981554
16,1088,16003097,1.7507159439190947,1.1040899049810053
16,1089,16003098,2.8094051361167147,1.2369617961936272
16,1090,16003099,2.53005168144138,1.1869673448897928
16,1091,16003100,1.8355587639193967,1.330142685970247
16,1092,16003101,2.105310809545455,1.7200017689600398
16,1093,16003102,2.038797360570284,1.5341984422734196
16,1094,16003103,1.8470425182805812,1.2946914836640988
16,1095,16003104,1.8779824919907646,1.0496562360663413
16,1096,16003105,1.9727900803579792,1.2429560280033305
16,1097,16003106,1.5444259060991965,1.0822867316443425
16,1098,16003107,2.448945004160198,1.1538582390260246
16,1099,16003108,1.6299563972386972,1.0
16,1100,16003109,1.9386714039928354,1.027104578099554
16,1101,16003110,3.087171801380824,1.0790127433366208
16,1102,16003111,1.7246837630692962,1.2110186175976307
16,1103,16003112,1.547793751048495,1.0
16,1104,16003113,1.525983762210007,1.1587287634860206
16,1105,16003114,2.372677057660885,1.4468377212934858
16,1106,16003115,2.0859497724914,1.379331496399237
16,1107,16003116,2.042244415239818,1.1607302840892577
16,1108,16003117,3.0612153418875576,1.2538142661469325
16,1109,16003118,2.441541917768699,1.3326837638681763
16,1110,16003119,1.8569025416904283,1.189807853041177
16,1111,16003120,1.7947139049747027,1.1629964832192377
16,1112,16003121,2.441665820241476,1.5072113400575162
16,1113,16003122,1.5973494878965466,1.3609921928969828
16,1114,16003123,1.850788390294639,1.36221435007048
16,1115,16003124,2.7607156711142,1.4542620235305035
16,1116,16003125,1.6957481586001444,1.3356244420913284
16,1117,16003126,2.180078790728871,1.3437542572540997
16,1118,16003127,1.29799597542697,1.1055964691703595
16,1119,16003128,1.6425242121288044,1.0824019162536733
16,1120,16003129,2.515671210293972,1.0143668920691404
16,1121,16003130,2.5501824361481513,1.1096436749071363
16,1122,16003131,1.406618212389084,1.090545587754193
16,1123,16003132,1.7154031664135554,1.0720463583272244
16,1124,16003133,1.4060862445260385,1.0236030497556923
16,1125,16003134,1.7304599348253984,1.2075407719817353
16,1126,16003135,1.5354084355130078,1.2473529776146892
16,1127,16003136,2.32658803759739,1.404076541248579
16,1128,16003137,2.748633352495356,1.3714253476099276
16,1129,16003138,1.6587186836810908,1.302410353806657
16,1130,16003139,1.6354968911663665,1.1884642768653815
16,1131,16003140,1.6261194073906733,1.2678091273249419
16,1132,16003141,2.170311955374054,1.1821473325195913
16,1133,16003142,1.7419267191461514,1.2173550120867707
16,1134,16003143,1.4093715519320666,1.0761783578267823
16,1135,16003144,1.9146400144440172,1.140500133827137
16,1136,16003145,2.5416525556078198,1.1340159624986685
16,1137,16003146,1.1772204615500441,1.0
16,1138,16003147,1.967654732647296,1.2634264797884622
16,1139,16003148,2.422473583738431,1.5565759844674758
16,1140,16003149,1.5731500455190415,1.1712365748884521
16,1141,16003150,1.6489064969850526,1.067050030165392
16,1142,16003151,1.3975174784060622,1.0
16,1143,16003152,2.5859046048459384,1.2118555858990243
16,1144,16003153,1.4282560145504608,1.0957630046971254
16,1145,16003154,1.6031043411288837,1.119544169976995
16,1146,16003155,2.0418342547145745,1.2748974804188915
16,1147,16003156,1.7283565361567932,1.2527131749402487
16,1148,16003157,1.5671943624515943,1.1140584990012616
16,1149,16003158,2.509219047700956,1.408911285346342
16,1150,16003159,1.4764280521258732,1.170171280074297
16,1151,16003160,1.6927536298557044,1.0838848886035566
16,1152,16003161,1.7453374719113242,1.3156168145487661
16,1153,16003162,1.5612997596131877,1.0405426248408756
16,1154,16003163,2.26448132810205,1.1697772882650916
16,1155,16003164,2.802073349610727,1.086645466447592
16,1156,16003165,1.4804725444254552,1.07656446878276
16,1157,16003166,2.469169718594871,1.4172197250603071
16,1158,16003167,1.9084460300977732,1.0799603331627332
16,1159,16003168,1.7703200973769317,1.1119531969770005
16,1160,16003169,1.824407785300019,1.2855972747236637
16,1161,16003170,2.2983692530893123,1.2965727140365293
16,1162,16003171,1.8878277572851443,1.0823013487533673
16,1163,16003172,3.0163671694141723,1.0239241556955339
16,1164,16003173,1.7217995486601572,1.1895703739380632
16,1165,16003174,1.9172338461360463,1.15132644938141
16,1166,16003175,1.4716851813629335,1.0
16,1167,16003176,1.5374622241571199,1.0
16,1168,16003177,1.696423862352242,1.2618338935626945
16,1169,16003178,1.5998413946298522,1.2149034777667274
16,1170,16003179,1.8222402732016088,1.3840200899045647
16,1171,16003180,2.708930671638068,1.3643622169748535
16,1172,16003181,1.6869368819983133,1.1862772178612517
16,1173,16003182,1.9229506056572758,1.2246755852266995
16,1174,16003183,1.4740251440503287,1.0
16,1175,16003184,1.9921202303108876,1.2053834285464322
16,1176,16003185,1.48962737793339,1.269268333706624
16,1177,16003186,2.162490640322115,1.4142775575062967
16,1178,16003187,1.901151125534484,1.305587218836516
16,1179,16003188,1.7101293015865393,1.217760743384397
16,1180,16003189,1.4900500698937478,1.1117203550822206
16,1181,16003190,2.230900368496809,1.1537270284916075
16,1182,16003191,1.6480163169135582,1.2047214241628998
16,1183,16003192,1.8614540453271458,1.1161160665285235
16,1184,16003193,2.0764378441990536,1.2052171388652926
16,1185,16003194,1.3997046047571382,1.1318785980903712
16,1186,16003195,1.471509217803233,1.2302389146986894
16,1187,16003196,2.061252787451567,1.2902216197074707
16,1188,16003197,3.306918393414639,1.0213056048222606
16,1189,16003198,1.7264093761060069,1.0213560301403646
16,1190,16003199,1.538308440790969,1.0854534632716204
16,1191,16003200,3.2242667330142543,1.2723997861789256
16,1192,16003201,2.1269157794564895,1.375608484076482
16,1193,16003202,1.8893453850055664,1.1991866879602584
16,1194,16003203,1.5909508308719236,1.0
16,1195,16003204,1.8859040586020377,1.0959192760422027
16,1196,16003205,2.210573410696642,1.2798269359415937
16,1197,16003206,1.9722312427016508,1.1762434241643254
16,1198,16003207,1.4913577251250558,1.2058303268521173
16,1199,16003208,1.9118927022483319,1.3125178083914049
16,1200,16003209,1.3773596426866572,1.0667142429711358
16,1201,16003210,1.8403674093900515,1.1501152475707088
16,1202,16003211,1.6129115560608305,1.3563001293586923
16,1203,16003212,3.3907868820064406,1.38809891095929
16,1204,16003213,2.1099265959320537,1.432862843991231
16,1205,16003214,1.9649572596522098,1.0098557138521167
16,1206,16003215,1.7394079653052568,1.010622636338541
16,1207,16003216,1.8188102067599847,1.378202081020127
16,1208,16003217,1.8173691296300625,1.0096863673022312
16,1209,16003218,2.5042728436273056,1.0
16,1210,16003219,1.5525775813289013,1.0
16,1211,16003220,1.3608334459145845,1.0730307059679651
16,1212,16003221,1.8128984916132187,1.0
16,1213,16003222,1.537941720201458,1.1957949552991982
16,1214,16003223,1.314965625768572,1.0
16,1215,16003224,1.6537181884878742,1.0943237145820228
16,1216,16003225,2.061100908434225,1.0414857604352994
16,1217,16003226,2.6925100487369527,1.179281414665594
16,1218,16003227,2.69938805150987,1.3767774106114774
16,1219,16003228,2.50763756541965,1.1086639790764088
16,1220,16003229,1.7720454927181213,1.2634366191035595
16,1221,16003230,1.7199891592878562,1.3379696119008024
16,1222,16003231,1.1489200275432674,1.1187244806922443
16,1223,16003232,1.883444203156772,1.1949312467164004
16,1224,16003233,1.9350639576442528,1.1913141345741338
16,1225,16003234,2.021940991906161,1.469484971596875
16,1226,16003235,1.7351324294293384,1.2140991367598304
16,1227,16003236,1.1214505627977274,1.0
16,1228,16003237,1.7068694921708392,1.1655617813281884
16,1229,16003238,1.9875297904921279,1.1482277045515739
16,1230,16003239,1.7072421082758429,1.0696676048888867
16,1231,16003240,2.762320358135877,1.093188084897344
16,1232,16003241,1.9769042598617317,1.0663877610707182
16,1233,16003242,2.382112790684691,1.2554466065028291
16,1234,16003243,1.626201336619353,1.0
16,1235,16003244,1.8236564274133327,1.0
16,1236,16003245,1.7898346542369337,1.0128898730626275
16,1237,16003246,1.533698131815303,1.1467425687525732
16,1238,16003247,1.5253862875661603,1.0
16,1239,16003248,1.287160928497978,1.2367214006669052
16,1240,16003249,1.3450107988614957,1.399631910075783
16,1241,16003250,1.689979345859093,1.0
16,1242,16003251,1.7751232398497774,1.2211249926005505
16,1243,16003252,1.4638397004853676,1.0
16,1244,16003253,1.4763471001845012,1.145964544105246
16,1245,16003254,1.3876728381998307,1.325872920245189
16,1246,16003255,1.8191919719961818,1.3125242048848706
16,1247,16003256,1.5546494880547117,1.0478380012906339
16,1248,16003257,1.3019662486019772,1.0436949957390964
16,1249,16003258,1.5255382256356003,1.0
16,1250,16003259,2.0070420960787474,1.1972544047078821
16,1251,16003260,2.7115552644880565,1.3587770008288453
16,1252,16003261,1.629696845385035,1.3557730783888686
16,1253,16003262,1.4668647813934697,1.0
16,1254,16003263,3.139045060332759,1.3560510956368401
16,1255,16003264,1.9963578820826453,1.4366447850324933
16,1256,16003265,1.6283418602760278,1.3049320662855155
16,1257,16003266,1.8355762197122312,1.0
16,1258,16003267,1.6449427113830164,1.4106752929645967
16,1259,16003268,2.450273107079366,1.335925909327012
16,1260,16003269,1.8119817814292714,1.259045376552653
16,1261,16003270,1.7570172483499074,1.0141830033854782
16,1262,16003271,1.8812880980452793,1.2558207348884662
16,1263,16003272,1.4670165696162618,1.1250799634746056
16,1264,16003273,1.5191876398782767,1.0
16,1265,16003274,1.4067358849856895,1.2858622840161797
16,1266,16003275,2.850650810332906,1.2281833781360487
16,1267,16003276,1.7846195122623885,1.2110017959606167
16,1268,16003277,2.114672897255656,1.1223012153593428
16,1269,16003278,2.0458049242252203,1.2477386289660735
16,1270,16003279,1.6576646050445247,1.2673751610593929
16,1271,16003280,1.9421274539371767,1.1664297881747954
16,1272,16003281,1.9626430429309172,1.0837201891952628
16,1273,16003282,2.2872364971701997,1.2947970710638854
16,1274,16003283,1.654567763473313,1.2179163684670908
16,1275,16003284,2.1425735731629363,1.448293535112918
16,1276,16003285,1.6502814456676034,1.2045688025168932
16,1277,16003286,1.660368362013807,1.2739905414733121
16,1278,16003287,1.8138419819820528,1.22518329884698
16,1279,16003288,2.184985359241697,1.2223800703107035
16,1280,16003289,2.2099163984610377,1.1141836606781306
16,1281,16003290,1.925708550723223,1.1490510406243484
16,1282,16003291,1.5896555232945628,1.0
16,1283,16003292,1.5753947976606817,1.0826383156724373
16,1284,16003293,1.5577469266296111,1.1334308532724313
16,1285,16003294,2.3095695660546003,1.3095024192049636
16,1286,16003295,2.165021349558232,1.5036914191456354
16,1287,16003296,1.93497105606209,1.37860489834573
16,1288,16003297,1.6210343678098378,1.3053165082734866
16,1289,16003298,3.0773682662374897,1.3534986427533733
16,1290,16003299,1.2487852288490628,1.0618401337934913
16,1291,16003300,1.496333905173661,1.0
16,1292,16003301,2.094566612137456,1.0457898024168835
16,1293,16003302,2.408424660330071,1.1189467108078996
16,1294,16003303,1.8353813746855867,1.0
16,1295,16003304,2.058540676261647,1.3672268842509752
16,1296,16003305,2.3752454332380557,1.2578122894840098
16,1297,16003306,1.3930838575616347,1.3129115930256599
16,1298,16003307,2.200329019129295,1.1733069726745908
16,1299,16003308,2.1529780990500083,1.2948409963573575
16,1300,16003309,1.7833431224618452,1.239018618816939
16,1301,16003310,1.5082128557738765,1.2399018100790897
16,1302,16003311,1.2911462073035145,1.0
16,1303,16003312,2.778094795305793,1.2734034749308474
16,1304,16003313,1.849350236589259,1.2295135751959065
16,1305,16003314,1.7854397323687792,1.2439862186362185
16,1306,16003315,1.6518188399736384,1.2153456114674146
16,1307,16003316,1.9760515849569849,1.160018628403007
16,1308,16003317,1.166086078773114,1.0839969914868661
16,1309,16003318,1.5690632388938914,1.0890988634457037
16,1310,16003319,1.6699609870335879,1.1994952256906533
16,1311,16003320,1.4821643296074656,1.0506816824144787
16,1312,16003321,1.7177264193105148,1.3119341877343162
16,1313,16003322,1.582433229379907,1.2600791963519222
16,1314,16003323,1.9181745458426729,1.216272815201362
16,1315,16003324,1.91688166246281,1.2584678009254304
16,1316,16003325,1.631151353990966,1.0405640459247922
16,1317,16003326,2.5588169819473845,1.0
16,1318,16003327,1.883756026920642,1.0245282416022266
16,1319,16003328,1.2345313507494082,1.0
16,1320,16003329,1.8465136588025999,1.1110705430917183
16,1321,16003330,1.2772890911334254,1.0
16,1322,16003331,1.7909662074958612,1.0731071898946372
16,1323,16003332,3.0083261537322348,1.0990976598837672
16,1324,16003333,1.7056672830323198,1.061439244003788
16,1325,16003334,2.067044941014085,1.1398889449768022
16,1326,16003335,2.2049252626631066,1.237271841541102
16,1327,16003336,1.6368091696960367,1.2656877220747011
16,1328,16003337,2.5740604263749254,1.3325288474024308
16,1329,16003338,1.7925228036939336,1.3921863111594874
16,1330,16003339,2.1438824367654656,1.2348187845642857
16,1331,16003340,2.033086325165081,1.429438354631559
16,1332,16003341,2.0576821265897625,1.1561775143261888
16,1333,16003342,1.290433547619887,1.0
16,1334,16003343,1.6394484800928166,1.0584433580064356
16,1335,16003344,2.78576915099146,1.4054128313402894
16,1336,16003345,2.0399218176591756,1.1045088991166079
16,1337,16003346,1.8157580070842327,1.2622733578236713
16,1338,16003347,2.2492543885075276,1.1645915767939385
16,1339,16003348,2.035781914282837,1.4092102181928434
16,1340,16003349,1.2666698376672691,1.0066559752503446
16,1341,16003350,2.1599991566675043,1.4121301413056966
16,1342,16003351,2.0455747058609073,1.0700458369948123
16,1343,16003352,2.407383651537035,1.6200778689984205
16,1344,16003353,2.537788059332311,1.3850919165239644
16,1345,16003354,2.549642670459971,1.2089443142295149
16,1346,16003355,1.7703334361866996,1.1463359197789875
16,1347,16003356,1.5897265589934788,1.2154403896718018
16,1348,16003357,1.7789411147373366,1.1625622319752067
16,1349,16003358,1.8407997476382014,1.3694227252156086
16,1350,16003359,3.513081189993659,1.0376752975387067
16,1351,16003360,1.6381259995145898,1.1131800654491297
16,1352,16003361,2.1023017545356373,1.059356892547409
16,1353,16003362,1.7467784825144126,1.0555380172786628
16,1354,16003363,1.442543920894919,1.1272844303207374
16,1355,16003364,2.6178544769115653,1.386615722572922
16,1356,16003365,2.2071699235477515,1.3310441929613215
16,1357,16003366,1.5393408052908855,1.0451151175310054
16,1358,16003367,1.611291578882107,1.0847210628052804
16,1359,16003368,2.6221504551242156,1.2378802680260073
16,1360,16003369,1.6941677516287932,1.4212147953528507
16,1361,16003370,2.729676506080009,1.2512409239847835
16,1362,16003371,1.7840013614243608,1.0
16,1363,16003372,1.6467125122456654,1.1926149702068172
16,1364,16003373,1.4506390409708223,1.289353028959143
16,1365,16003374,1.6832669446701973,1.0
16,1366,16003375,1.8353097422126177,1.3813965438788596
16,1367,16003376,1.5639340880198431,1.4528530294632818
16,1368,16003377,1.882957770669097,1.325877475477144
16,1369,16003378,2.375071548009566,1.0236533014666465
16,1370,16003379,2.1365733007681316,1.1882424439756023
16,1371,16003380,1.8285766041884548,1.253141967745937
16,1372,16003381,1.66239947776826,1.3087126507922082
16,1373,16003382,2.2331714642728056,1.275767609479512
16,1374,16003383,1.732413620901359,1.2358800460453636
16,1375,16003384,1.8911952264664638,1.0
16,1376,16003385,1.4819931837545837,1.2308373242808834
16,1377,16003386,1.7454021076231139,1.2552304221766375
16,1378,16003387,1.6381419543642146,1.1933095515033256
16,1379,16003388,1.0614001457421844,1.0
16,1380,16003389,2.0625685710200954,1.1100193138067618
16,1381,16003390,1.9624336160066889,1.0927695810864926
16,1382,16003391,2.7480562807801587,1.137690333717979
16,1383,16003392,1.445425584783003,1.0909529834192095
16,1384,16003393,1.2986097498241997,1.1765622917802478
16,1385,16003394,1.7964454011604944,1.4376832627780936
16,1386,16003395,1.6216523730434904,1.2028307253463408
16,1387,16003396,2.2050622150910564,1.3319877777247822
16,1388,16003397,1.4118239442168325,1.0
16,1389,16003398,1.5243077091040107,1.0
16,1390,16003399,2.1308584209897785,1.3577553383932284
16,1391,16003400,1.8203226260934249,1.230736020292658
16,1392,16003401,2.7429787797214766,1.1788609360673719
16,1393,16003402,1.822221261846823,1.0150182662186504
16,1394,16003403,2.147714546264256,1.309139022367267
16,1395,16003404,1.765437990724324,1.2779830935220589
16,1396,16003405,2.2415978141734283,1.0970540827369815
16,1397,16003406,2.4005070790996843,1.3867271456581427
16,1398,16003407,1.883698246881598,1.0534925091095062
16,1399,16003408,2.2399763290132326,1.0
16,1400,16003409,2.3113501735901902,1.685981624842295
16,1401,16003410,2.0815948040296823,1.1339503031967628
16,1402,16003411,3.1811666432270336,1.1921569677894588
16,1403,16003412,1.2980688465277352,1.0
16,1404,16003413,2.0272038734825357,1.2394394709235075
16,1405,16003414,1.1192814946660545,1.0091798230966458
16,1406,16003415,1.464739959765937,1.0
16,1407,16003416,2.1410301989849883,1.2615763031953942
16,1408,16003417,1.981972666203504,1.3545105967913142
16,1409,16003418,1.6900759844194546,1.197734652497664
16,1410,16003419,1.9659362147427495,1.1763204241321583
16,1411,16003420,1.7502954823453156,1.1755389858668388
16,1412,16003421,2.010145421152118,1.5322769517098642
16,1413,16003422,2.06428052418208,1.3800049425764707
16,1414,16003423,2.0936850170575556,1.2061807356299388
16,1415,16003424,1.6420813401582688,1.2663035279073709
16,1416,16003425,2.5155505269303893,1.3412255489441185
16,1417,16003426,1.9913794174958914,1.5260508425584025
16,1418,16003427,1.649617990422541,1.1945023156524657
16,1419,16003428,1.3956102047380639,1.0
16,1420,16003429,1.1916684795071413,1.0
16,1421,16003430,1.697726956916986,1.2007138760719434
16,1422,16003431,1.5875376635797953,1.5181037063871907
16,1423,16003432,1.6421900591133236,1.6002798219234156
16,1424,16003433,1.3034520708951582,1.0
16,1425,16003434,1.6492833592669511,1.1498307047350056
16,1426,16003435,2.590661939136489,1.196484887486319
16,1427,16003436,1.6716619258465653,1.0
16,1428,16003437,1.8184582578897506,1.466483788367722
16,1429,16003438,1.5732727282166263,1.3529240310251398
16,1430,16003439,1.3055396334561093,1.2470840484703591
16,1431,16003440,2.3568326744738224,1.4441367028454917
16,1432,16003441,1.2564251042393058,1.0
16,1433,16003442,2.3442054636792857,1.1889331217617372
16,1434,16003443,1.8427550293405492,1.1428896492057599
16,1435,16003444,1.5177098539333944,1.1206968088865439
16,1436,16003445,1.4805579683734758,1.2481967430084044
16,1437,16003446,2.689160274665186,1.1342913514315858
16,1438,16003447,2.361542511746196,1.444942478224736
16,1439,16003448,2.042848553463049,1.2669447722454994
16,1440,16003449,1.6494444339376748,1.024945442254781
16,1441,16003450,1.3713278890901313,1.017852215696042
16,1442,16003451,1.9766249138513785,1.006640791712668
16,1443,16003452,1.50691577463522,1.0
16,1444,16003453,2.1431535629275706,1.3203022863904537
16,1445,16003454,1.5286449478417994,1.0245160491622878
16,1446,16003455,2.0475251319115446,1.6940160895449299
16,1447,16003456,1.6579944600460943,1.1602703730705644
16,1448,16003457,1.8492857808748422,1.3153925546954037
16,1449,16003458,1.94804730358851,1.6767148489354218
16,1450,16003459,2.8158523160029696,1.5225530353623093
16,1451,16003460,1.8192064367193241,1.0
16,1452,16003461,1.833871788893839,1.2504468944326084
16,1453,16003462,3.4702573915527077,1.3261265001824887
16,1454,16003463,1.7384062817038992,1.3151190376156967
16,1455,16003464,1.648213262482601,1.1825376955624134
16,1456,16003465,2.0722701432688804,1.1615430501881063
16,1457,16003466,2.3259230686123598,1.0944597529669626
16,1458,16003467,1.631741410328556,1.1811431648167772
16,1459,16003468,1.9858757786544565,1.336322437420803
16,1460,16003469,2.1585217518286264,1.2991129482418566
16,1461,16003470,3.04162055051336,1.2551980791201303
16,1462,16003471,1.818060304931462,1.1603712594895492
16,1463,16003472,1.9478599829869958,1.1076298018262452
16,1464,16003473,1.9542469370132325,1.388641624436013
16,1465,16003474,2.3325819732251274,1.3190436449807157
16,1466,16003475,3.0736022928765396,1.2122676226188394
16,1467,16003476,1.762870939340271,1.0266385419134045
16,1468,16003477,1.564195588614668,1.4319026225415217
16,1469,16003478,1.9161307265319252,1.361271198442189
16,1470,16003479,3.0468850420678817,1.1959570409935636
16,1471,16003480,1.2804307460016355,1.0
16,1472,16003481,1.4889955663631202,1.0
16,1473,16003482,1.8059717969675106,1.2396436983420007
16,1474,16003483,2.7365361615729564,1.095334727123018
16,1475,16003484,2.013272912833925,1.4378430542622649
16,1476,16003485,2.0431306830124285,1.416847942242461
16,1477,16003486,2.168352880119276,1.5453404919210738
16,1478,16003487,1.9063680502514257,1.110370975430302
16,1479,16003488,1.663392757739302,1.3321902455418395
16,1480,16003489,2.0608812256642137,1.3190489612205483
16,1481,16003490,1.9582020860302891,1.108627988231901
16,1482,16003491,2.070997338814813,1.5252336032189358
16,1483,16003492,1.6541032299606622,1.0
16,1484,16003493,2.8794560187898006,1.3481226990534565
16,1485,16003494,1.7003270387948788,1.0
16,1486,16003495,1.6970547617511529,1.42434017670574
16,1487,16003496,2.456130032829148,1.3530183355084744
16,1488,16003497,1.699165044249174,1.2226904042319293
16,1489,16003498,1.4677405270566022,1.2667473080121878
16,1490,16003499,2.147466073075867,1.1723245915224925
16,1491,16003500,2.2762841745766087,1.0944538270571944
16,1492,16003501,3.9009946236459436,1.3324501978824497
16,1493,16003502,1.4595423348418735,1.1334322654543056
16,1494,16003503,1.9889321767510129,1.1907778782534129
16,1495,16003504,3.1562270039150557,1.4259409116638269
16,1496,16003505,1.3677754920346903,1.237808440877869
16,1497,16003506,1.631538460288846,1.3505215533118506
16,1498,16003507,1.258544559038622,1.0
16,1499,16003508,2.386551441401249,1.2418212353521985
16,1500,16003509,1.9499357146549272,1.1347246704522354
16,1501,16003510,1.6374375176514215,1.106686375375589
16,1502,16003511,1.6077766095819763,1.4105089525791386
16,1503,16003512,2.484135266843326,1.191245918744672
16,1504,16003513,2.2708357677017053,1.481885140449858
16,1505,16003514,1.3686795953305635,1.0147937180721267
16,1506,16003515,1.7474000877874463,1.4432117524893602
16,1507,16003516,1.378132433959713,1.2480944186170069
16,1508,16003517,1.870160530941732,1.2199082448605019
16,1509,16003518,2.0373798053599015,1.1651796394399914
16,1510,16003519,1.5512010872541426,1.0
16,1511,16003520,2.367202253669604,1.1203479012140733
16,1512,16003521,1.811277485970928,1.0279485403628228
16,1513,16003522,1.4848163393453104,1.3878146263421511
16,1514,16003523,2.1621323724580317,1.0560834752279462
16,1515,16003524,1.8345242312499508,1.2296028349814276
16,1516,16003525,1.4339777270132588,1.1584213136122068
16,1517,16003526,2.0297202921169655,1.1872477754779318
16,1518,16003527,1.6060177892317624,1.1842695568853914
16,1519,16003528,1.7445542264774498,1.2099284238185972
16,1520,16003529,1.4477549336647342,1.2246495619479878
16,1521,16003530,1.4109088551604918,1.1929399455076979
16,1522,16003531,1.5280506570554506,1.2568811633219439
16,1523,16003532,1.3647522412638147,1.0
16,1524,16003533,2.1940337209239638,1.236275287587463
16,1525,16003534,2.7839494488984555,1.2136621845115887
16,1526,16003535,3.0646243806074764,1.2018639650282847
16,1527,16003536,2.2151702865157405,1.0976868317027897
16,1528,16003537,1.4755670586218277,1.14385414928507
16,1529,16003538,2.42037544071264,1.1100542004470262
16,1530,16003539,1.3982566328946648,1.0201590128467124
16,1531,16003540,2.349085829951941,1.4498106176068177
16,1532,16003541,1.5962514795717113,1.3942320460803495
16,1533,16003542,1.4683423970809228,1.2764690220502866
16,1534,16003543,1.5498766355435953,1.2890252310362054
16,1535,16003544,2.9051078611773864,1.2694098569526917
16,1536,16003545,1.340480968892093,1.0959979505389423
16,1537,16003546,2.317134626592524,1.5482574917141205
16,1538,16003547,1.259613809320119,1.0095801845056394
16,1539,16003548,1.8039439176384646,1.2012849804667391
16,1540,16003549,1.5771932750589475,1.0
16,1541,16003550,1.6709329488307583,1.0520003156441355
16,1542,16003551,2.084710122558949,1.3333357361592981
16,1543,16003552,1.3393051375572333,1.2235884336619829
16,1544,16003553,2.40587168439272,1.1339306299328924
16,1545,16003554,3.027329122803539,1.1678156035919938
16,1546,16003555,1.4509712937958021,1.4665719531368893
16,1547,16003556,1.482591237297433,1.0177780351607373
16,1548,16003557,1.8881347568747706,1.2223727876548354
16,1549,16003558,1.6390621957010272,1.0676446117526774
16,1550,16003559,1.6791429352006657,1.0
16,1551,16003560,1.799272884427322,1.3838111291521806
16,1552,16003561,2.2209816097438853,1.0
16,1553,16003562,1.3661817029131957,1.1312179428246376
16,1554,16003563,2.1374152041518752,1.2806025533407128
16,1555,16003564,2.609868122746873,1.3787862088768303
16,1556,16003565,1.6417848098917902,1.2393853866373652
16,1557,16003566,1.7155354034322117,1.0014300370833873
16,1558,16003567,1.3763803578145197,1.382619547318564
16,1559,16003568,1.3929691464515448,1.0913620202119492
16,1560,16003569,1.3458950104917218,1.2115007868012195
16,1561,16003570,1.531409283358333,1.2094226368036862
16,1562,16003571,1.3935759651492858,1.1339449117080964
16,1563,16003572,1.9262135273290086,1.0599788634585436
16,1564,16003573,1.7939589749979727,1.262488743384254
16,1565,16003574,2.1096253137439955,1.2017329742972462
16,1566,16003575,1.3493286634830628,1.0840921396733418
16,1567,16003576,2.6210149848436557,1.4492699615052722
16,1568,16003577,1.6473152535897673,1.1727784948682938
16,1569,16003578,2.116881354344069,1.0
16,1570,16003579,2.9009201701881464,1.16090833709383
16,1571,16003580,2.6792918449839696,1.4773872651196982
16,1572,16003581,2.4972484284358125,1.4235086029521653
16,1573,16003582,2.337698593558269,1.4079475713098928
16,1574,16003583,2.1742094162811543,1.1469898807836734
16,1575,16003584,1.839363467270767,1.2465584298107026
16,1576,16003585,1.8336720191956368,1.2574058707584188
16,1577,16003586,1.7949875324293074,1.0
16,1578,16003587,1.8107159207255894,1.1673193659010492
16,1579,16003588,1.9795498455284695,1.5840775034030798
16,1580,16003589,1.4796783164617773,1.1635531488901514
16,1581,16003590,1.5813376347452939,1.1693959542786738
16,1582,16003591,2.343034567555774,1.4428817927267745
16,1583,16003592,1.646037376811785,1.148019954472169
16,1584,16003593,1.8161333920188096,1.2984742474050308
16,1585,16003594,2.839068640592196,1.075908707255478
16,1586,16003595,2.216209734763485,1.342324938437928
16,1587,16003596,1.7815605923305091,1.2764123750703236
16,1588,16003597,2.48013312580658,1.3857128984182367
16,1589,16003598,1.4343483505535461,1.0
16,1590,16003599,1.8874524894102467,1.4056169721175709
16,1591,16003600,1.712338157102996,1.581213185294098
16,1592,16003601,1.839198636033131,1.0
16,1593,16003602,1.5643033249371652,1.03662887419954
16,1594,16003603,2.0605885226002236,1.1661593435707929
16,1595,16003604,1.2569257209269933,1.0
16,1596,16003605,2.1170805818133243,1.286488589219521
16,1597,16003606,2.0031170793556616,1.2178436173368576
16,1598,16003607,1.6151129150057593,1.3097508630668382
16,1599,16003608,3.0834733712866624,1.368069105186659
16,1600,16003609,1.4080026136980721,1.0425496288011964
16,1601,16003610,2.1117695297187202,1.1880255663782253
16,1602,16003611,2.526239282813767,1.0594362048238064
16,1603,16003612,2.0495352748895237,1.0169378762018462
16,1604,16003613,2.6021149144150137,1.154243637717786
16,1605,16003614,1.6714455466333764,1.2671380528753384
16,1606,16003615,1.3232416758211192,1.0
16,1607,16003616,1.7790673071960372,1.3651192275766155
16,1608,16003617,1.6659156395201475,1.0826934198341314
16,1609,16003618,2.02086546168551,1.266558436200214
16,1610,16003619,1.620583552418576,1.1573902637318685
16,1611,16003620,1.8104866808828846,1.1478799910191122
16,1612,16003621,1.6989855206265685,1.0113253705200043
16,1613,16003622,2.2466379994169796,1.4498262553944972
16,1614,16003623,2.5954938989716223,1.284360234577157
16,1615,16003624,1.913178704449618,1.2598923131059605
16,1616,16003625,2.6319461189117948,1.1874095801599232
16,1617,16003626,2.6647992854702904,1.3049310590792218
16,1618,16003627,1.8830582335941413,1.2926358411868828
16,1619,16003628,1.323803818318756,1.0
16,1620,16003629,1.876618022855311,1.1500770583974516
16,1621,16003630,2.086781006786053,1.0606406114913107
16,1622,16003631,1.4366170041034525,1.1184744761546548
16,1623,16003632,2.340977426103678,1.3000477893879283
16,1624,16003633,2.1064135953364547,1.0391680401201238
16,1625,16003634,1.4929109476290385,1.4952853670752102
16,1626,16003635,1.4133455522084402,1.099993277937972
16,1627,16003636,3.1173065606390753,1.4759943884344426
16,1628,16003637,2.372992313805558,1.3883588542421728
16,1629,16003638,3.513711787165357,1.0957554034609307
16,1630,16003639,2.1581374255553762,1.1180221847372118
16,1631,16003640,1.76806294141692,1.1834304823797608
16,1632,16003641,1.756706882691815,1.3428110439867358
16,1633,16003642,1.492157296568381,1.1280126459199757
16,1634,16003643,1.8182799798210016,1.2314738221081805
16,1635,16003644,2.137537246164551,1.2636931183693991
16,1636,16003645,1.2708439882966425,1.0
16,1637,16003646,2.1602003480943948,1.2645077149772435
16,1638,16003647,1.4322491178559709,1.0351854729306076
16,1639,16003648,2.3488892087332114,1.0
16,1640,16003649,1.9382375303881088,1.2669346531297851
16,1641,16003650,1.8849542314195051,1.0935574644766113
16,1642,16003651,2.0998064704360906,1.51513766182831
16,1643,16003652,2.4082975771566333,1.0703497416899295
16,1644,16003653,2.641948303445316,1.1496492704494592
16,1645,16003654,2.3898873410012,1.2465586209349804
16,1646,16003655,1.9627561103605495,1.2137816870380764
16,1647,16003656,1.6344577775079339,1.0
16,1648,16003657,1.6413599216380395,1.042909045566872
16,1649,16003658,2.119914120280328,1.5961804026957684
16,1650,16003659,2.0526292572219758,1.069654365339718
16,1651,16003660,2.2701247037435848,1.2416645990481745
16,1652,16003661,1.6226064453078155,1.4698638609773407
16,1653,16003662,1.9347468296260542,1.0367711684373708
16,1654,16003663,1.6778358742634996,1.0758978986516154
16,1655,16003664,2.569495805586557,1.3797518508987212
16,1656,16003665,2.12511214114467,1.228443967662928
16,1657,16003666,2.021309797217713,1.0746353543227447
16,1658,16003667,1.246055883454028,1.0
16,1659,16003668,2.094121384283497,1.1753662771211184
16,1660,16003669,1.5224358814143637,1.0475153362643708
16,1661,16003670,1.5377653941161802,1.2117661961193635
16,1662,16003671,1.8377337485000973,1.1360230995829557
16,1663,16003672,2.4719121463316114,1.253467264998345
16,1664,16003673,2.5864196111281506,1.0976371167418948
16,1665,16003674,3.662525414578188,1.4074788438253203
16,1666,16003675,2.661505648865059,1.3991482233377244
16,1667,16003676,1.7355642167597038,1.0
16,1668,16003677,1.5539236175038147,1.1740584259188895
16,1669,16003678,1.6328088989137441,1.0659743200932927
16,1670,16003679,2.721419485520651,1.2730933909229953
16,1671,16003680,1.8292843591892465,1.0147680070513547
16,1672,16003681,1.616143903209965,1.2786305380823406
16,1673,16003682,4.632384716892409,1.6256897700274322
16,1674,16003683,1.6710735933860617,1.0
16,1675,16003684,1.8864117894079462,1.4380671885784633
16,1676,16003685,1.7432904884892957,1.3912166536006425
16,1677,16003686,1.783031893181973,1.2187806962688874
16,1678,16003687,2.0189153835610707,1.3209352604891602
16,1679,16003688,1.9617804511456327,1.2286731548719632
16,1680,16003689,1.9720380073986505,1.1357944463129086
16,1681,16003690,1.8017097663561468,1.086728351475917
16,1682,16003691,1.7737960840941693,1.0766929293891192
16,1683,16003692,1.8734798947591638,1.0892027802406619
16,1684,16003693,1.9956350863816033,1.3550553691924259
16,1685,16003694,1.5926995614178536,1.1277870310524492
16,1686,16003695,1.4678019157717737,1.0
16,1687,16003696,3.714916154756738,1.6220450393318757
16,1688,16003697,1.9296136404099289,1.1291207319426935
16,1689,16003698,1.6731116214960753,1.0933039954792432
16,1690,16003699,2.1778555937632156,1.2001422001847193
16,1691,16003700,1.9822002266191163,1.2514387513168739
16,1692,16003701,1.9146164753585166,1.1973727086283052
16,1693,16003702,1.8288740899290195,1.098784912457255
16,1694,16003703,2.439705589839942,1.2813660866868928
16,1695,16003704,1.2609290444059276,1.0
16,1696,16003705,1.6100143384316985,1.0
16,1697,16003706,2.220250677918691,1.5159590560132394
16,1698,16003707,1.5192159591219798,1.0660179318896208
16,1699,16003708,1.4133468120060553,1.0215136435144716
16,1700,16003709,1.8571588824463905,1.4543338824497631
16,1701,16003710,1.8185988977001153,1.2130101365586625
16,1702,16003711,1.8609711907904634,1.4465152917485582
16,1703,16003712,1.6690144107449678,1.0148492357283396
16,1704,16003713,1.8904764069130577,1.3993968592612334
16,1705,16003714,1.6151998877964973,1.3684431717782244
16,1706,16003715,3.227380497304802,1.1738240675186193
16,1707,16003716,1.8114883339306074,1.129179863867525
16,1708,16003717,1.7057426585017117,1.0
16,1709,16003718,1.892524616617727,1.0
16,1710,16003719,1.98429594753041,1.4027663191475246
16,1711,16003720,1.4903876327455299,1.0
16,1712,16003721,2.221642489026162,1.3884334886645784
16,1713,16003722,2.288612345452112,1.3875346704972449
16,1714,16003723,1.7900423325794457,1.0
16,1715,16003724,1.7856110423720293,1.0
16,1716,16003725,1.7846658455325963,1.223314757895641
16,1717,16003726,1.4258161333459394,1.0
16,1718,16003727,1.8444661229203403,1.1344891762078484
16,1719,16003728,2.399600347612872,1.1572464240696236
16,1720,16003729,1.6106991564420896,1.0
16,1721,16003730,1.3228089472960005,1.2426018781863615
16,1722,16003731,1.6243868513060746,1.7432615622471324
16,1723,16003732,1.647467132660246,1.2444525291606192
16,1724,16003733,1.4785415233472188,1.0950971372113316
16,1725,16003734,2.0569309738871833,1.3217414997364236
16,1726,16003735,2.987117259082424,1.3844313634803744
16,1727,16003736,1.6774477126848264,1.2315470018150392
16,1728,16003737,2.752563887694786,1.3975712084515495
16,1729,16003738,1.7070019833395969,1.0682477441858502
16,1730,16003739,1.7040392560790032,1.0515322432320227
16,1731,16003740,2.365719701668629,1.0757276554388562
16,1732,16003741,1.676738132004575,1.1023410523105206
16,1733,16003742,1.8476663770013673,1.0
16,1734,16003743,1.764455445838603,1.156139233447982
16,1735,16003744,2.8140355026078003,1.4036834306131654
16,1736,16003745,1.8303332511178019,1.2085879483978235
16,1737,16003746,1.5301329132177668,1.1734846940791326
16,1738,16003747,2.0725960362448457,1.2026428592405902
16,1739,16003748,1.46872787873925,1.1981453563324647
16,1740,16003749,1.8745607940236149,1.2904094219466864
16,1741,16003750,1.6515754811611358,1.416492750841735
16,1742,16003751,2.1500407785634255,1.0
16,1743,16003752,2.8665045430864486,1.5363527739586154
16,1744,16003753,1.8603002332628658,1.299675564483487
16,1745,16003754,1.555671449052795,1.0091961462077383
16,1746,16003755,1.434253290098152,1.0
16,1747,16003756,1.5243418739217327,1.3741736419144261
16,1748,16003757,3.0799196374287257,1.1254098669011645
16,1749,16003758,2.4605036606038957,1.140636458141389
16,1750,16003759,1.6612958272778855,1.4006716920400335
16,1751,16003760,2.1436301261506174,1.4680164662749873
16,1752,16003761,1.6984155259137155,1.1342853242958717
16,1753,16003762,1.8164897872947923,1.078230478464389
16,1754,16003763,1.6854755582835048,1.0
16,1755,16003764,1.6211958759787326,1.0398792282444842
16,1756,16003765,2.574078960846772,1.5353306663591606
16,1757,16003766,1.6804197333480626,1.0
16,1758,16003767,1.7839381718897587,1.3556025521324757
16,1759,16003768,2.5839699339652977,1.1264176392788845
16,1760,16003769,2.1284793270955142,1.2876618323825664
16,1761,16003770,2.0381647154588114,1.1939569458016301
16,1762,16003771,1.981787286026123,1.3538182599379718
16,1763,16003772,2.138211892152376,1.0427489632837859
16,1764,16003773,1.424666491593443,1.2752797117832233
16,1765,16003774,1.8137307188356806,1.4950033880257982
16,1766,16003775,1.888267349678241,1.0709673347142419
16,1767,16003776,2.1798863135375486,1.3658543415038367
16,1768,16003777,2.2718332584003695,1.3451709296480727
16,1769,16003778,1.5689938141613398,1.224940041400993
16,1770,16003779,1.8514404996004465,1.2125073895161107
16,1771,16003780,1.7789215043978717,1.3088066760285835
16,1772,16003781,1.189489472565193,1.0271392035892508
16,1773,16003782,1.5272180227500387,1.2140504530105602
16,1774,16003783,2.317673233512867,1.4283902600270482
16,1775,16003784,1.9173058449388969,1.1824924266992418
16,1776,16003785,2.08954936455631,1.2128300862562285
16,1777,16003786,2.7231058465773046,1.4138509175098914
16,1778,16003787,1.7304320426338007,1.1119131740839048
16,1779,16003788,1.8334446537182305,1.265216023672053
16,1780,16003789,2.0123671299475228,1.1966775248370503
16,1781,16003790,2.399638708344654,1.1367587793988665
16,1782,16003791,2.298094137721339,1.3045228883766489
16,1783,16003792,1.2590379062334842,1.2205606755695735
16,1784,16003793,3.193891080459012,1.2804652140615511
16,1785,16003794,1.954601401519268,1.1754089249039694
16,1786,16003795,2.8971295571572706,1.0
16,1787,16003796,1.8665106827323668,1.1353769204067257
16,1788,16003797,3.0661924079154113,1.2539626617175421
16,1789,16003798,2.712854788286546,1.3036190484069428
16,1790,16003799,1.4841571749650244,1.272273240109426
16,1791,16003800,2.151468712625881,1.3080879450551102
16,1792,16003801,1.5409114743984555,1.1225369956882942
16,1793,16003802,1.3871031614157652,1.0
16,1794,16003803,1.6825561195968581,1.2167276633952815
16,1795,16003804,2.122198858172649,1.2525958062960751
16,1796,16003805,1.9601736073635008,1.0
16,1797,16003806,2.7064048055431287,1.2841897200311954
16,1798,16003807,1.5426491148941752,1.0
16,1799,16003808,1.628185680669871,1.3193497877510678
16,1800,16003809,2.212547293239839,1.3158600868938282
16,1801,16003810,2.10170228828487,1.0037918136824282
16,1802,16003811,2.768122292406706,1.0839833649760473
16,1803,16003812,1.4273165006812194,1.0902471584492253
16,1804,16003813,2.2683244250450905,1.164435021634098
16,1805,16003814,1.3626898398055516,1.0981159000571423
16,1806,16003815,1.719778798180676,1.1177091591464765
16,1807,16003816,2.0165037716583383,1.1295923751285173
16,1808,16003817,1.8502225235323604,1.0124632622408003
16,1809,16003818,2.05218092582751,1.3888296615284172
16,1810,16003819,1.6008454793997822,1.0789121437542595
16,1811,16003820,3.0480172601827342,1.2813418947097743
16,1812,16003821,1.7836922104556117,1.186640522106222
16,1813,16003822,2.4117371285929936,1.394583926978499
16,1814,16003823,1.764325817770024,1.0948098907043944
16,1815,16003824,1.5329440994455477,1.0183995267630568
16,1816,16003825,1.7253610528224403,1.2893405532992257
16,1817,16003826,1.6347699434627319,1.1494193022184662
16,1818,16003827,1.8927031335209206,1.2461614912167815
16,1819,16003828,2.1944510073865073,1.3926176927467784
16,1820,16003829,2.370940780694322,1.1512241582537124
16,1821,16003830,1.828723404877913,1.1502922191060476
16,1822,16003831,2.0945824486881617,1.0622231337013153
16,1823,16003832,1.8863434603315463,1.0430254368392073
16,1824,16003833,2.063342247649483,1.112177603854233
16,1825,16003834,2.6345213137704366,1.0830322003166069
16,1826,16003835,1.4628621084640865,1.1743077044002015
16,1827,16003836,1.3749994137808557,1.037731658700227
16,1828,16003837,3.080354777147158,1.324489471969397
16,1829,16003838,2.272710168515711,1.0916646816803102
16,1830,16003839,1.7679968613777992,1.2780962347141653
16,1831,16003840,2.183653100989042,1.4028995825581194
16,1832,16003841,1.920020701616219,1.338329072468915
16,1833,16003842,2.499282980250278,1.2970113030465629
16,1834,16003843,2.2625978742307558,1.0908735046764413
16,1835,16003844,2.336766032561194,1.2791925453788442
16,1836,16003845,1.8361211768317696,1.1537234673733647
16,1837,16003846,1.6414722363076273,1.0237699294354514
16,1838,16003847,2.538276223796502,1.0
16,1839,16003848,1.5752903993029217,1.0
16,1840,16003849,2.132713926742357,1.1329482869281062
16,1841,16003850,1.7728440168324187,1.1552875967384946
16,1842,16003851,2.0573291079433655,1.4706927804281322
16,1843,16003852,1.82354180143807,1.07095894644136
16,1844,16003853,1.6552731261587097,1.4098745580247853
16,1845,16003854,2.4479776334109022,1.0
16,1846,16003855,1.8085877295992867,1.1798433730899553
16,1847,16003856,1.9743682416254902,1.1104382374128248
16,1848,16003857,1.7853267414462972,1.3013939106024317
16,1849,16003858,2.092025475358745,1.1610672672958169
16,1850,16003859,2.1112191302696095,1.2832808425270408
16,1851,16003860,2.0104132467561424,1.0606359499326004
16,1852,16003861,1.8353545927315615,1.3990715072301645
16,1853,16003862,1.9003981556169767,1.3426973926968453
16,1854,16003863,1.5106994700545995,1.036162218679798
16,1855,16003864,2.002829515510487,1.3313290106247921
16,1856,16003865,2.0035688395828717,1.2910679845982764
16,1857,16003866,1.378899144876444,1.2074906333807263
16,1858,16003867,1.36554216396653,1.2060065086556568
16,1859,16003868,1.9103731616970865,1.0727678088973274
16,1860,16003869,1.6234386483018959,1.1927512664636306
16,1861,16003870,1.7205973489156843,1.2399820035365252
16,1862,16003871,1.9116087598927576,1.1110178483149404
16,1863,16003872,1.9808985603650124,1.1606356340776907
16,1864,16003873,1.4434274574780421,1.4006320007587327
16,1865,16003874,2.1994985216648693,1.2011687338014438
16,1866,16003875,2.3507655633378057,1.4211377131151464
16,1867,16003876,1.7688892194374393,1.1489490042339554
16,1868,16003877,1.2082655835349938,1.110100198275376
16,1869,16003878,1.895649672109368,1.8299673060601669
16,1870,16003879,2.1286708272614607,1.2023060434920947
16,1871,16003880,1.7857225935633887,1.163692415319039
16,1872,16003881,1.5781243610688875,1.0336526601944445
16,1873,16003882,1.6237348311593207,1.024727430565343
16,1874,16003883,2.0386581050464674,1.1618554404122872
16,1875,16003884,2.4068794801852356,1.3954484247832364
16,1876,16003885,2.102046887400018,1.1641469653124592
16,1877,16003886,2.3410651629644597,1.155988056415067
16,1878,16003887,1.4867842052571822,1.1995838607194222
16,1879,16003888,2.4372875521815702,1.3197964702297034
16,1880,16003889,1.7987778604632536,1.0350917782531646
16,1881,16003890,2.056355116353462,1.0
16,1882,16003891,1.6101908120023132,1.0457569855620208
16,1883,16003892,2.0691592681439017,1.0
16,1884,16003893,1.8014711634353,1.397694049206689
16,1885,16003894,2.031613023207918,1.2374603298320836
16,1886,16003895,1.2479523724896546,1.0480809115002045
16,1887,16003896,1.7699885992636755,1.2007626818604167
16,1888,16003897,1.9042770147876507,1.46899286212702
16,1889,16003898,2.5178683280533742,1.3094416754107794
16,1890,16003899,1.3562592496733978,1.0082620359062393
16,1891,16003900,1.4277722597030968,1.1226206232229206
16,1892,16003901,2.864749626457438,1.4661692902508028
16,1893,16003902,1.6242418787525725,1.0
16,1894,16003903,1.515800386182778,1.217286474644939
16,1895,16003904,2.22535930653771,1.0988384039621732
16,1896,16003905,2.048690531699284,1.557188056220551
16,1897,16003906,1.9018767996699593,1.086513075917499
16,1898,16003907,2.359676199710521,1.2919512060488894
16,1899,16003908,1.6028734912400657,1.1267230658662961
16,1900,16003909,2.396467400583793,1.3596809311319427
16,1901,16003910,1.3892476492248063,1.0
16,1902,16003911,1.6337988112374138,1.1809292161849092
16,1903,16003912,3.222038972366605,1.3295080371383214
16,1904,16003913,1.5725993583898925,1.003905410024787
16,1905,16003914,2.031345631069395,1.203988154851945
16,1906,16003915,1.7969103572942564,1.2275625863952284
16,1907,16003916,1.450697785782182,1.378019431941342
16,1908,16003917,2.3612728034783457,1.2437204922010727
16,1909,16003918,1.7682714594163371,1.1978874307666516
16,1910,16003919,2.0420993137825985,1.1437327814478373
16,1911,16003920,1.643901970351192,1.391955266743111
16,1912,16003921,2.23430461570222,1.4126181428381108
16,1913,16003922,1.8458196656326233,1.4105305628330624
16,1914,16003923,2.6872785973147386,1.1423081619449666
16,1915,16003924,1.5199598603302795,1.081036373251354
16,1916,16003925,1.541795892517461,1.428929237557579
16,1917,16003926,1.2197011292059565,1.0
16,1918,16003927,1.5516907795071,1.2710546346221976
16,1919,16003928,2.3533363189756193,1.1491136249282978
16,1920,16003929,2.1589711174283255,1.5414625517644596
16,1921,16003930,1.6837758784483523,1.4873100590050974
16,1922,16003931,1.9498196962175036,1.3483442222349562
16,1923,16003932,1.8474803043956571,1.1038803868848044
16,1924,16003933,2.458629840928196,1.208628378948236
16,1925,16003934,2.3315835760618078,1.4016453998242857
16,1926,16003935,1.808290805741198,1.2762166654102658
16,1927,16003936,2.1283516077865334,1.2235848088773718
16,1928,16003937,1.7123995516551505,1.2915133577187898
16,1929,16003938,3.1346947557105094,1.3140422246568417
16,1930,16003939,1.6736343794453112,1.6172791796914425
16,1931,16003940,1.9173054771386318,1.2014501997590747
16,1932,16003941,2.20984586223417,1.2868105268104153
16,1933,16003942,2.074616615102506,1.3414629999337269
16,1934,16003943,1.7049565406609752,1.0141582480149418
16,1935,16003944,1.763738618925487,1.4515475062694045
16,1936,16003945,2.2099913532112274,1.1616386502621212
16,1937,16003946,1.9163903989338003,1.3434485023585339
16,1938,16003947,3.155337629270712,1.562266627703184
16,1939,16003948,1.6435668509136463,1.0842088547271598
16,1940,16003949,1.614012121620974,1.3140960878695045
16,1941,16003950,2.5481351925348377,1.4177751268151695
16,1942,16003951,1.476410497893564,1.1551538000099053
16,1943,16003952,1.702816401081434,1.2211846826106127
16,1944,16003953,1.6813345802899013,1.4102958979895215
16,1945,16003954,2.2794614631515335,1.17546806938819
16,1946,16003955,1.614220671114156,1.3295599326298218
16,1947,16003956,1.4029081549781985,1.3451210976096082
16,1948,16003957,2.420692276045978,1.177046334631772
16,1949,16003958,1.9862580623053552,1.247897428889151
16,1950,16003959,1.6275232607611638,1.0
16,1951,16003960,1.1731732881114918,1.0
16,1952,16003961,1.4796767273352465,1.0303720911044547
16,1953,16003962,2.2071049379438707,1.4140428691815752
16,1954,16003963,1.28331696688439,1.0
16,1955,16003964,2.37138629521223,1.364599391901875
16,1956,16003965,1.6654754574558706,1.3988540889617234
16,1957,16003966,2.4302257013812163,1.2740746198294663
16,1958,16003967,1.421038015655528,1.0
16,1959,16003968,2.6254606756806376,1.3625969746316424
16,1960,16003969,2.319716072720367,1.1825285861932644
16,1961,16003970,1.52244030166326,1.215445712995092
16,1962,16003971,1.4857797022566113,1.3457197997991863
16,1963,16003972,1.5143263028813059,1.10795149365677
16,1964,16003973,1.4429935322093197,1.199093134476803
16,1965,16003974,2.3902979323333495,1.3398141612640633
16,1966,16003975,1.9523520851799345,1.3539192000306357
16,1967,16003976,1.6811590105906191,1.253057121026614
16,1968,16003977,1.6501993508952488,1.2039047074532494
16,1969,16003978,2.1033742739156236,1.0832197389059188
16,1970,16003979,2.1411683130474986,1.2610620683002807
16,1971,16003980,2.370815652862409,1.610596779581157
16,1972,16003981,2.1757469629085673,1.5430100045143755
16,1973,16003982,1.4968028837574923,1.0901541657697884
16,1974,16003983,1.9484400051276214,1.4276307597867146
16,1975,16003984,1.6925157326317635,1.3322501129633761
16,1976,16003985,1.5786676858587585,1.080620667451755
16,1977,16003986,1.8415394184390905,1.1700348124604452
16,1978,16003987,1.7927578083435296,1.2795503975790672
16,1979,16003988,2.4047559396705456,1.2973472573060139
16,1980,16003989,1.9403858639086198,1.3376157439996896
16,1981,16003990,2.0947275418137106,1.3486081191163146
16,1982,16003991,1.8739295309417319,1.1366436532607702
16,1983,16003992,1.7625048677577566,1.2653170239538925
16,1984,16003993,1.543546046432386,1.086897352815462
16,1985,16003994,2.0002612189292233,1.0345093671629597
16,1986,16003995,1.7150071125956459,1.3529936428819913
16,1987,16003996,1.56880033779644,1.2220234996446124
16,1988,16003997,1.9832531466652987,1.284302610724463
16,1989,16003998,1.4702922761557091,1.3115248450453807
16,1990,16003999,1.4893317529583758,1.2523384705874228
16,1991,16004000,1.7274481450685402,1.3759401523092585
16,1992,16004001,1.7215164488494608,1.0764760617188445
16,1993,16004002,1.5572206353634799,1.1791958580043416
16,1994,16004003,2.4796287251679683,1.3709248580548772
16,1995,16004004,1.849045652680645,1.2103355985105169
16,1996,16004005,1.278388752644631,1.0983332468345022
16,1997,16004006,1.563344409201418,1.0753072656801672
16,1998,16004007,2.1757687826672996,1.0
16,1999,16004008,2.068967001221239,1.3613572205317266
16,2000,16004009,1.6414419327657424,1.0
32,1,32002010,2.5320921470502973,1.3429720872614557
32,2,32002011,3.1518172148761874,1.3982826499342582
32,3,32002012,2.6820422327150175,1.309210603793316
32,4,32002013,3.4162919277036377,1.578511693378892
32,5,32002014,3.002319420758194,1.8178732768757513
32,6,32002015,2.468416522331765,1.522596122552961
32,7,32002016,3.028213693525068,1.5950814192491294
32,8,32002017,3.0251210016252132,1.5469196289463276
32,9,32002018,3.943606386657205,1.6940363874473023
32,10,32002019,2.572000817538635,1.3248978562637324
32,11,32002020,3.0132813248290855,1.6933964912188277
32,12,32002021,3.6598595094992517,1.3616432197473987
32,13,32002022,3.1546548855570453,1.6762209073138277
32,14,32002023,2.5331273637443887,1.2789658204547656
32,15,32002024,2.5421910657307296,1.1527621053852362
32,16,32002025,2.678472353489278,1.3876124608628593
32,17,32002026,2.885923299318138,1.6433185395098762
32,18,32002027,2.920326683515055,1.5800190766382924
32,19,32002028,2.4604230171374333,1.3639307106374556
32,20,32002029,3.2101829167682485,1.4317334701327435
32,21,32002030,3.696406260824396,1.395353488669138
32,22,32002031,2.0937590515810687,1.5040682266122125
32,23,32002032,3.012361377865028,1.4044912083584642
32,24,32002033,1.9625778231165094,1.0444220017801815
32,25,32002034,2.5234205445969193,1.332559487887994
32,26,32002035,3.175265180335145,1.3955180992392964
32,27,32002036,2.266234290379277,1.5644991542794415
32,28,32002037,4.4822130266019675,1.4647242293942107
32,29,32002038,2.780714166755948,1.6527474005195715
32,30,32002039,2.2670059971096217,1.7019755618047556
32,31,32002040,2.78153236596299,1.3011187043672114
32,32,32002041,3.2019333471323814,1.3096545981612675
32,33,32002042,3.5807336702852357,1.6260473180236734
32,34,32002043,4.191153421957079,1.4928723640862762
32,35,32002044,3.9208172482068244,1.4967626404393857
32,36,32002045,2.3288521999126326,1.5971075013032199
32,37,32002046,2.977964258988726,1.492228928958175
32,38,32002047,3.461517781659694,1.2367202238940955
32,39,32002048,2.325140837174564,1.295383875814679
32,40,32002049,2.4482457137257367,1.2915201324520864
32,41,32002050,3.478010248076112,1.734338111949815
32,42,32002051,2.990000452836617,1.7500238468712845
32,43,32002052,2.7821344122565304,1.4501579820176183
32,44,32002053,3.0673539029670733,1.4860404044826463
32,45,32002054,3.957583495381625,1.4627280528945517
32,46,32002055,2.9694547096496455,1.4405767506053164
32,47,32002056,2.3947095901025586,1.4248937107884243
32,48,32002057,2.878293822943599,1.3567420990370271
32,49,32002058,2.2414653702066185,1.39972375111431
32,50,32002059,2.3951410784148126,1.341540974542574
32,51,32002060,4.356859846084497,1.3219185315762274
32,52,32002061,2.780723062255735,1.2279343321550393
32,53,32002062,4.016905340256161,1.6439105914650027
32,54,32002063,2.057120521034091,1.48420307376411
32,55,32002064,3.087157414186581,1.579347388084264
32,56,32002065,2.26249402178087,1.3214212337620532
32,57,32002066,2.6547618253377507,1.1420330315249605
32,58,32002067,4.512584663591922,1.4507063666275455
32,59,32002068,2.653259652060905,1.3947481560282984
32,60,32002069,2.5608264490265418,1.5273377662029979
32,61,32002070,2.5786833618624003,1.4556710665249823
32,62,32002071,2.033624884624615,1.3240536756830532
32,63,32002072,2.405743968455283,1.2875470534467168
32,64,32002073,2.3654845823074746,1.5801429831403582
32,65,32002074,2.027790579079095,1.2798336971687938
32,66,32002075,2.6053732548341473,1.4543070723224012
32,67,32002076,2.298357205999755,1.5214965322785488
32,68,32002077,3.0696440385700026,1.4144852219083666
32,69,32002078,2.750460909589639,1.5827406940553446
32,70,32002079,2.240878412068767,1.5723896634122165
32,71,32002080,2.3811645531037233,1.2554987733493888
32,72,32002081,3.4199157090292314,1.347735189639721
32,73,32002082,3.1214095777026545,1.6046405931778276
32,74,32002083,1.9986162960561684,1.372134612573974
32,75,32002084,1.9587134857641648,1.4042190783622512
32,76,32002085,2.6449298353575887,1.3752119660282875
32,77,32002086,1.3966967900839846,1.3734518460769833
32,78,32002087,2.5601824335598002,1.4239660505459864
32,79,32002088,3.0347011024487895,1.4155470396929464
32,80,32002089,2.7318048202666185,1.6939805491556066
32,81,32002090,3.045297015977178,1.68028877438308
32,82,32002091,4.741889932741002,1.3221214962038002
32,83,32002092,3.051902804261312,1.3213293548056881
32,84,32002093,2.387656172137399,1.1779356321537064
32,85,32002094,2.354299624503896,1.2718689837123314
32,86,32002095,2.4682974133929565,1.695668537610295
32,87,32002096,2.0121440900012697,1.224353061114667
32,88,32002097,2.995856519794681,1.1497374325300527
32,89,32002098,2.832632304590603,1.5322550699475679
32,90,32002099,2.3442391723352705,1.1184485492731164
32,91,32002100,2.174089089642417,1.8521981312623377
32,92,32002101,3.5316808264463075,1.5555041627367614
32,93,32002102,2.2275029828228345,1.2751524823429201
32,94,32002103,2.5719161655129366,1.4029579358965927
32,95,32002104,3.5814589168976045,1.5212722830623564
32,96,32002105,3.231044151463778,1.4597470375750572
32,97,32002106,2.0346915538776535,1.280652845082014
32,98,32002107,2.9771501014346757,1.353912398805969
32,99,32002108,2.1909702579650214,1.4275924366637394
32,100,32002109,2.560058613448818,1.5549397650825805
32,101,32002110,1.9202812586144524,1.5734647886798956
32,102,32002111,2.29591960822015,1.5332570621267743
32,103,32002112,2.0807405359013296,1.4544239209355836
32,104,32002113,2.6450575795875304,1.2193870551317274
32,105,32002114,2.2493718057204477,1.1817304904340082
32,106,32002115,2.6117067831061873,1.7023678716301136
32,107,32002116,2.762286965620718,1.4940523995696866
32,108,32002117,2.5352751824587254,1.3514817764806697
32,109,32002118,3.43283783967824,1.3943606508497055
32,110,32002119,2.4933674033133792,1.4782979893098165
32,111,32002120,3.096767924212396,1.395328641000887
32,112,32002121,2.658399022537947,1.233220946540495
32,113,32002122,2.5205599947599966,1.1581524758973718
32,114,32002123,2.764922050818534,1.44884226706988
32,115,32002124,2.0076920191402805,1.2500387902129755
32,116,32002125,2.7709679480454077,1.4457308114699379
32,117,32002126,2.505206893377272,1.2686949520004074
32,118,32002127,3.3157245182553328,1.194804378437404
32,119,32002128,2.2375726022721985,1.2627188595595786
32,120,32002129,2.4708203427917814,1.6069974434313128
32,121,32002130,2.4220014105724834,1.3910527921499538
32,122,32002131,2.769373351838443,1.247784841666585
32,123,32002132,2.8083370587616376,1.463113395427251
32,124,32002133,2.4875370411124966,1.3638145087926667
32,125,32002134,2.9161743487265666,1.4627209484072405
32,126,32002135,2.5865887373423653,1.8166565557569885
32,127,32002136,2.871799350440222,1.7510481671725053
32,128,32002137,2.307653992371895,1.2022255890690252
32,129,32002138,3.1794071506396633,1.3656940590578555
32,130,32002139,2.405416003388338,1.184396996329521
32,131,32002140,2.6304222518597262,1.7025834154111286
32,132,32002141,1.986706923289978,1.337738038683038
32,133,32002142,1.9940337133959702,1.4418818774729691
32,134,32002143,2.914223904554601,1.74526637839962
32,135,32002144,3.130593273910767,1.6160500953346788
32,136,32002145,2.5426142275029244,1.4830649218210499
32,137,32002146,1.90692286689351,1.1826552613640005
32,138,32002147,2.6686415634030762,1.4660947222734853
32,139,32002148,3.850566165603709,1.4826245566964806
32,140,32002149,2.5483239264245663,1.228152434799437
32,141,32002150,2.2129719715961054,1.3387054986809515
32,142,32002151,1.9291888277436258,1.2936523338849577
32,143,32002152,2.4369798764350254,1.2906426682516283
32,144,32002153,2.8581880865993265,1.508480819938678
32,145,32002154,3.2897338673365413,1.6171110679077805
32,146,32002155,3.4383328639422563,1.1411264261555503
32,147,32002156,2.320256234013217,1.1857241413852027
32,148,32002157,2.632011227883844,1.578868875547336
32,149,32002158,2.120642709622172,1.2803134011770247
32,150,32002159,1.8324432587169117,1.25799382486907
32,151,32002160,4.702743373343026,1.5828592938703694
32,152,32002161,3.5156859739637247,1.4043794358760748
32,153,32002162,2.827591012297218,1.424026516375045
32,154,32002163,2.3952855488618567,1.4128520289761588
32,155,32002164,2.637304955113219,1.3655416134660987
32,156,32002165,2.167860670926549,1.3954863117833054
32,157,32002166,1.9379108306269444,1.2757229528993415
32,158,32002167,4.669232665524084,1.6333180641138045
32,159,32002168,2.6303031536136654,1.6498466702019505
32,160,32002169,2.583945354354348,1.523819895139008
32,161,32002170,4.122925995818889,1.281978599273337
32,162,32002171,2.1517803556310335,1.4685464215823747
32,163,32002172,2.295492856149217,1.2330353589689722
32,164,32002173,3.168694285681797,1.4743705114833767
32,165,32002174,2.092259464059396,1.4717900488601703
32,166,32002175,3.425387350079694,1.5882171895339563
32,167,32002176,3.2872228748093475,1.51992504198984
32,168,32002177,2.7319039520810935,1.6750226449645187
32,169,32002178,2.2178224403841327,1.384678510065981
32,170,32002179,2.4785225355002343,1.095665907628474
32,171,32002180,2.348220674961917,1.6080553529002806
32,172,32002181,2.546258925730224,1.584080676896894
32,173,32002182,2.712293411654864,1.7647780589039164
32,174,32002183,2.255906517776944,1.325313567405646
32,175,32002184,2.2244321203516546,1.6182649392555688
32,176,32002185,3.610183590110329,1.7305081620803593
32,177,32002186,2.7757915564507547,1.2458287050966557
32,178,32002187,3.0035186793945234,1.3996125687066643
32,179,32002188,2.8792618609084766,1.4563964294574543
32,180,32002189,3.273703759050639,1.596627972505769
32,181,32002190,3.5525842376846746,1.5036359517464981
32,182,32002191,1.8622440034081764,1.5134250081514389
32,183,32002192,2.2242050851117683,1.3961175095636316
32,184,32002193,3.439331541547772,1.422783853152585
32,185,32002194,3.257298263939797,1.8262991438801481
32,186,32002195,2.1635492811816484,1.2443160442746823
32,187,32002196,2.822246734573692,1.57641889464632
32,188,32002197,3.1310531421980143,1.6149209382712744
32,189,32002198,2.1523847241225527,1.2497436151341652
32,190,32002199,3.981795605414453,1.5924796177723959
32,191,32002200,1.9459340026584289,1.165962205667155
32,192,32002201,2.088515605019412,1.3252035175987922
32,193,32002202,2.8460598542116107,1.5200318086706264
32,194,32002203,3.859690287897215,1.6565674987390904
32,195,32002204,2.1877243848174523,1.555349543601448
32,196,32002205,2.081981117474573,1.218691622054006
32,197,32002206,3.2640510409243495,1.4827598541812697
32,198,32002207,3.8631200448101426,1.726532292371787
32,199,32002208,2.2085274958176555,1.5210559748609636
32,200,32002209,2.4087424813612146,1.4141308226266582
32,201,32002210,3.446139023224595,1.467007672636525
32,202,32002211,2.766254861215779,1.508841924585087
32,203,32002212,2.795216268412999,1.3333396748494575
32,204,32002213,3.105586588410886,1.2075711463179748
32,205,32002214,3.3116435107041298,1.3088948283640922
32,206,32002215,2.281593187636659,1.4627501212761214
32,207,32002216,2.9266295042349553,1.6072460890606723
32,208,32002217,2.698057612245832,1.5116342033377297
32,209,32002218,2.415588520668314,1.270534583540336
32,210,32002219,2.424114204377643,1.4867432658075075
32,211,32002220,3.248847374101387,1.6586243345816456
32,212,32002221,2.0710355041079462,1.3068527084431125
32,213,32002222,2.3317002441324743,1.4602982188065874
32,214,32002223,1.8444263285877995,1.1392075613233175
32,215,32002224,2.984507607883164,1.5104474987366794
32,216,32002225,3.3065353600945984,1.4094833037842327
32,217,32002226,3.7587825683316205,1.5012613872820826
32,218,32002227,3.481541240905765,1.3194031469007705
32,219,32002228,3.3110823719243188,1.487214734833594
32,220,32002229,2.9115570732466565,1.5421801682009857
32,221,32002230,3.153155844076854,1.3599413427996374
32,222,32002231,4.16308585700106,1.5551248173065262
32,223,32002232,2.784980277127298,1.2436413497360497
32,224,32002233,3.3292700908883393,1.5013649437050514
32,225,32002234,2.6327065321476772,1.2502472576947754
32,226,32002235,1.9395508526410077,1.169294543001031
32,227,32002236,2.3516532875559077,1.4636334858546443
32,228,32002237,2.3819257357518895,1.6018548762054332
32,229,32002238,2.2772377420909393,1.6413422172306185
32,230,32002239,2.2176312180093873,1.1755088918707568
32,231,32002240,2.3388593534475235,1.5298048909425752
32,232,32002241,3.1135128308228115,1.747441943786498
32,233,32002242,2.1579048093911344,1.6318844463563946
32,234,32002243,3.8633227944313453,1.900083626991466
32,235,32002244,2.9020167409729276,1.5651609316586912
32,236,32002245,3.519916292379463,1.5241311469632248
32,237,32002246,2.430672910836863,1.4076547785347728
32,238,32002247,4.321395043829277,1.5867835098694363
32,239,32002248,3.5028429480393886,1.5915070108635008
32,240,32002249,3.0236854215459967,1.6865271883790651
32,241,32002250,2.2817209827745493,1.3184059099940133
32,242,32002251,2.2526209161558213,1.2499272595719728
32,243,32002252,4.687042453880608,1.207995271842776
32,244,32002253,2.54183619393186,1.2598366998551236
32,245,32002254,3.0383391092112477,1.4565217374076385
32,246,32002255,2.3947813797111763,1.390781742754661
32,247,32002256,3.1031845559950226,1.4741609725623421
32,248,32002257,2.520370139045173,1.436304941777688
32,249,32002258,2.6138374011611853,1.0894051564124245
32,250,32002259,3.058948777850131,1.4197100309576152
32,251,32002260,2.4388961011122037,1.2516485519771312
32,252,32002261,2.480850033213821,1.2540953255812868
32,253,32002262,3.5335913972401944,1.3123030590716542
32,254,32002263,2.94372630145162,1.7572736959994233
32,255,32002264,5.371601793213342,1.5468098302083904
32,256,32002265,2.597544740811149,1.5690921745779027
32,257,32002266,2.405108883409554,1.4540460690520447
32,258,32002267,2.6304194210361063,1.834670157565388
32,259,32002268,1.924097527484219,1.1000589445685263
32,260,32002269,2.616998460092674,1.584474692633576
32,261,32002270,3.078894140556809,1.626990032384488
32,262,32002271,4.273287011464247,1.6789617958765393
32,263,32002272,4.064179182276323,1.6266162877651822
32,264,32002273,2.2224560603362953,1.3805357630698891
32,265,32002274,2.588342521534547,1.2235709593975164
32,266,32002275,2.4827503399911506,1.3786254325406477
32,267,32002276,2.419750890207372,1.4517722984524668
32,268,32002277,2.2143697170871195,1.3364237207585574
32,269,32002278,2.7136940955241533,1.5620686463932154
32,270,32002279,5.144465253105922,1.67652885436855
32,271,32002280,2.0650992732313105,1.2615784976159374
32,272,32002281,2.1309291519687403,1.0601515887926618
32,273,32002282,3.016445158156283,1.396667312595901
32,274,32002283,2.975343104528313,1.405468648495434
32,275,32002284,2.8310693549063233,1.7611392810199005
32,276,32002285,3.711239539405744,1.4239440902356288
32,277,32002286,2.4340398223615827,1.7027551816030966
32,278,32002287,2.384563790693086,1.3865438954467537
32,279,32002288,3.144148284565793,1.381802707784134
32,280,32002289,2.828552679554882,1.559666316735886
32,281,32002290,3.6453233193697834,1.4652323331546033
32,282,32002291,3.090538966684623,1.342594956260678
32,283,32002292,3.896492125210928,1.2711055544423724
32,284,32002293,2.797225229842658,1.4545857941008942
32,285,32002294,2.994061554723438,1.7949955864623022
32,286,32002295,2.933740253668478,1.845561107029754
32,287,32002296,3.4726777668473394,1.753097570197986
32,288,32002297,3.0925309320520005,1.290219724645117
32,289,32002298,1.7920867570037537,1.3580961565508822
32,290,32002299,3.2101186465309426,1.9054135005156565
32,291,32002300,2.2977541920339655,1.6121504934254656
32,292,32002301,3.0364766206277274,1.4444486171220137
32,293,32002302,2.083089747491583,1.179002428271495
32,294,32002303,2.97461075187779,1.3892481484288157
32,295,32002304,2.84593557626142,1.4339993721797746
32,296,32002305,2.549085120197342,1.4667261536796812
32,297,32002306,2.339056556417904,1.3368929069861313
32,298,32002307,2.3523323475655187,1.5030782910029605
32,299,32002308,3.1397327863091866,1.7145901617724935
32,300,32002309,2.7578394332659397,1.4439551847050784
32,301,32002310,2.4442438016784407,1.5665155429869957
32,302,32002311,2.075924281849044,1.3274903150416082
32,303,32002312,2.62986026767079,1.108059586904514
32,304,32002313,3.3825385102015537,1.603080525400586
32,305,32002314,3.5347340503573244,1.623341771443233
32,306,32002315,2.2381375357951976,1.598138730666744
32,307,32002316,2.1979778600516195,1.328087006257665
32,308,32002317,2.6229697045102474,1.6744235491285335
32,309,32002318,1.8853889018869987,1.329857226978112
32,310,32002319,2.8723454689185437,1.4149695847943855
32,311,32002320,2.38084425193585,1.7170520538083176
32,312,32002321,3.0472043447758064,1.5013989001258374
32,313,32002322,3.9491823708339173,1.1204405431095896
32,314,32002323,3.5813891070873933,1.4210927617685962
32,315,32002324,2.511418759882422,1.363710930516841
32,316,32002325,2.771390011746961,1.3725416700540611
32,317,32002326,2.209101831163921,1.1942713726722463
32,318,32002327,3.988686159101479,1.9485348243815266
32,319,32002328,3.724876218899545,1.474203102258127
32,320,32002329,2.770015137012489,1.5546669643490445
32,321,32002330,2.3324244010116724,1.5560070826071508
32,322,32002331,2.552096664102734,1.4474022147195273
32,323,32002332,2.310557856993219,1.1729135290042436
32,324,32002333,3.022582957088747,1.655104471905623
32,325,32002334,2.3158126425018595,1.352591475103246
32,326,32002335,2.67681560856178,1.3721564859333708
32,327,32002336,2.486893924614873,1.4915312043623905
32,328,32002337,2.661005571201946,1.2373822631941427
32,329,32002338,2.6582534770020545,1.6717542509302747
32,330,32002339,2.128906839228728,1.1601841880145771
32,331,32002340,2.4185501134716945,1.5100497185417194
32,332,32002341,2.5314672784204295,1.4630342391841675
32,333,32002342,1.8638034200772413,1.2295144611816178
32,334,32002343,2.7905797228246993,1.4543139791351363
32,335,32002344,1.8454630245983668,1.1107176380547568
32,336,32002345,2.264186244662696,1.5305068843952725
32,337,32002346,2.0878194614966237,1.2040609152846369
32,338,32002347,3.1787810477511,1.7338368871040857
32,339,32002348,2.467317185178758,1.5938609543360749
32,340,32002349,2.67590593469953,1.8884748016168333
32,341,32002350,2.304429800516778,1.4969531684799204
32,342,32002351,2.2868945357002333,1.6350137977935821
32,343,32002352,2.793590422992436,1.6164797199441647
32,344,32002353,3.344544776343719,1.3728321858871038
32,345,32002354,2.50877808525001,1.6205082669783677
32,346,32002355,3.306521709796928,1.7013911493830054
32,347,32002356,2.2055749898227583,1.3232936758941996
32,348,32002357,2.3092134145968632,1.397130204435492
32,349,32002358,3.5197748187602595,1.7286573081978738
32,350,32002359,2.942458837021544,1.5183901342961315
32,351,32002360,3.2291755638829827,1.6701740366574653
32,352,32002361,2.656748664208017,1.2825716341675026
32,353,32002362,3.26349081391862,1.4688875323854882
32,354,32002363,2.83939783507938,1.5021724648514583
32,355,32002364,2.9768680386633126,1.7956630541496836
32,356,32002365,3.6736476092090604,1.7055905075537856
32,357,32002366,2.3968358062482515,1.6678061285453922
32,358,32002367,3.2861601162716294,1.3915677900584325
32,359,32002368,4.229796989338345,1.6572124784125832
32,360,32002369,2.563151913388184,1.486688485547055
32,361,32002370,2.0616378616357376,1.3893541459971606
32,362,32002371,3.575880419354909,1.5784990708427395
32,363,32002372,2.2524309263405575,1.1851976824826258
32,364,32002373,2.6408202191750183,1.4175129162944275
32,365,32002374,3.155816613460912,1.6480733516264467
32,366,32002375,3.3272962776869734,1.4022537688911274
32,367,32002376,2.8097592799865643,1.4140889823528355
32,368,32002377,2.628811575913914,1.3339686143608394
32,369,32002378,3.2887132339200673,1.3869366861914334
32,370,32002379,2.5511560091926015,1.2872129704420208
32,371,32002380,2.413646211073691,1.5307362589700986
32,372,32002381,3.1283134179919405,1.2479189216140165
32,373,32002382,2.2610538057719896,1.6186209234621565
32,374,32002383,3.5316444366696027,1.7218982284143844
32,375,32002384,4.987975517925583,1.3926344822874954
32,376,32002385,2.0311116391184414,1.4288194147311855
32,377,32002386,2.1563138822408296,1.2856350441666982
32,378,32002387,2.380379994599228,1.4874769698710613
32,379,32002388,3.7074816395185484,1.5849111986410986
32,380,32002389,2.9389587141163855,1.4478571341108024
32,381,32002390,2.5136702430530216,1.715734190967276
32,382,32002391,2.2742608697997695,1.6438419365143735
32,383,32002392,2.1846767894044423,1.3051477024327398
32,384,32002393,2.8940678502130246,1.4962651378965492
32,385,32002394,2.946622891766783,1.4362542524049782
32,386,32002395,2.5799871926317586,1.2384844215732957
32,387,32002396,2.7078563800280295,1.3287962941648193
32,388,32002397,2.8259371835270235,1.3706374386983804
32,389,32002398,3.3675086240009646,1.2748248783993466
32,390,32002399,3.373659363136412,1.6947338567260435
32,391,32002400,2.4662964025661185,1.3136397384970182
32,392,32002401,3.2795354848364076,1.4260496543948664
32,393,32002402,2.8931092303097747,1.619207949102381
32,394,32002403,2.1331645451592047,1.3576997162597535
32,395,32002404,2.232451076971412,1.4164816116578487
32,396,32002405,3.96538946289634,1.4710699654332187
32,397,32002406,2.422868589479079,1.4101193251627715
32,398,32002407,2.3657645573151385,1.5577730069709566
32,399,32002408,2.4764098741596565,1.2340709051394236
32,400,32002409,3.9133643535496723,1.9062201655539193
32,401,32002410,2.3010374142201635,1.4938642454491433
32,402,32002411,3.5811748635801015,1.6311161557144096
32,403,32002412,2.5691359007011383,1.173633660206897
32,404,32002413,2.693866088849513,1.4856096645561652
32,405,32002414,3.084552789493553,1.5946478802937887
32,406,32002415,3.6915626766318135,1.4146066918683746
32,407,32002416,4.197795830728275,1.5226932327216185
32,408,32002417,2.0188890344662456,1.2239501655778615
32,409,32002418,4.036251311420044,1.4461173163537007
32,410,32002419,3.752311053476364,1.35407245312939
32,411,32002420,3.33866968110707,1.1002132070755264
32,412,32002421,3.1299960872631396,1.4678546941401311
32,413,32002422,3.537986079254479,1.3156132269535643
32,414,32002423,3.005392092820664,1.487641481076152
32,415,32002424,3.111847210065245,1.3634842027613534
32,416,32002425,2.5234660147915458,1.3528041646540407
32,417,32002426,2.5647971821588684,1.5026332186373792
32,418,32002427,2.824108794480944,1.332741967521077
32,419,32002428,2.2349486780277665,1.4123867059763966
32,420,32002429,2.283356114734608,1.3283108910512473
32,421,32002430,3.611521716118635,1.4473158180046066
32,422,32002431,3.791438630468949,1.4129345655138206
32,423,32002432,2.2030445949319124,1.7446501142740354
32,424,32002433,3.079143758922745,1.186673377780743
32,425,32002434,3.5538627248013324,1.691187574110397
32,426,32002435,2.242846459646048,1.5037221122262239
32,427,32002436,3.697749952763753,1.5539710586789865
32,428,32002437,2.3421670483067034,1.371586392721453
32,429,32002438,2.431350905138037,1.4392261405429017
32,430,32002439,2.692282198648398,1.4351279112969921
32,431,32002440,2.218436009462166,1.6850098092930597
32,432,32002441,2.9372202251754054,1.5652959610940103
32,433,32002442,2.9761962647367812,1.4289708445526692
32,434,32002443,3.45570868175386,1.3995204881484091
32,435,32002444,2.4398718382113618,1.5602219813141327
32,436,32002445,1.7543753844491121,1.0323370796747469
32,437,32002446,2.696990925345663,1.3933077707056571
32,438,32002447,5.059277105482484,1.4949682697969617
32,439,32002448,3.892190709100522,1.4178205959178678
32,440,32002449,2.1557087127346257,1.26928885646987
32,441,32002450,3.5389214334866717,1.545750642824825
32,442,32002451,2.7167193175398014,1.5572608762187987
32,443,32002452,2.301093240928089,1.6417183848133017
32,444,32002453,3.9078893408831066,1.5740722831671359
32,445,32002454,2.050832632829297,1.3230312015348697
32,446,32002455,2.0297662547910975,1.4630254433657564
32,447,32002456,3.562174051787555,1.4821485253150697
32,448,32002457,2.9358455251100755,1.4539732656692663
32,449,32002458,3.172955741607976,1.6485519620015916
32,450,32002459,2.631505970896124,1.627313082843604
32,451,32002460,3.0089158501283784,1.4478719858928848
32,452,32002461,2.3947857188938033,1.4689041743771256
32,453,32002462,2.5761476383871447,1.7189606384450686
32,454,32002463,2.860712902905993,1.3420547440717676
32,455,32002464,2.6139301447517447,1.3903494162243195
32,456,32002465,3.558017526106793,1.4452224612050149
32,457,32002466,2.242034101729454,1.202031724683118
32,458,32002467,2.454582164319651,1.7355461308114186
32,459,32002468,3.234864145904025,1.361603813462641
32,460,32002469,2.1898630176705107,1.3485360770430928
32,461,32002470,2.1100129629845052,1.3185955607641162
32,462,32002471,2.244844271172646,1.357565802324243
32,463,32002472,2.51002440260966,1.4671111503661265
32,464,32002473,2.482400254131556,1.6358695901469362
32,465,32002474,2.9144725702042624,1.4372862969148452
32,466,32002475,3.131429405663078,1.48519479442821
32,467,32002476,2.335398663692597,1.242865586277224
32,468,32002477,2.3426641676617255,1.317997648921841
32,469,32002478,2.277169802224321,1.646213350400522
32,470,32002479,2.6026886360546726,1.4793145372058043
32,471,32002480,2.9496731759525554,1.4229618458589648
32,472,32002481,3.766321979589048,1.3719879701089734
32,473,32002482,3.254807791511256,1.5435488095137844
32,474,32002483,2.1643211661385457,1.286455410775558
32,475,32002484,2.609701471007187,1.2776506612932093
32,476,32002485,1.8752619024852033,1.4918373519742076
32,477,32002486,2.9919079692958723,1.4534126622026775
32,478,32002487,2.7434117586098616,1.4250549710353686
32,479,32002488,3.0531897931494836,1.5812698258531004
32,480,32002489,2.412835495740025,1.2768276469597308
32,481,32002490,1.8939970032714522,1.1439568936073126
32,482,32002491,2.969714651509519,1.5131603859913452
32,483,32002492,3.024813698411879,1.309401494292509
32,484,32002493,2.4297808925917295,1.487410779417329
32,485,32002494,2.7997764936045106,1.3142593231386692
32,486,32002495,2.1769665419716295,1.5521642219153589
32,487,32002496,3.2386623206395297,1.5047421851929836
32,488,32002497,3.44372183020548,1.6562627104827998
32,489,32002498,4.076746569722104,1.4419593583626507
32,490,32002499,2.2258924024467723,1.8183829350541392
32,491,32002500,1.9105799624307136,1.219084362908106
32,492,32002501,2.7840626613809207,1.4030938526829
32,493,32002502,2.823245647820732,1.4152283733433242
32,494,32002503,2.231301452515225,1.1929130110008455
32,495,32002504,2.5549200710949527,1.4218452666648171
32,496,32002505,3.169138185798059,1.6114081119489814
32,497,32002506,3.24068645502515,1.7247810391771152
32,498,32002507,3.1493648073043397,1.4738116238474213
32,499,32002508,2.5141288107832973,1.3608100743020588
32,500,32002509,2.5954340321003757,1.3407613940485106
32,501,32002510,2.4681184826977303,1.4999526136655497
32,502,32002511,3.6933419270822267,1.6548033506928834
32,503,32002512,3.1391992825649475,1.4181568586991828
32,504,32002513,2.2160601491793996,1.3579616471297267
32,505,32002514,2.133033059126902,1.4618469412331914
32,506,32002515,3.202536859813463,1.6491809644497788
32,507,32002516,2.1834240810019003,1.3792219539010304
32,508,32002517,2.5085168632233636,1.1710596233783412
32,509,32002518,3.0823561823458974,1.4307410209078495
32,510,32002519,4.66664378396534,1.6345630698432956
32,511,32002520,2.3177234174014316,1.2214010836213671
32,512,32002521,2.424068708069521,1.424602973130952
32,513,32002522,2.4143112989108335,1.429905480145413
32,514,32002523,2.8404510635618325,1.383283338560793
32,515,32002524,2.956838296680408,1.7473748042859607
32,516,32002525,1.8856163053771169,1.2200809641602148
32,517,32002526,2.491991944163621,1.2361211870704245
32,518,32002527,2.7278064796898693,1.1486932624865902
32,519,32002528,2.870995084627984,1.5989764880692992
32,520,32002529,2.3846417844919774,1.384028313293777
32,521,32002530,3.5965590792063007,1.5714951554713295
32,522,32002531,2.779765378349592,1.7688676769853138
32,523,32002532,2.756143070878947,1.1981475623000786
32,524,32002533,1.8635503416526817,1.4451392319581002
32,525,32002534,2.687331545690303,1.5249586174557384
32,526,32002535,2.4931904572367487,1.5127705070777753
32,527,32002536,3.5570810102609993,2.062021086393123
32,528,32002537,3.8408984900662113,1.641671476979283
32,529,32002538,3.2273398272957934,1.54845295478651
32,530,32002539,2.6245345663057225,1.6321999702765013
32,531,32002540,4.8661201756641335,1.568253078912761
32,532,32002541,2.9329807966746335,1.4282464948634683
32,533,32002542,2.20555178157783,1.3564232339363989
32,534,32002543,3.076107974380574,1.3805226042799648
32,535,32002544,2.344536667503892,1.4629922257850494
32,536,32002545,1.9622120836453043,1.2753540072015002
32,537,32002546,3.772284515399107,1.4891365966084074
32,538,32002547,3.157847225971615,1.3717262090948559
32,539,32002548,2.2825948530084625,1.3904783471200624
32,540,32002549,1.95482041277488,1.1557768756016056
32,541,32002550,3.257439113572496,1.5160989722016802
32,542,32002551,3.2347739928694534,1.3452885928810652
32,543,32002552,2.3724471742270965,1.3390713385664512
32,544,32002553,2.168645637722764,1.1611010154601247
32,545,32002554,2.610605521744572,1.922157710475604
32,546,32002555,2.3304718144452443,1.3602369146152837
32,547,32002556,3.197977027644056,1.522302605420079
32,548,32002557,2.1981088072225803,1.09077818203052
32,549,32002558,2.9134595216835346,1.8138462050975153
32,550,32002559,2.2887177446958167,1.7383841343860378
32,551,32002560,2.6973211394928986,1.4335220461598372
32,552,32002561,3.022685774481841,1.6154866647753667
32,553,32002562,3.4260044437879063,1.5612364620658494
32,554,32002563,2.6126831109223385,1.509264620588637
32,555,32002564,2.740004025347147,1.4449797746511515
32,556,32002565,2.793825123977586,1.4716916959976645
32,557,32002566,2.471159694333894,1.6078291601066408
32,558,32002567,2.531369038677031,1.7499969180507988
32,559,32002568,2.596655614671241,1.1233096108687424
32,560,32002569,3.7089983489934166,1.413339312756278
32,561,32002570,3.477572350121385,1.3757544272031919
32,562,32002571,3.5694841497686354,1.5204792110249357
32,563,32002572,2.404045254235849,1.4835178607583952
32,564,32002573,3.5097830062721,1.5318071117433716
32,565,32002574,3.280613195553016,1.612414225821283
32,566,32002575,4.758788532171075,1.3878165733830412
32,567,32002576,3.071404735997734,1.7273652255259695
32,568,32002577,2.772900492411636,1.6912819680507916
32,569,32002578,2.7213870467970858,1.3207622311738199
32,570,32002579,3.2213452721716673,1.4192521312516084
32,571,32002580,2.6410251121940442,1.340293445986569
32,572,32002581,3.198008512037466,1.310324028297213
32,573,32002582,2.1424039554137964,1.3883574378927854
32,574,32002583,3.3195897298094263,1.4251698070059862
32,575,32002584,1.9558499964247307,1.322678128513991
32,576,32002585,3.5033583871027245,1.3459671039265986
32,577,32002586,3.220637110317523,1.4753184861887239
32,578,32002587,2.6235311796399765,1.2958737639617726
32,579,32002588,3.0042915424891192,1.5228216192218853
32,580,32002589,2.2125289188512993,1.2803394322241586
32,581,32002590,2.8526029012320646,1.7163482404332164
32,582,32002591,2.8886945083108833,1.649500665549942
32,583,32002592,2.654088892797996,1.3105315482829734
32,584,32002593,2.7623831663335565,1.6629582701392456
32,585,32002594,2.825904864493379,1.5954050488190148
32,586,32002595,3.105040967209609,1.6807108371081227
32,587,32002596,3.2583648084822063,1.7174421693084994
32,588,32002597,3.5369626131843304,1.3410004495418797
32,589,32002598,3.2437376624308536,1.6678127662076876
32,590,32002599,3.167560102521636,1.3560503575499776
32,591,32002600,2.834678965797982,1.810857450152573
32,592,32002601,2.5758205993177263,1.254616269125809
32,593,32002602,3.440425297797939,1.6870169710081309
32,594,32002603,2.297311977373111,1.3979401423631306
32,595,32002604,1.8722445336512004,1.4512826121297777
32,596,32002605,2.5693338047848457,1.3632553109793817
32,597,32002606,2.4650685119069595,1.3671872442793012
32,598,32002607,3.7773484368702657,1.6395747415473647
32,599,32002608,3.347086843088591,1.249565565967032
32,600,32002609,2.3751357784125857,1.2803387289602464
32,601,32002610,2.6228302350891295,1.7208530038342447
32,602,32002611,3.4871448015620734,1.235159534011141
32,603,32002612,2.944812518564043,1.5453312483061767
32,604,32002613,1.6997571549418706,1.3510619451225745
32,605,32002614,2.5018533038450053,1.2206794996728922
32,606,32002615,2.7717857828153902,1.3124374595598405
32,607,32002616,3.6519241422213136,1.3827035109968597
32,608,32002617,2.197644882349169,1.4252888158871535
32,609,32002618,2.6693903017390648,1.5960291381460885
32,610,32002619,3.0384053315015347,1.5192209938932075
32,611,32002620,2.8469604897935064,1.7384148704125542
32,612,32002621,2.699879822644958,1.384337818893561
32,613,32002622,2.2960472399680283,1.4123870969576242
32,614,32002623,2.565602785811579,1.373146017747968
32,615,32002624,1.9344740524470954,1.4134667272827457
32,616,32002625,2.409722582284323,1.6465401707422556
32,617,32002626,1.8347170505468324,1.285359245513493
32,618,32002627,2.4242723030579225,1.3977554454029273
32,619,32002628,2.743005850938784,1.2204688242694668
32,620,32002629,2.8731704824242996,1.1766048729298575
32,621,32002630,6.012080271293108,1.6538175471475483
32,622,32002631,3.9673844407531607,1.2104298632755617
32,623,32002632,4.382439368222219,1.9520863696732151
32,624,32002633,2.2000634530932595,1.4347671864764695
32,625,32002634,3.2989730666704067,1.5841140110904282
32,626,32002635,4.180186500922633,1.363882440689257
32,627,32002636,2.491052517490852,1.5936374518042442
32,628,32002637,2.9028254213309106,1.4626043144676826
32,629,32002638,3.6261498327908113,1.4153644229278615
32,630,32002639,2.7970479794271785,1.587972250348234
32,631,32002640,2.209413973015364,1.4282798715846972
32,632,32002641,1.7936470124537596,1.0540609234703848
32,633,32002642,1.9553985268032763,1.0902069963777896
32,634,32002643,2.914613681170513,1.6333537002791023
32,635,32002644,2.71143780979241,1.4699873188553079
32,636,32002645,2.8070551053781942,1.662132838625355
32,637,32002646,3.4236097580357265,1.6939000489262384
32,638,32002647,2.4663219616916576,1.3468119177438524
32,639,32002648,3.4878141081076364,1.5155805487808096
32,640,32002649,2.2659169416723697,1.4677166194396793
32,641,32002650,3.7503328400006843,1.716445306020735
32,642,32002651,2.9631417280544876,1.5380365584249944
32,643,32002652,3.543953940046939,1.7251456915958647
32,644,32002653,2.9520460343398938,1.3651021091968494
32,645,32002654,2.764414524151328,1.4006046963350816
32,646,32002655,3.522074499248011,1.414825408815506
32,647,32002656,1.8955178792691447,1.3383458409264384
32,648,32002657,1.9493854170910492,1.4086713842164966
32,649,32002658,1.8086476216085383,1.3794324899256103
32,650,32002659,2.3023954061574052,1.6035441150121097
32,651,32002660,3.7123278398037827,1.3661951328047683
32,652,32002661,2.4863557847235946,1.3637602493289231
32,653,32002662,2.75730915250812,1.4998417001465667
32,654,32002663,3.4508516331616876,1.688200374967859
32,655,32002664,2.930461584074359,1.6634360408755529
32,656,32002665,2.63692082077817,1.6067384783043581
32,657,32002666,2.4951125120464166,1.2494725390236112
32,658,32002667,2.168751144695935,1.2011481166349938
32,659,32002668,2.5664548460111734,1.4723582154650838
32,660,32002669,3.006382395139034,1.43837061904103
32,661,32002670,2.2193583020380294,1.2855251522645772
32,662,32002671,2.372532849343543,1.2476636741486202
32,663,32002672,3.131107283722322,1.3919577621609742
32,664,32002673,3.4494751149206935,1.6858466036879007
32,665,32002674,2.5313814936540338,1.7323407788794551
32,666,32002675,2.6987636900842022,1.4439433956805263
32,667,32002676,2.132709071301257,1.4022400929018857
32,668,32002677,2.249158366857611,1.745772762991221
32,669,32002678,2.6591673216003633,1.5797686274274256
32,670,32002679,3.0344963245795755,1.8060066994598152
32,671,32002680,3.096367053953886,1.6413948485584628
32,672,32002681,5.373695622971931,1.3135860281327207
32,673,32002682,3.907874706507918,2.017369491620259
32,674,32002683,2.0147128689321407,1.443996327728526
32,675,32002684,3.133465463009069,1.277715533336189
32,676,32002685,3.2783901123090162,1.496677665380299
32,677,32002686,3.068840327703069,1.9155608294981112
32,678,32002687,3.667367974087965,1.304882823603908
32,679,32002688,2.325809958727833,1.2632138875423216
32,680,32002689,2.374332801349962,1.4315290507347322
32,681,32002690,3.621957501027851,1.3838862776355185
32,682,32002691,3.0021180058546144,1.7126009549290273
32,683,32002692,3.2419511745380323,1.6807639589184653
32,684,32002693,4.381735457893432,1.3962838368635773
32,685,32002694,2.9474369968348215,1.4444694238111746
32,686,32002695,3.4504108087460987,1.4920990451944312
32,687,32002696,3.4702084725411,1.3887995796172345
32,688,32002697,2.002062651595414,1.1782280100859297
32,689,32002698,3.0886317893096287,1.2259764083229971
32,690,32002699,3.0978033341398326,1.8199192617091824
32,691,32002700,2.2671402000436816,1.4482610308734798
32,692,32002701,3.3689151144715748,1.185105192862719
32,693,32002702,1.9524492995883649,1.9505485485783243
32,694,32002703,4.011261499961993,1.6291067752942394
32,695,32002704,2.7924202815470323,1.3233183108954647
32,696,32002705,2.9891779856596012,1.679503064185727
32,697,32002706,2.5194431873496046,1.37989825661568
32,698,32002707,2.566161993259782,1.8748353267402984
32,699,32002708,2.107834999003165,1.2262699462970663
32,700,32002709,2.5421333109101827,1.468061941118606
32,701,32002710,2.28140763430108,1.5178089350729307
32,702,32002711,2.309386311892355,1.180128609395323
32,703,32002712,2.8745820953840338,1.2904641546524653
32,704,32002713,1.6769547627508095,1.0
32,705,32002714,2.6816437435587597,1.3133548574305978
32,706,32002715,1.7113115992004937,1.2506520577381728
32,707,32002716,3.033368597109845,1.5532600107877346
32,708,32002717,2.6289668720666937,1.3386554185998323
32,709,32002718,2.8960731695809234,1.3235443945753693
32,710,32002719,2.744789016766795,1.4020365529835854
32,711,32002720,3.504718094972732,1.7035175539279461
32,712,32002721,2.305920407990991,1.5288427157857691
32,713,32002722,2.866488006373754,1.513291530922369
32,714,32002723,2.374362959838142,1.8422287512452902
32,715,32002724,2.6663513946267567,1.6356796350435068
32,716,32002725,3.1142718866768697,1.7571110604823568
32,717,32002726,2.94164368974044,1.5146386078296152
32,718,32002727,2.8670378612923555,1.6850134646327273
32,719,32002728,1.8681573081197824,1.2037992493900707
32,720,32002729,2.339866209776598,1.142698827536237
32,721,32002730,2.7293681972164827,1.4119095366139283
32,722,32002731,2.591438044544508,1.5836147971364938
32,723,32002732,2.9899849864089023,1.3958280650937283
32,724,32002733,3.0546428276392974,1.5845192661066239
32,725,32002734,2.475745296690288,1.5093102088470187
32,726,32002735,2.655118796199212,1.4025948822525396
32,727,32002736,2.9444015548105162,1.4037693371323765
32,728,32002737,2.376621866699261,1.1489794030330807
32,729,32002738,2.156056800079227,1.6800378348556322
32,730,32002739,2.3368306332735282,1.533245198381104
32,731,32002740,2.5290231806692445,1.4146245102104753
32,732,32002741,4.40201006823144,1.5344389618269347
32,733,32002742,3.719482325966382,1.4314547377496718
32,734,32002743,3.3085038172707724,1.460883866631677
32,735,32002744,3.158941618291986,1.5271667250105923
32,736,32002745,3.3191224910483794,1.6278979473619202
32,737,32002746,1.9532180633594203,1.7134342984639437
32,738,32002747,3.50677814925853,1.4273575389898727
32,739,32002748,2.80262329808537,1.3571037646233157
32,740,32002749,1.7355243339962039,1.129691478209508
32,741,32002750,2.6822298404105194,1.4692028246174673
32,742,32002751,2.3465626867907625,1.461992847371434
32,743,32002752,2.0181037031121827,1.6152121772191628
32,744,32002753,2.009841778876743,1.3591307757599218
32,745,32002754,2.2426166347906196,1.347757554614059
32,746,32002755,3.738909637448569,1.3785261061978369
32,747,32002756,2.3988727403282906,1.3596023595519495
32,748,32002757,2.529459272659075,1.5983594160307042
32,749,32002758,2.8189442068620543,1.6848229673714783
32,750,32002759,2.5718496170532985,1.4415595169815534
32,751,32002760,3.078194065196641,1.3947547500403028
32,752,32002761,2.512232919257813,1.9286322029241425
32,753,32002762,2.052441372394277,1.428024807935997
32,754,32002763,2.1026531100492645,1.3555727005648213
32,755,32002764,1.9114020120511777,1.4055258004957782
32,756,32002765,3.016708272705927,1.5994549710182404
32,757,32002766,2.457328343311199,1.427275829861551
32,758,32002767,2.228920736839128,1.469038451545292
32,759,32002768,2.9074173648391337,1.7860378070531937
32,760,32002769,3.359488621605932,1.6669608208445514
32,761,32002770,2.9047646913753518,1.4741944280305062
32,762,32002771,2.6640256311582107,1.434491161212185
32,763,32002772,2.1513482940034216,1.3953714684140188
32,764,32002773,3.611150458255509,1.3031712633764967
32,765,32002774,2.911064504761849,1.7345852912652362
32,766,32002775,2.8395462064652324,1.3454578473211884
32,767,32002776,2.5818293956265617,1.4187387791160038
32,768,32002777,2.7365879625487524,1.2670193010400648
32,769,32002778,3.9401762040693376,1.5253476428890995
32,770,32002779,4.0488817610647985,1.633852216372264
32,771,32002780,3.2592678123848398,1.7214586288459808
32,772,32002781,3.343146955305608,1.4531374281177891
32,773,32002782,2.481143420019943,1.3305902334534128
32,774,32002783,2.456886211328007,1.387653237914223
32,775,32002784,3.905222403015539,1.5682573525992631
32,776,32002785,3.0833305061828384,1.2625673085605251
32,777,32002786,1.8294177244863368,1.3850442425059275
32,778,32002787,2.5465390051644934,1.2797370786524125
32,779,32002788,4.066931330039049,1.6642078932587994
32,780,32002789,2.379218092869947,1.4833561736260943
32,781,32002790,2.5632067939205343,1.5604919152338996
32,782,32002791,2.3789806292354916,1.3670606666918637
32,783,32002792,3.1394122995910085,1.406919971820059
32,784,32002793,3.280192987012423,1.4920104390582263
32,785,32002794,2.245057009453457,1.4406497121626405
32,786,32002795,3.3700601668741204,1.599245257915088
32,787,32002796,2.9579504699120847,1.6185644846178542
32,788,32002797,2.8999921028518143,1.5582787695339206
32,789,32002798,2.43778989750127,1.7052122716147247
32,790,32002799,3.1706936342802954,1.7496478502601238
32,791,32002800,2.99311799266634,1.5282631943518723
32,792,32002801,3.3039576098509498,1.8064006643087351
32,793,32002802,2.5623415153730975,1.3024555569122975
32,794,32002803,2.781060470008281,1.7333227442335184
32,795,32002804,2.610399700146287,1.4730427090786682
32,796,32002805,3.421879886916247,1.5722851134821278
32,797,32002806,2.7641867810054337,1.4257677690691752
32,798,32002807,2.9081912847018745,1.4271703911644031
32,799,32002808,2.341896581388465,1.611752791290109
32,800,32002809,2.8722167304754675,1.6280914062986074
32,801,32002810,2.1585630562832545,1.3951873217206598
32,802,32002811,3.1948407798042697,1.5397893994766243
32,803,32002812,2.655691639645859,1.4442311864617092
32,804,32002813,3.1272672328577693,1.4621459970014263
32,805,32002814,3.5382240267920753,1.419069336135268
32,806,32002815,3.761671028632242,1.598330051841247
32,807,32002816,2.7162163933355012,1.4232310347475796
32,808,32002817,3.462450781119073,1.6938045042055556
32,809,32002818,2.5144455542445185,1.6096887474482782
32,810,32002819,1.7662009128004013,1.6508407487581775
32,811,32002820,3.4137373956232757,1.393497069811461
32,812,32002821,2.581429486936898,1.4187834762609215
32,813,32002822,2.4200416726485594,1.6167186515678638
32,814,32002823,4.029221134358217,1.4816626182776387
32,815,32002824,2.2017259579823554,1.2601287346168404
32,816,32002825,2.845489034543772,1.5342960039195894
32,817,32002826,2.665510427643751,1.6758060244896955
32,818,32002827,2.5424604788074316,1.5894300528516532
32,819,32002828,2.7587928736312697,1.3304006783250006
32,820,32002829,2.5106098230025613,1.4475377903992095
32,821,32002830,2.814664708973996,1.3445709295735666
32,822,32002831,2.7047621912692854,1.3231369612188437
32,823,32002832,2.4426192433871825,1.308298776175464
32,824,32002833,2.109371689466272,1.328399299158649
32,825,32002834,2.51417678011123,1.4450145332416933
32,826,32002835,2.9859652780897936,1.2819315691962976
32,827,32002836,4.884433027667014,1.6733547560002988
32,828,32002837,3.0269393780909057,1.430627225093753
32,829,32002838,2.566511826573325,1.3507731889268348
32,830,32002839,3.316900454731157,1.4088075745937225
32,831,32002840,2.8747703557361826,1.318982733964686
32,832,32002841,4.259280695155813,1.6713509932857114
32,833,32002842,1.8689572615712242,1.0336811065224536
32,834,32002843,2.4440430992538453,1.0854960790945989
32,835,32002844,2.3989917522372375,1.1023845709573734
32,836,32002845,2.8255186580919456,1.326495045305796
32,837,32002846,2.453894207886007,1.327385309593918
32,838,32002847,2.8157372377157053,1.3904148440943753
32,839,32002848,2.6929759577637777,1.4964403833858466
32,840,32002849,2.8268011940758506,1.7151009586174168
32,841,32002850,5.15588211456211,1.441057086065109
32,842,32002851,2.150573680955234,1.1017066857467164
32,843,32002852,2.7897662358177984,1.506587340546587
32,844,32002853,3.97110140404659,1.453334813312319
32,845,32002854,3.56093222803008,1.520443517758983
32,846,32002855,3.327458975062005,1.5060385362039421
32,847,32002856,2.35444930500183,1.7326548958115244
32,848,32002857,2.9520573549597695,1.3390288081796702
32,849,32002858,1.8773907694530731,1.2000347579608979
32,850,32002859,5.096142160252057,1.4340719562807374
32,851,32002860,1.9634446166150141,1.4554470237511976
32,852,32002861,2.7777886787049524,1.5826362221808776
32,853,32002862,2.3885916255412303,1.2114509420402646
32,854,32002863,2.7545200966018064,1.4353075182154378
32,855,32002864,2.929195584691227,1.6283878157516123
32,856,32002865,2.5410734004096165,1.3034189308442015
32,857,32002866,2.067753451418007,1.5193027163181798
32,858,32002867,4.241449599550339,1.218391896420229
32,859,32002868,2.389250758446114,1.2922156929177413
32,860,32002869,3.137502764558753,1.232791936716507
32,861,32002870,2.997923806602797,1.5553071945777173
32,862,32002871,1.9921759414457472,1.2313027153448963
32,863,32002872,2.7886843323597437,1.3426289449223507
32,864,32002873,2.470552559635067,1.419428828931232
32,865,32002874,2.6027989685180106,1.6521672340516043
32,866,32002875,2.554092581977163,1.7865111185993001
32,867,32002876,3.3134259951688443,1.4199833540521025
32,868,32002877,2.1971027477106646,1.5393419219083688
32,869,32002878,2.31149127070355,1.1135512425211598
32,870,32002879,4.330499402087534,1.503986804195775
32,871,32002880,2.9669725665491775,1.36276018782196
32,872,32002881,2.770090691117107,1.682828706257113
32,873,32002882,3.342210253543867,1.5760117256585482
32,874,32002883,2.4079932483448094,1.1278851559560743
32,875,32002884,3.0432934501074707,1.6013931919654685
32,876,32002885,2.3944036391569927,1.4276525830643902
32,877,32002886,2.434720877961844,1.2979182746459703
32,878,32002887,4.530233382624796,1.3039681099217963
32,879,32002888,2.830000881057077,1.470304583033056
32,880,32002889,3.0538118228160025,1.3120785289228676
32,881,32002890,2.62691345918302,1.4794202224673971
32,882,32002891,2.1893391705562117,1.2425672353948118
32,883,32002892,2.670479381403027,1.4872347831208592
32,884,32002893,3.029659373907948,1.2722119989525487
32,885,32002894,1.7771628177415322,1.3464183360072566
32,886,32002895,2.3432995910694854,1.2706838835624905
32,887,32002896,3.35727136204215,1.5676618791588948
32,888,32002897,2.831374963692708,1.6775136108075253
32,889,32002898,3.036434801186066,1.52999490645041
32,890,32002899,3.1948332448870995,1.731667917249159
32,891,32002900,3.0172375429621723,1.4946801215217043
32,892,32002901,4.142898394403125,1.5967189169963074
32,893,32002902,2.083663138444025,1.3777156993964914
32,894,32002903,2.788726845139588,1.3987482728645126
32,895,32002904,2.1303392151953298,1.2412327258834104
32,896,32002905,3.479406470524787,1.52066411550968
32,897,32002906,3.1652233720574703,1.5187568019683926
32,898,32002907,2.218592925007245,1.7585407320478879
32,899,32002908,3.186047237943408,1.4966592072531244
32,900,32002909,2.8200724735438225,1.801949038612166
32,901,32002910,2.4017804652242654,1.4023629373634394
32,902,32002911,2.463294977161158,1.4942090488183197
32,903,32002912,2.425338243779467,1.3143123329589368
32,904,32002913,3.16550347989801,1.5505576321191388
32,905,32002914,3.602708581656784,1.5403040937385966
32,906,32002915,2.2563044648816053,1.533245906433511
32,907,32002916,2.651704362790225,1.4653415863283685
32,908,32002917,2.43788130111881,1.254899751449489
32,909,32002918,3.3482970665427008,1.5961523288915525
32,910,32002919,2.9325914235434305,1.4428580023126796
32,911,32002920,2.5505957861676833,1.6385416442869758
32,912,32002921,1.8427341124061143,1.3442724136114843
32,913,32002922,2.4407057710078797,1.0608397120286566
32,914,32002923,2.9860134595752523,1.7677867482895606
32,915,32002924,2.4394480639753,1.2210441667479084
32,916,32002925,3.2359119670727696,1.413001648771669
32,917,32002926,2.542967291807032,1.3702216784952161
32,918,32002927,2.746317356516629,1.5310221789975904
32,919,32002928,3.2817486773408837,1.725196512416774
32,920,32002929,2.50672490192405,1.3498705322151958
32,921,32002930,4.579965871083701,1.538922258740716
32,922,32002931,3.798785637417729,1.6099094803084337
32,923,32002932,2.397826707628161,1.2815986256536545
32,924,32002933,2.0223790916498854,1.4194584191003878
32,925,32002934,3.6131545831606924,1.472207220332813
32,926,32002935,2.0977429605368747,1.4472612770802595
32,927,32002936,3.1146926715757925,1.3969097515627136
32,928,32002937,2.127570673377105,1.1742544525476333
32,929,32002938,2.299229980261583,1.4436265928332013
32,930,32002939,3.2412356541581677,1.3765902820215594
32,931,32002940,2.656041199149468,1.1239917320152053
32,932,32002941,2.001446320110432,1.5450394186978993
32,933,32002942,2.5374135211003894,1.4675456476753252
32,934,32002943,2.8205441966031444,1.5463256293166305
32,935,32002944,1.8767571382389912,1.0
32,936,32002945,3.2998326093688184,1.4078675219232673
32,937,32002946,2.836349572636759,1.524650753351993
32,938,32002947,2.7328849166553693,1.303764358835237
32,939,32002948,3.9200547581667147,1.5484101837753284
32,940,32002949,2.5953453314661177,1.5320830457211145
32,941,32002950,3.3898648124806234,1.3389200444602567
32,942,32002951,2.644858117808969,1.5290037412479458
32,943,32002952,3.076573891217746,1.436783521174461
32,944,32002953,2.4167163146699213,1.1789343000229626
32,945,32002954,2.165858711048589,1.422369619216524
32,946,32002955,3.08353531756895,1.6346688569839853
32,947,32002956,3.698496707201279,1.5169978619925977
32,948,32002957,3.2773577428914558,1.1449345164840667
32,949,32002958,4.647790931772447,1.8937646948877374
32,950,32002959,2.508370129424796,1.1939221834655669
32,951,32002960,2.9744593658061462,1.4642703743322059
32,952,32002961,2.5610766861199683,1.4952626566198461
32,953,32002962,2.926457438648042,1.328489580251049
32,954,32002963,2.893112409258514,1.5611762261604871
32,955,32002964,1.8724225960088794,1.3876962744160792
32,956,32002965,5.039126044282775,1.3316850259174067
32,957,32002966,2.2227042001998147,1.4997929245520327
32,958,32002967,2.490050391296408,1.613976730100358
32,959,32002968,2.8080916367565854,1.3699112673214864
32,960,32002969,5.970480633511619,1.3682699992360698
32,961,32002970,2.961863339872975,1.6759387111570283
32,962,32002971,3.6206631027600267,1.465944042115908
32,963,32002972,3.3035426595890693,1.7042151999500896
32,964,32002973,3.1175408799310187,1.3416665905949885
32,965,32002974,3.5318679960144834,1.5907529604829596
32,966,32002975,2.3535579748725484,1.4799132274436837
32,967,32002976,2.57252285412142,1.426569780490568
32,968,32002977,3.5453118292504406,1.407424566303802
32,969,32002978,2.2283197520708393,1.3128957016523575
32,970,32002979,2.6301540608405753,1.5601242636305703
32,971,32002980,2.5033644958761565,1.5536072003619716
32,972,32002981,4.03265270576249,1.4210420789658762
32,973,32002982,2.883780460625916,1.7193014776628452
32,974,32002983,2.870666577214245,1.5036091305878736
32,975,32002984,2.6889631165545755,1.1441364472271995
32,976,32002985,2.570139720482111,1.6366640369941474
32,977,32002986,3.0815439550716053,1.3191747630153576
32,978,32002987,3.3013583679650447,1.3745755360581247
32,979,32002988,2.7422625786934973,1.3355331408214894
32,980,32002989,2.6119068411596387,1.1470624631983304
32,981,32002990,2.78979609213047,1.6486937708648215
32,982,32002991,2.2282734562918156,1.6260015211294332
32,983,32002992,3.27152756252578,1.634705487535951
32,984,32002993,2.682640381608181,1.5142794316825023
32,985,32002994,3.288522546897555,1.7248136424616696
32,986,32002995,3.181189534270903,1.8622761045835883
32,987,32002996,2.9213039756138928,1.5814732541860341
32,988,32002997,3.8383755495570107,1.44034100893564
32,989,32002998,2.03043070331606,1.304861216231021
32,990,32002999,3.0012955853305194,1.5401012593980223
32,991,32003000,2.9024049522869992,1.453123923528619
32,992,32003001,2.7952760933310117,1.4200206649984104
32,993,32003002,3.317836955230571,1.3502151339113349
32,994,32003003,2.249801573316732,1.1067738859977534
32,995,32003004,2.568923726953832,1.3713230425008982
32,996,32003005,2.6189062541028028,1.5108034906531764
32,997,32003006,2.2080942895317306,1.4888417553855067
32,998,32003007,2.775531398081226,1.474518113657419
32,999,32003008,3.010094916732853,1.4179734934716821
32,1000,32003009,2.522995116399894,1.424241223863994
32,1001,32003010,2.8029197317287755,1.4497854099130136
32,1002,32003011,2.4959548912086795,1.3434694455385403
32,1003,32003012,3.0031334808749084,1.5621810908189275
32,1004,32003013,2.4513354207603637,1.4226747736282914
32,1005,32003014,1.9863147651338873,1.2170782436590688
32,1006,32003015,2.3496991481054983,1.5694711385325446
32,1007,32003016,2.3677600295540113,1.3519704608909415
32,1008,32003017,2.5241137608478126,1.2030771935206752
32,1009,32003018,2.663441704840911,1.7903908243968094
32,1010,32003019,2.2405268891117895,1.5556829965198011
32,1011,32003020,2.520141455225787,1.4195606489833015
32,1012,32003021,2.2813776759533666,1.228881000602574
32,1013,32003022,3.6007543058361304,1.4968410855152432
32,1014,32003023,2.3527823504866343,1.421879154548901
32,1015,32003024,1.9315175301673086,1.2118093301148625
32,1016,32003025,2.825583331502824,1.5824710220252347
32,1017,32003026,3.1774738950436134,1.7153995987111894
32,1018,32003027,2.9297834122486632,1.250759543351245
32,1019,32003028,3.519485865742971,1.7202396757277942
32,1020,32003029,2.3136978095267446,1.6629180004107145
32,1021,32003030,2.1956390117796203,1.5398111240232328
32,1022,32003031,2.8165927640100166,1.4590870725018281
32,1023,32003032,2.8499359588035547,1.4353006136723745
32,1024,32003033,2.8908544380174916,1.5291000216545738
32,1025,32003034,2.6138931784081816,1.4864453925590206
32,1026,32003035,2.9806558414205635,1.282124564345918
32,1027,32003036,2.887456198095388,1.490088779240915
32,1028,32003037,2.5865341732197886,1.546494322359629
32,1029,32003038,2.2870656814297092,1.5718713339886528
32,1030,32003039,3.623748865801937,1.3981906269471398
32,1031,32003040,2.4996526685669336,1.3284445172214654
32,1032,32003041,2.1393385235282576,1.9142534750365574
32,1033,32003042,2.086813583598719,1.3662747524328103
32,1034,32003043,3.2047548243996795,1.1880046288153323
32,1035,32003044,2.5933087849011542,1.6993381464555615
32,1036,32003045,1.7956119984015932,1.0253917428119894
32,1037,32003046,2.7920844199367543,1.566654592827712
32,1038,32003047,3.3939562782190045,1.4254860893838996
32,1039,32003048,2.9016001122386372,1.493398214037173
32,1040,32003049,2.3900476374773256,1.4394670924923
32,1041,32003050,2.9859595128164957,1.2677294010048143
32,1042,32003051,1.8191277441047986,1.2034831940016457
32,1043,32003052,2.0497573547686647,1.333017386130159
32,1044,32003053,2.2709866081370027,1.325527535923059
32,1045,32003054,2.3577715546306153,1.3212274505842116
32,1046,32003055,3.1248458187551194,1.3398980303328683
32,1047,32003056,1.7653275331240519,1.2509630008065262
32,1048,32003057,2.6595358986832816,1.5222789351240034
32,1049,32003058,3.2667503089230068,1.657948384027671
32,1050,32003059,3.3103848768923116,1.4978246078453856
32,1051,32003060,2.8618143117323216,1.5561594407590016
32,1052,32003061,3.0709535740281897,1.3805641757161466
32,1053,32003062,2.1954371625817632,1.3026433392809835
32,1054,32003063,2.690640735313437,1.6264619689931128
32,1055,32003064,3.3089191005569694,1.434575463329596
32,1056,32003065,2.372367029926538,1.5898579242510573
32,1057,32003066,2.8187979798291,1.6280305724717599
32,1058,32003067,2.3758924797328453,1.3704015284880677
32,1059,32003068,3.5835940698247404,1.3115867622001671
32,1060,32003069,2.6270766252403814,1.1634088362963357
32,1061,32003070,2.470836927791364,1.4204835372938796
32,1062,32003071,2.6623647090559115,1.696261276547064
32,1063,32003072,2.0659463766894484,1.415168685642901
32,1064,32003073,4.927190418302322,1.4911455404717873
32,1065,32003074,3.0164925025879725,1.5734268403363176
32,1066,32003075,4.189745160276593,1.5499317874214955
32,1067,32003076,3.470445143188716,1.5729662835014329
32,1068,32003077,2.32524419511007,1.5167044942914092
32,1069,32003078,4.225716238494966,1.929928969435699
32,1070,32003079,2.3384665516271053,1.1821502112138746
32,1071,32003080,2.389631052160114,1.6052722988360684
32,1072,32003081,2.9615402370299146,1.533259051961379
32,1073,32003082,3.61682887249478,1.5951499363318158
32,1074,32003083,3.136534738592053,1.4097132411763191
32,1075,32003084,2.0420611205726065,1.5215107188413224
32,1076,32003085,3.3261870342129938,1.3514821566426427
32,1077,32003086,2.6950541772532963,1.5819450421084034
32,1078,32003087,2.9137715202792887,1.4362402194006445
32,1079,32003088,2.3001613069117024,1.3054487449067644
32,1080,32003089,2.205103891302363,1.5044063723250651
32,1081,32003090,3.0874987073079083,1.4739969313163641
32,1082,32003091,1.9956268077304102,1.3425847792564731
32,1083,32003092,3.238362194946589,1.665061618740769
32,1084,32003093,2.9647898705340157,1.5504086349363078
32,1085,32003094,2.642705419786501,1.5701953288506119
32,1086,32003095,2.6642418706164084,1.1924245760662524
32,1087,32003096,3.3815691716298764,1.1936958946244096
32,1088,32003097,2.306549367690314,1.4140944896882433
32,1089,32003098,4.081883791536821,1.3258286399316068
32,1090,32003099,1.9531497284193555,1.373066177369716
32,1091,32003100,4.625829496896612,1.3424150599046536
32,1092,32003101,2.2739406780998546,1.0145585819928575
32,1093,32003102,2.7867817757687923,1.4821177845545797
32,1094,32003103,2.209004839761671,1.2883814164089877
32,1095,32003104,2.581619045066706,1.4203413313709345
32,1096,32003105,2.7142137857086164,1.543282965717012
32,1097,32003106,3.2123160526482386,1.690379389562639
32,1098,32003107,2.180717332151774,1.2412269549284114
32,1099,32003108,2.1658249353495993,1.3760684080306589
32,1100,32003109,2.846584315900416,1.2924078702767625
32,1101,32003110,1.8172372085345032,1.3206289772187954
32,1102,32003111,4.4109671077809605,1.376796252440104
32,1103,32003112,2.041565254926292,1.4076060778057105
32,1104,32003113,2.226756455927684,1.3695629708992836
32,1105,32003114,2.4180882390310345,1.1276025457900976
32,1106,32003115,2.59513664986105,1.4872045501963398
32,1107,32003116,1.9298219440607,1.2383155353140147
32,1108,32003117,2.232642031803258,1.3845398969266904
32,1109,32003118,2.683987659306783,1.4126459043658937
32,1110,32003119,2.7269545147399725,1.3090477551788802
32,1111,32003120,1.8721339261505017,1.4311136941833618
32,1112,32003121,3.642730846983421,1.5002671430382915
32,1113,32003122,3.9915351475974603,1.5131461226108236
32,1114,32003123,2.4877393341649343,1.36805898540735
32,1115,32003124,4.310750721416478,1.860759985360155
32,1116,32003125,3.250597700460502,1.4021485681652215
32,1117,32003126,1.9245283869948697,1.3133690209271673
32,1118,32003127,2.9328314414976804,1.2977343621817636
32,1119,32003128,2.4485649322916365,1.397670447070797
32,1120,32003129,2.604467493048139,1.7599124386859901
32,1121,32003130,2.5168693988195363,1.3687649070925332
32,1122,32003131,2.975085719383569,1.5653370927922179
32,1123,32003132,2.13031095209822,1.2842608802379627
32,1124,32003133,2.7555180003542703,1.2975634282072017
32,1125,32003134,2.555902234396155,1.426682476478976
32,1126,32003135,3.532041163025809,1.2828286034365826
32,1127,32003136,2.4912165225157485,1.4372874868672623
32,1128,32003137,2.6143599791026104,1.5057113804176765
32,1129,32003138,2.2054056826586392,1.357058197600252
32,1130,32003139,3.317149294096094,1.762058710110737
32,1131,32003140,3.3284694700889474,1.368729094112985
32,1132,32003141,3.328166607468378,1.5176690162908746
32,1133,32003142,3.401942197268371,1.42485910768603
32,1134,32003143,4.375264146587096,1.4370260205436782
32,1135,32003144,2.5363364665632324,1.4561392113741582
32,1136,32003145,2.888514395705599,1.4686118520097404
32,1137,32003146,2.9313657302044804,1.3724475323754426
32,1138,32003147,2.5633639994575916,1.4711013727284554
32,1139,32003148,2.9104314738246675,1.4851989835996993
32,1140,32003149,3.5197250834658522,1.5560832266141742
32,1141,32003150,1.8637724951177996,1.6107080632618977
32,1142,32003151,3.0458714857980915,1.5344876643482466
32,1143,32003152,2.5210739818689154,1.836744632045327
32,1144,32003153,2.2411803324699795,1.2687001528872615
32,1145,32003154,1.752452650716524,1.3903654113339095
32,1146,32003155,3.1463188854345687,1.5707214364064839
32,1147,32003156,2.983317505947332,1.421718084699679
32,1148,32003157,2.406010586876349,1.6637950823953742
32,1149,32003158,2.800470850638727,1.377105223291302
32,1150,32003159,3.245025606166614,1.500610782673254
32,1151,32003160,3.0152088414792706,1.566291349617863
32,1152,32003161,2.1099520070388134,1.4852095922969668
32,1153,32003162,2.042896634730234,1.1034209680704792
32,1154,32003163,3.8057390453047693,1.3687384665082207
32,1155,32003164,2.7259743609908633,1.2781406377873537
32,1156,32003165,3.8512901655788276,1.9438033158391228
32,1157,32003166,2.701873657258828,1.4118547461409618
32,1158,32003167,2.6229044471950935,1.3895928036190592
32,1159,32003168,2.3851446139842487,1.3297152489194621
32,1160,32003169,2.8715750094396437,1.616900057550136
32,1161,32003170,3.5477117927161324,1.3892859001706308
32,1162,32003171,2.6718853408207015,1.674232910541673
32,1163,32003172,3.0852673240356023,1.6562402843808173
32,1164,32003173,2.705457096553026,1.3412044929282336
32,1165,32003174,2.8657831529060838,1.344647857125621
32,1166,32003175,2.681792706026042,1.5254778744156527
32,1167,32003176,2.7487533431567996,1.2826686412887596
32,1168,32003177,3.2237805541289557,1.627009638006983
32,1169,32003178,2.2501044521848925,1.4837170111731788
32,1170,32003179,2.446815182746052,1.2037149361485602
32,1171,32003180,3.0230125838519077,1.515206845265968
32,1172,32003181,2.5859636177210072,1.391056974430258
32,1173,32003182,2.6521288785112684,1.4818639592531586
32,1174,32003183,2.1452164289616573,1.3041939425543922
32,1175,32003184,3.2987547770007457,1.1150512763527705
32,1176,32003185,3.461034007069692,1.593612554274233
32,1177,32003186,2.373170572451276,1.4916309819161182
32,1178,32003187,2.3901239545982853,1.324389104250894
32,1179,32003188,2.1271648890326604,1.3213128766879323
32,1180,32003189,2.3216267742302357,1.2114436917364833
32,1181,32003190,2.0792579001771943,1.1439091811057116
32,1182,32003191,2.51773357028599,1.4175770900367375
32,1183,32003192,2.6452094320410895,1.3568467226840815
32,1184,32003193,3.3140530127370065,1.468655769524539
32,1185,32003194,3.8531687999485422,1.7794860588227417
32,1186,32003195,2.773365740657607,1.5073932891106419
32,1187,32003196,5.75449430161091,1.428454505591033
32,1188,32003197,2.6921504255760285,1.1732264246645032
32,1189,32003198,2.9333380289889983,1.4485964288116626
32,1190,32003199,2.252470998192322,1.375989701333712
32,1191,32003200,4.086160753469548,1.7026396719194672
32,1192,32003201,2.835726443741498,1.728984768462672
32,1193,32003202,2.799419228086201,1.51014466563489
32,1194,32003203,1.989895828839626,1.1233115202958541
32,1195,32003204,2.055953271796138,1.24386863712619
32,1196,32003205,2.383639196329604,1.4543995183762943
32,1197,32003206,4.051821956080083,1.600457345129486
32,1198,32003207,2.4080156897764002,1.3091514376192541
32,1199,32003208,2.7438876191242114,1.4686747622889975
32,1200,32003209,3.963094864953456,1.541306997509325
32,1201,32003210,2.0704942494709635,1.38623026762192
32,1202,32003211,2.823513323981378,1.7239162776040644
32,1203,32003212,3.5741639697704657,1.5221209166249294
32,1204,32003213,3.251096070142051,1.3473269547613864
32,1205,32003214,2.6004036822204033,1.5472140029857946
32,1206,32003215,2.094095121467957,1.2917209387353306
32,1207,32003216,2.961925853099029,1.340952020021176
32,1208,32003217,2.8226542145287814,1.5041310304289757
32,1209,32003218,3.0857147784746366,1.6105605544822732
32,1210,32003219,2.554607595496777,1.2878985702496668
32,1211,32003220,2.6237508778387566,1.8571276269093466
32,1212,32003221,2.353814827256674,1.4112650163748113
32,1213,32003222,3.5188884615074043,1.5016307695821207
32,1214,32003223,2.2299257534757277,1.5114515603641745
32,1215,32003224,2.651674434023501,1.3994984026297486
32,1216,32003225,2.2364870213746535,1.2195605310746973
32,1217,32003226,2.328981561611569,1.4479373432547362
32,1218,32003227,3.0566430702633536,1.6916909100727404
32,1219,32003228,3.5283897919311253,1.626540165878787
32,1220,32003229,3.59974211233917,1.4456051524892717
32,1221,32003230,2.9396336676239794,1.3617807456300695
32,1222,32003231,2.4316328650158163,1.6361457136684079
32,1223,32003232,3.836893280476349,1.3549577690253314
32,1224,32003233,3.7672026134080276,1.477010861560291
32,1225,32003234,2.7875105777251665,1.6245595660462757
32,1226,32003235,2.7075948293684218,1.262096832181602
32,1227,32003236,2.838560718086332,1.4595580316089247
32,1228,32003237,3.2288295805510687,1.5276958768974471
32,1229,32003238,4.091739971380504,1.5155555353675398
32,1230,32003239,2.9136095664155,1.426452201217135
32,1231,32003240,2.3997353797092775,1.2449089815320573
32,1232,32003241,2.4609743477026997,1.3447766801700054
32,1233,32003242,2.24426112954101,1.4234949622548334
32,1234,32003243,3.3113680054455674,1.7350257752781588
32,1235,32003244,2.103179359096646,1.6152093762356383
32,1236,32003245,2.9627658182950016,1.3158646576225497
32,1237,32003246,3.2240510688116677,1.8971890001061757
32,1238,32003247,4.0477381621456825,1.5359465739957205
32,1239,32003248,2.2753522576818765,1.4232384578710036
32,1240,32003249,2.7445567089714116,1.7281456769184822
32,1241,32003250,2.5459182587579945,1.7156746865678199
32,1242,32003251,2.6751298053633965,1.2275465609779885
32,1243,32003252,2.1590143466646023,1.3586812121963214
32,1244,32003253,2.3456027176990277,1.7458317204890814
32,1245,32003254,2.4372022891661738,1.4488200607369708
32,1246,32003255,2.1339123293583495,1.4061998944304956
32,1247,32003256,3.2077238979311895,1.5568102971979771
32,1248,32003257,4.182578901594866,1.8110779068554594
32,1249,32003258,3.1287777089450644,1.301511595869329
32,1250,32003259,1.92027243768338,1.2296819094414413
32,1251,32003260,2.7162779036245133,1.4269874886843728
32,1252,32003261,3.1758465562916314,1.4406549963171642
32,1253,32003262,2.5457783510109904,1.354263319036939
32,1254,32003263,1.9972503323443818,1.3983648949694745
32,1255,32003264,2.171662668611084,1.4101065016516021
32,1256,32003265,2.86717195603281,1.698475321694406
32,1257,32003266,2.6587904265025926,1.6869335378952888
32,1258,32003267,2.2242961398134433,1.3828458411375246
32,1259,32003268,1.9921883368692117,1.3078888060739855
32,1260,32003269,2.061478270822249,1.4607812929779713
32,1261,32003270,2.74681022909151,1.3072416667605122
32,1262,32003271,3.390904236071757,1.3811690815297777
32,1263,32003272,3.3138842768147474,2.002000235832455
32,1264,32003273,2.2439288337514696,1.326663101996058
32,1265,32003274,2.5900926087676535,1.3183209941101475
32,1266,32003275,2.527785503601647,1.5037951027471523
32,1267,32003276,1.9975376719448925,1.4499815536118852
32,1268,32003277,3.130356052100585,1.4602726586598176
32,1269,32003278,2.9516576742573535,1.4819669972823022
32,1270,32003279,3.1493061132236932,1.5055241378451
32,1271,32003280,2.891647252497865,1.5063460619429583
32,1272,32003281,3.171993443321514,1.6008227978990988
32,1273,32003282,2.010451468484143,1.3819947429730293
32,1274,32003283,2.4610129431019887,1.4864085683716848
32,1275,32003284,2.7313062741043095,1.614343567675307
32,1276,32003285,3.046586377870894,1.5419396251741602
32,1277,32003286,3.846852034270924,1.6128332473548044
32,1278,32003287,3.5103737803767237,1.464375377033903
32,1279,32003288,3.12360336211198,1.5925070788881837
32,1280,32003289,3.142731036491658,1.3671420104936949
32,1281,32003290,3.844965177794894,1.4906851077060312
32,1282,32003291,1.977459676573011,1.12895410284993
32,1283,32003292,2.7396354503484437,1.6585087047903884
32,1284,32003293,2.2867128620262394,1.3142299288227035
32,1285,32003294,2.376299940667117,1.482231854870885
32,1286,32003295,2.7699426782349907,1.6833219840102887
32,1287,32003296,2.9645916733954993,1.3211887873793726
32,1288,32003297,4.315279102967138,1.5765697441225257
32,1289,32003298,2.46030021579992,1.5721734552753899
32,1290,32003299,3.3805912041995216,1.828778284771121
32,1291,32003300,1.9670611675938405,1.4793632980562537
32,1292,32003301,2.1692028473623717,1.6045447687962033
32,1293,32003302,2.698119039952365,1.3667361721288651
32,1294,32003303,2.5491888665400095,1.2829619449244976
32,1295,32003304,2.65257586654944,1.3794425272019644
32,1296,32003305,2.8931096412715935,1.6249874767783514
32,1297,32003306,2.460278214635418,1.2770159124163976
32,1298,32003307,2.2326218497427144,1.3243190332779922
32,1299,32003308,2.1768931270179754,1.2597946061483873
32,1300,32003309,2.98649170154477,1.396483303759646
32,1301,32003310,2.1934440053288347,1.2324590163645666
32,1302,32003311,2.7626443915111762,1.3465220663695674
32,1303,32003312,2.388965056832948,1.6743908950927469
32,1304,32003313,2.1409892851979975,1.4339213206812393
32,1305,32003314,2.438418904458067,1.444580574498943
32,1306,32003315,2.9799941467288646,1.7138147108236887
32,1307,32003316,2.698814784699132,1.454703438537309
32,1308,32003317,3.8796671832057874,1.3242792327798658
32,1309,32003318,2.8488186914232827,1.5072956729195608
32,1310,32003319,2.452770667978279,1.6912299309493581
32,1311,32003320,3.730511737056746,1.612418884089368
32,1312,32003321,2.277264311757717,1.222236472249872
32,1313,32003322,2.8882477764334675,1.4498876691773557
32,1314,32003323,1.8978983658561475,1.6863619536445509
32,1315,32003324,2.7430918648251597,1.7770949666756681
32,1316,32003325,2.94205002921829,1.4645304749284829
32,1317,32003326,2.9027161077843115,1.710817336814005
32,1318,32003327,2.7097805779936825,1.267933553973187
32,1319,32003328,3.8139031263326766,1.3791647121910173
32,1320,32003329,2.8939522669122417,1.2470177757471905
32,1321,32003330,3.063952671904276,1.6068663370666885
32,1322,32003331,3.1701609817519567,1.6877530046479643
32,1323,32003332,2.2269504096164194,1.2021245319165599
32,1324,32003333,2.9531217497990974,1.4165323758610409
32,1325,32003334,3.0771854939321504,1.0346451010496658
32,1326,32003335,2.558045569433181,1.4882124270948198
32,1327,32003336,2.704985739454622,1.4391509576022665
32,1328,32003337,3.9353434451136717,1.5939380571963648
32,1329,32003338,3.9462851116633075,1.526928004224867
32,1330,32003339,2.5110080555441594,1.2321922530173428
32,1331,32003340,2.992957338866772,1.5078395091231511
32,1332,32003341,2.4566387996294337,1.232985696864259
32,1333,32003342,2.0439481118307943,1.547216779425256
32,1334,32003343,2.133566607123792,1.5878333461514256
32,1335,32003344,2.745400573392452,1.5452349854579428
32,1336,32003345,2.526886054167834,1.5673206071229733
32,1337,32003346,2.377502697167306,1.5311447721462697
32,1338,32003347,2.854922611495637,1.496195738393821
32,1339,32003348,2.7751725714036253,1.3761746154872772
32,1340,32003349,1.9990658212964745,1.3746236225624076
32,1341,32003350,2.6342878066276127,1.358970997590126
32,1342,32003351,2.1039104232202765,1.232178669895104
32,1343,32003352,2.3688771276893865,1.359704319037591
32,1344,32003353,2.5311739032402767,1.6851973868533459
32,1345,32003354,2.0561997202313362,1.0592522783444278
32,1346,32003355,2.706453807724982,1.3009794320016663
32,1347,32003356,2.7666415749458237,1.4149118116955595
32,1348,32003357,2.1282022452073353,1.27849961167708
32,1349,32003358,2.3821557347267635,1.3154057731590496
32,1350,32003359,2.4002436814255232,1.116795529798266
32,1351,32003360,3.1914825890477805,1.4275068807689268
32,1352,32003361,2.3256930522049424,1.3052223802425365
32,1353,32003362,2.9663625474119044,1.2678363390852487
32,1354,32003363,2.6592663641350436,1.5206012911678772
32,1355,32003364,2.6558544860526143,1.1324851525530228
32,1356,32003365,2.8947230416969467,1.365772801702894
32,1357,32003366,3.3590747870767097,1.434866537021981
32,1358,32003367,2.190620594894771,1.225212192848159
32,1359,32003368,3.039725535163373,1.5580328719376764
32,1360,32003369,4.365058298028599,1.4979186408546692
32,1361,32003370,3.086812377740012,1.9119438382355227
32,1362,32003371,2.8315452217884256,1.4135272234661465
32,1363,32003372,4.95787800525504,1.466701727759687
32,1364,32003373,2.25690041747294,1.3085837213115095
32,1365,32003374,2.8002151738340624,1.3918153215799425
32,1366,32003375,2.2126337807195284,1.2906485829403924
32,1367,32003376,3.116167404910159,1.587668025668657
32,1368,32003377,1.9101594697284885,1.516356101165758
32,1369,32003378,3.997473645464035,1.4455308758546974
32,1370,32003379,2.1105889367698345,1.2030653924750216
32,1371,32003380,4.63968596926101,1.7514160309327549
32,1372,32003381,2.1433516463534636,1.1700780738469052
32,1373,32003382,2.663389313694892,1.3062369237653357
32,1374,32003383,2.2321642910471406,1.31488122981817
32,1375,32003384,2.7784972367546406,1.6465774590756521
32,1376,32003385,2.276223065358003,1.6772303882472472
32,1377,32003386,2.80056302676386,1.2797547390864323
32,1378,32003387,4.327550726513575,1.7207404811177418
32,1379,32003388,2.158789961097004,1.5910540640472461
32,1380,32003389,2.769217840055533,1.465197452311306
32,1381,32003390,2.7670348247096275,1.3530803467216266
32,1382,32003391,2.942261030094946,1.3566220458112788
32,1383,32003392,2.468704447076238,1.4841109295130612
32,1384,32003393,2.5712041980622327,1.2465365640818562
32,1385,32003394,2.4389177029864384,1.5283693203606639
32,1386,32003395,2.3668454338053815,1.5570631690191625
32,1387,32003396,2.2127530323518636,1.7272565618683937
32,1388,32003397,2.4876425469535626,1.3928224425169522
32,1389,32003398,2.758786262136159,1.3474663659121946
32,1390,32003399,2.81764191692288,1.6153497140640507
32,1391,32003400,3.379541847050152,1.4039703406838089
32,1392,32003401,4.069787666959779,1.2156455168034117
32,1393,32003402,1.9745060488045187,1.201676877298979
32,1394,32003403,3.53603787424951,1.7548964560628637
32,1395,32003404,2.2817683581790966,1.5920686138168485
32,1396,32003405,2.236137170134915,1.3880845249415168
32,1397,32003406,2.5292445186806427,1.5091139985800495
32,1398,32003407,2.8684113742829407,1.5085280066013533
32,1399,32003408,2.181476802318807,1.20313826755467
32,1400,32003409,2.6376725985519363,1.3143350680810564
32,1401,32003410,2.31090819521124,1.7523905589569895
32,1402,32003411,5.239142076786586,1.3661971353147186
32,1403,32003412,3.4801654899503043,1.469628927356358
32,1404,32003413,2.0467175322058435,1.3599059406629135
32,1405,32003414,2.831562408130159,1.3409700826545632
32,1406,32003415,2.3020922296281676,1.3814935545550735
32,1407,32003416,3.6996115448421314,1.5103448075166375
32,1408,32003417,2.4964809084540844,1.4758555691243607
32,1409,32003418,2.923363134273225,1.36264086964718
32,1410,32003419,2.8889939277057897,1.3613003745429009
32,1411,32003420,2.782920832169103,1.4701573778449766
32,1412,32003421,2.8949670836702115,1.2909771478172853
32,1413,32003422,2.279108436027586,1.06452855345851
32,1414,32003423,2.6875108669296153,1.335695682539935
32,1415,32003424,2.5949294390851794,1.6994680603822168
32,1416,32003425,2.5927108052569867,1.4713242903311123
32,1417,32003426,2.091315454350254,1.3667724116863968
32,1418,32003427,4.697378696505238,1.4283493211417277
32,1419,32003428,2.6026688212510365,1.6657214573733399
32,1420,32003429,2.4272179176386377,1.1337323772769368
32,1421,32003430,4.143671218261402,1.539314670678864
32,1422,32003431,2.3732165652981974,1.266695846771988
32,1423,32003432,2.713276542822897,1.4312132578926429
32,1424,32003433,2.505101752812869,1.6204804220713462
32,1425,32003434,3.9944133643642767,1.566593503266468
32,1426,32003435,2.1790788386846645,1.0292850386531933
32,1427,32003436,2.202933157429748,1.569236790094574
32,1428,32003437,2.4584122847887913,1.4950852438542819
32,1429,32003438,3.0737074128006765,1.4373494344872004
32,1430,32003439,3.876369635066147,1.5447318537455867
32,1431,32003440,2.1226798003165133,1.259162825014035
32,1432,32003441,3.5914341751278847,1.7077663516157788
32,1433,32003442,4.422587793386711,1.8885599435027378
32,1434,32003443,2.821836464674184,1.3107781766752538
32,1435,32003444,4.824136383376913,1.554398030460269
32,1436,32003445,6.038549909335448,1.4788029635570428
32,1437,32003446,3.1783854226171675,1.4625793325639425
32,1438,32003447,2.451175453356446,1.288532564852597
32,1439,32003448,2.091921581562115,1.3261052656045995
32,1440,32003449,2.940718978623697,1.2473225301156543
32,1441,32003450,3.7616094905068125,1.3972911020573933
32,1442,32003451,2.1049505027347672,1.448405719752346
32,1443,32003452,2.4853636649789026,1.186877383474121
32,1444,32003453,3.3871768803251507,1.4876015723482352
32,1445,32003454,2.0745140109868023,1.3927712619510715
32,1446,32003455,3.314266759909687,1.692022575433162
32,1447,32003456,3.347241737432358,1.0875028910552669
32,1448,32003457,1.8407728833667605,1.2361316617815017
32,1449,32003458,3.322702271028975,1.4001511346232547
32,1450,32003459,3.0483147639787296,1.5041418556194441
32,1451,32003460,2.3416465589550493,1.100474829604601
32,1452,32003461,2.4788891325455245,1.4970206730812383
32,1453,32003462,2.2470145772819365,1.331154882013018
32,1454,32003463,2.639811821653997,1.4314731771288238
32,1455,32003464,2.8373497170642104,1.4642941210109655
32,1456,32003465,2.5516636833207897,1.64433156293618
32,1457,32003466,4.079537580446504,1.56935641730275
32,1458,32003467,2.648972658544811,2.080823367911748
32,1459,32003468,3.0176732706476495,1.4971788103834633
32,1460,32003469,3.410720118657104,1.842052557773055
32,1461,32003470,1.9810709351330984,1.3261728026514439
32,1462,32003471,3.614169618500086,1.4604736017078788
32,1463,32003472,2.1051933868284114,1.34987704961467
32,1464,32003473,2.1450221034544277,1.2697282578295088
32,1465,32003474,2.5418588488852976,1.6873395473548534
32,1466,32003475,2.2014612149947856,1.4166860298440194
32,1467,32003476,3.441114939110575,1.4185853505302188
32,1468,32003477,2.2179181659974474,1.2588365008016065
32,1469,32003478,2.028741290485044,1.2683141973690493
32,1470,32003479,4.597513001086228,1.5999899163416746
32,1471,32003480,2.791656019417503,1.6114907909382268
32,1472,32003481,2.341134948259819,1.4073309142064316
32,1473,32003482,3.143410807745141,1.5192742678443327
32,1474,32003483,2.5868852467607684,1.436239131603465
32,1475,32003484,3.0128913170322327,1.48728935601391
32,1476,32003485,2.259133244258264,1.5834114835774031
32,1477,32003486,3.038584474714569,1.2552794809287637
32,1478,32003487,2.517746427656407,1.7164282828996178
32,1479,32003488,2.5493603742253863,1.4963732488922683
32,1480,32003489,2.2173432912779973,1.4264820794218174
32,1481,32003490,2.2882585777866327,1.7668186723687749
32,1482,32003491,3.060894157174884,1.5604976866212465
32,1483,32003492,3.288391723533078,1.4747314177393276
32,1484,32003493,3.508752268330361,1.4654043164168726
32,1485,32003494,2.9444278604462157,1.3464430891885442
32,1486,32003495,2.960125438621922,1.5481135954423904
32,1487,32003496,2.5870029827927303,1.7067659076467487
32,1488,32003497,2.8529665936002204,1.457001506347669
32,1489,32003498,3.1083700894609043,1.499550986248438
32,1490,32003499,2.0313933948981333,1.382473791845972
32,1491,32003500,2.0963554511741678,1.3844956903783383
32,1492,32003501,3.417738316923623,1.306172684831656
32,1493,32003502,1.889378434162573,1.2913103359744331
32,1494,32003503,2.5236643951699937,1.7046112238728302
32,1495,32003504,2.1660803287782815,1.2522335472854633
32,1496,32003505,2.022391754572978,1.307919645296014
32,1497,32003506,2.1835440011494973,1.2678648504762495
32,1498,32003507,2.450107848795314,1.2199634550203176
32,1499,32003508,2.5520420020778163,1.3795333217464054
32,1500,32003509,4.560490861250949,1.5045154157545413
32,1501,32003510,4.073480456973931,1.7260426048730337
32,1502,32003511,2.529587106141215,1.3972769218886365
32,1503,32003512,2.0864394717491392,1.2524304606409862
32,1504,32003513,1.9569028580119785,1.2988298000438
32,1505,32003514,3.1249221314370987,1.4284006576138717
32,1506,32003515,2.8292028612079796,1.7521332827924494
32,1507,32003516,2.4632067214248785,1.4458107109884228
32,1508,32003517,2.346642432251311,1.4782703657709155
32,1509,32003518,3.5708978063236527,1.6236218024717328
32,1510,32003519,3.250861487872593,1.4992962536025116
32,1511,32003520,2.6331537867013175,1.1823550065945472
32,1512,32003521,2.593001768964737,1.3530806808900089
32,1513,32003522,2.6181822229952325,1.4387673572272073
32,1514,32003523,2.85555712004033,1.4565506868430549
32,1515,32003524,3.3494013430379863,1.5224282525873762
32,1516,32003525,2.3818205255248426,1.3489623168665388
32,1517,32003526,2.501114814026889,1.4707653743044862
32,1518,32003527,2.346266426831283,1.3994693061551928
32,1519,32003528,3.212058956105481,1.6174162286180236
32,1520,32003529,4.711709137436333,1.3826720523254086
32,1521,32003530,2.4731895791308376,1.451299040759344
32,1522,32003531,3.491870234969727,1.5109594609956596
32,1523,32003532,2.8353559957343473,1.6674802526866477
32,1524,32003533,3.28147836856036,1.4115200845552098
32,1525,32003534,2.8600641337199995,1.6444084087527011
32,1526,32003535,2.480259501425773,1.5028389244104041
32,1527,32003536,1.6047344222181297,1.2066531672409877
32,1528,32003537,3.4743627762692775,1.4572600325790193
32,1529,32003538,3.397118581336936,2.0925731619952708
32,1530,32003539,3.0682403823147792,1.9381668711793671
32,1531,32003540,3.5318801164106732,1.2564354553677624
32,1532,32003541,2.8835379727968533,1.6793829786271282
32,1533,32003542,2.667882798374527,1.3191513470453573
32,1534,32003543,3.2420541051435636,1.7769839459464096
32,1535,32003544,2.2139295313344967,1.5626706258644492
32,1536,32003545,2.6076085928228854,1.5113968644277989
32,1537,32003546,3.49311745511179,1.4944380187382158
32,1538,32003547,3.0182104610486498,1.4133070193675275
32,1539,32003548,3.393883313353468,1.3004523070111051
32,1540,32003549,2.8847626809562366,1.4471841364339026
32,1541,32003550,2.30039464188793,1.3362145831341585
32,1542,32003551,2.8233767106693186,1.2131002302593479
32,1543,32003552,3.4873978371725802,1.5802148911323703
32,1544,32003553,2.6397047816969037,1.4343765440660903
32,1545,32003554,2.5907909079506544,1.4574285321115845
32,1546,32003555,2.683431443373715,1.5908300569784855
32,1547,32003556,2.7847877887591057,1.5867496821280616
32,1548,32003557,4.1273428966027055,1.2661412423755458
32,1549,32003558,3.439692303371922,1.181085971714709
32,1550,32003559,3.5013408188252835,1.4999043632576126
32,1551,32003560,3.0644399476850586,1.8449375990672874
32,1552,32003561,3.264298304998742,1.4628460616486405
32,1553,32003562,3.9045482656460777,1.5007243240888783
32,1554,32003563,2.8024387683906484,1.6861491681295755
32,1555,32003564,2.7247386334669694,1.8402630839353669
32,1556,32003565,2.9433087540262917,1.4355331751246294
32,1557,32003566,2.6603947911302828,1.6322748968808758
32,1558,32003567,2.365648370265158,1.2995783324139119
32,1559,32003568,2.542206437883608,1.541638044323892
32,1560,32003569,3.1737390726673804,1.485104990046991
32,1561,32003570,2.772040743078462,1.2387332080496243
32,1562,32003571,2.711495241602283,1.5173587580359986
32,1563,32003572,2.1362119061507223,1.3845421584227686
32,1564,32003573,2.2434206956724214,1.127663421235947
32,1565,32003574,2.515449659368588,1.4025401296557696
32,1566,32003575,3.408463948865651,1.4172455072339034
32,1567,32003576,2.2211189225314403,1.2966197958785401
32,1568,32003577,2.308061262055958,1.3064173740643874
32,1569,32003578,2.3828449802720977,1.6662242638641864
32,1570,32003579,2.2945517337716863,1.6093884167260548
32,1571,32003580,2.449117438941483,1.4110014196728522
32,1572,32003581,2.132132869400213,1.3633527749320349
32,1573,32003582,3.7294200244815228,1.5481930779161284
32,1574,32003583,2.3420757966678494,1.4106728244076696
32,1575,32003584,2.610394666605454,1.5414246348579346
32,1576,32003585,2.3480851998112655,1.1712394230313874
32,1577,32003586,3.365244585812932,1.354871593800042
32,1578,32003587,4.375030271152353,1.6222201152710083
32,1579,32003588,2.823893184783686,1.2835351892103992
32,1580,32003589,3.2861012898253787,1.5291642290722829
32,1581,32003590,1.653626565189101,1.0605354437099133
32,1582,32003591,3.0890383695624433,1.5879166065622794
32,1583,32003592,2.0629759786237156,1.1578114378573778
32,1584,32003593,3.9670805296479865,1.4789558918853678
32,1585,32003594,2.475637610120666,1.6008786905341708
32,1586,32003595,2.8111924331385367,1.620199409727692
32,1587,32003596,3.0823109022993966,1.6048549694695664
32,1588,32003597,2.6052579100137234,1.5848934720410217
32,1589,32003598,3.116333267561158,1.2024357604933644
32,1590,32003599,1.9877927997603557,1.4987430580853178
32,1591,32003600,3.6300569500248576,1.6595776550302093
32,1592,32003601,4.205350337375543,1.695848423484255
32,1593,32003602,2.5696612788262847,1.3915123434533103
32,1594,32003603,2.4197768757825027,1.353416925291875
32,1595,32003604,2.648332410412781,1.6500923130383751
32,1596,32003605,2.5448494153465364,1.5364986602032469
32,1597,32003606,2.071493818920676,1.2627061454545605
32,1598,32003607,2.8654045741454026,1.4272235476001647
32,1599,32003608,2.6389793248170466,1.2894612706658672
32,1600,32003609,3.2667033392026723,1.4304083666988343
32,1601,32003610,3.1108899681850364,1.6646159591156693
32,1602,32003611,2.4140705557164153,1.2743411905284225
32,1603,32003612,2.7304471203733893,1.4445988183786298
32,1604,32003613,2.8598399629967854,1.6504583280226837
32,1605,32003614,1.888471394529522,1.1694042973551404
32,1606,32003615,2.8179528207104556,1.348868539381682
32,1607,32003616,2.35092107359849,1.133314222801544
32,1608,32003617,3.7314988544790313,1.7395686779577715
32,1609,32003618,2.767461834473671,1.5239425942855254
32,1610,32003619,2.9435187535162814,1.3445042460036778
32,1611,32003620,2.783949795161131,1.6199387045893752
32,1612,32003621,2.9852314202450225,1.5048803642183584
32,1613,32003622,2.2151577804669023,1.5828185543080517
32,1614,32003623,2.424581648731924,1.5676726305919184
32,1615,32003624,3.2487286552369308,1.3353827400990539
32,1616,32003625,3.229198856835806,1.3577426202682503
32,1617,32003626,2.0337201178318884,1.3634549431505414
32,1618,32003627,3.215176140435079,1.5109440751154843
32,1619,32003628,2.750563558570075,1.5519817786870522
32,1620,32003629,7.888511331823817,1.6173804890402583
32,1621,32003630,2.7752896442865285,1.3073582264647907
32,1622,32003631,2.9466253303157335,1.6448055976780702
32,1623,32003632,2.1876031243308462,1.495680265198049
32,1624,32003633,2.972492121520121,1.733650779970307
32,1625,32003634,3.8059446425959647,1.448119091253346
32,1626,32003635,1.978201517723609,1.239014133670186
32,1627,32003636,2.4860052078482786,1.4252485745963466
32,1628,32003637,2.3407990777178265,1.3820270839504947
32,1629,32003638,1.9459931417490406,1.3238827158186284
32,1630,32003639,1.948426297056724,1.3089540717658532
32,1631,32003640,2.554134820522103,1.5822219563599318
32,1632,32003641,3.416635258891305,1.602957393307066
32,1633,32003642,1.9104210156908152,1.155645256619811
32,1634,32003643,5.31674972298283,1.483102368932679
32,1635,32003644,4.005079281569973,1.515186608790069
32,1636,32003645,3.701757137707458,1.596078692049079
32,1637,32003646,3.0678837455158825,1.5532720690136057
32,1638,32003647,2.7367253669417835,1.4310977841023582
32,1639,32003648,3.0772172963050184,1.603104621035596
32,1640,32003649,2.70241445360553,1.4797158660144618
32,1641,32003650,4.284478898622665,1.8736735664684938
32,1642,32003651,2.396818347596214,1.2979047483278041
32,1643,32003652,3.02449585341393,1.4033671232831397
32,1644,32003653,3.396713883140127,1.3852207106738488
32,1645,32003654,3.468121364556803,1.4057827709535111
32,1646,32003655,4.080986457502073,1.5570782017507512
32,1647,32003656,3.2451480110354525,1.6017008762463887
32,1648,32003657,2.7157919677699445,1.3893301547917851
32,1649,32003658,3.2615990705923115,1.4244308142500421
32,1650,32003659,2.2867147928080747,1.274341926503492
32,1651,32003660,1.984850820091179,1.150884260300375
32,1652,32003661,2.9552154111560798,1.6645491717505472
32,1653,32003662,2.2797145526425004,1.4218528608734364
32,1654,32003663,1.909114672551008,1.332393058304
32,1655,32003664,2.4803222180273385,1.3485424032722846
32,1656,32003665,2.6062137077805008,1.5386371868104243
32,1657,32003666,2.4836115877515894,1.47014636933663
32,1658,32003667,2.6776188551739786,1.4221862790987534
32,1659,32003668,2.2719284501727137,1.3865932511755168
32,1660,32003669,3.1097400216352646,1.6108091082292617
32,1661,32003670,3.247599728115846,1.5218879991878962
32,1662,32003671,2.562052292253156,1.4683489477320553
32,1663,32003672,3.191315551748978,1.3481435070826964
32,1664,32003673,2.3938213949768685,1.3153429271459751
32,1665,32003674,2.5361697512572974,1.3577435228830284
32,1666,32003675,2.013772605544419,1.3928798182835338
32,1667,32003676,1.7750075521886888,1.3578788713922727
32,1668,32003677,2.857019933946548,1.6603378595380331
32,1669,32003678,3.1105010158440027,1.749826567676017
32,1670,32003679,2.6385490302012653,1.7167624171931537
32,1671,32003680,2.3457586082748976,1.1819513815580498
32,1672,32003681,2.443793741187923,1.2145238098817965
32,1673,32003682,2.729659733216074,1.5162396422596833
32,1674,32003683,2.605553231867308,1.5177737671219678
32,1675,32003684,2.781743461912272,1.2637436693235458
32,1676,32003685,2.358070331523255,1.5715781314757398
32,1677,32003686,3.043625709640212,1.6350529719547107
32,1678,32003687,1.876828832818353,1.3191108811536851
32,1679,32003688,3.319847162903034,1.54638758367955
32,1680,32003689,2.215089800999721,1.2586948558084858
32,1681,32003690,2.792252054571747,1.4421293779688664
32,1682,32003691,3.136705899047657,1.5482951942537402
32,1683,32003692,4.014527218873212,1.3640240036470295
32,1684,32003693,4.017558536160595,1.2589682744285358
32,1685,32003694,2.554696201511736,1.6941628663135377
32,1686,32003695,2.137750399439039,1.3183019148267885
32,1687,32003696,2.7918238302943292,1.470848381507985
32,1688,32003697,2.8661667573419702,1.268479793051113
32,1689,32003698,2.3029355418791986,1.2614898934356944
32,1690,32003699,2.5551588088032373,1.4096673538466773
32,1691,32003700,2.389162111058007,1.2720126975009738
32,1692,32003701,2.4037294333884778,1.4892335635114138
32,1693,32003702,3.547813606473409,1.2983005637281564
32,1694,32003703,2.595269589621608,1.4573202897491075
32,1695,32003704,2.086224499854151,1.2768360478483927
32,1696,32003705,2.462668151044187,1.3839854243204759
32,1697,32003706,3.888952183510785,1.635071001426099
32,1698,32003707,2.9628269402971394,1.5170895099185469
32,1699,32003708,4.361076232409212,1.1827874591877041
32,1700,32003709,2.1878351429277165,1.4655717606454788
32,1701,32003710,2.364839636760549,1.2673763535796478
32,1702,32003711,2.4833902278645277,1.5156948012162175
32,1703,32003712,1.9076342648993294,1.2712743641358457
32,1704,32003713,2.1294638685116576,1.536300101540019
32,1705,32003714,3.865247998591667,1.4069172256975782
32,1706,32003715,2.2134084751910192,1.5826424746043113
32,1707,32003716,2.312117886929809,1.4845266459024373
32,1708,32003717,2.641031280137923,1.6446312054530563
32,1709,32003718,2.4022001174703713,1.5469017856746352
32,1710,32003719,2.325916132621515,1.1998316747558322
32,1711,32003720,2.6500453301064866,1.738103356242323
32,1712,32003721,2.7871421806289045,1.754815451979198
32,1713,32003722,2.761809726032354,1.71327247370541
32,1714,32003723,3.708069841904976,1.7295007705629204
32,1715,32003724,2.8749669738121324,1.4104145397298664
32,1716,32003725,3.1693975445970244,1.5589196913453884
32,1717,32003726,2.4862129311845065,1.5798064995371053
32,1718,32003727,2.950300195530835,1.5590029952547377
32,1719,32003728,2.702165491548334,1.535298343317708
32,1720,32003729,3.1964817717864413,1.2620885071663868
32,1721,32003730,3.9536749021369864,1.499667600904117
32,1722,32003731,2.3516212847873685,1.2454987975506087
32,1723,32003732,2.1534965222669866,1.8605763671945328
32,1724,32003733,2.4699758424123353,1.5546150336028917
32,1725,32003734,2.6019195200845835,1.589416392760312
32,1726,32003735,2.164943175710987,1.2196772424815554
32,1727,32003736,2.168713624575771,1.3012155999344985
32,1728,32003737,2.6283025613471844,1.2918021271089717
32,1729,32003738,3.2884698091932636,1.5382059288023042
32,1730,32003739,2.5061335389379154,1.4259108722824019
32,1731,32003740,2.9261782289738503,1.285579223371895
32,1732,32003741,4.089303645913725,1.3585798209334412
32,1733,32003742,2.279781132916965,1.5187840466873412
32,1734,32003743,2.6744560583876615,1.5057354157634661
32,1735,32003744,2.3227829953746952,1.5766223291640173
32,1736,32003745,3.5899486446116633,1.8511833591386297
32,1737,32003746,2.036391368715681,1.51860833967275
32,1738,32003747,2.091573623064687,1.623640049936573
32,1739,32003748,4.162406054272846,1.736044898691685
32,1740,32003749,2.103575011589039,1.4100378065804986
32,1741,32003750,2.0364545932145934,1.386769283242473
32,1742,32003751,2.8187163557387143,1.5723617599965174
32,1743,32003752,3.8527275493331192,1.521496399413719
32,1744,32003753,3.4736343081497894,1.4985364968591532
32,1745,32003754,3.621851295090399,1.751321103016277
32,1746,32003755,2.8728573902159265,1.1595231834640325
32,1747,32003756,2.9210302429243913,1.7940769369896672
32,1748,32003757,2.0669204675789326,1.2762034363692838
32,1749,32003758,2.414978482477445,1.243460829375246
32,1750,32003759,2.783609490291146,1.6199811956974168
32,1751,32003760,2.4130231861992324,1.3709774569724476
32,1752,32003761,2.71017082731257,1.458251821758489
32,1753,32003762,2.443348860876009,1.3476095318430157
32,1754,32003763,2.3902433681923787,1.5801911645356375
32,1755,32003764,2.372458103178769,1.3788218759633395
32,1756,32003765,3.3536886877051346,1.5171040177084558
32,1757,32003766,1.7375488418840774,1.0492468056594884
32,1758,32003767,5.52179128611044,1.592830144116038
32,1759,32003768,3.2894959667063546,1.375830624488404
32,1760,32003769,2.438733771861995,1.4422222584232056
32,1761,32003770,2.0662085161771744,1.1910419947151838
32,1762,32003771,2.652897898713535,1.6045769802004999
32,1763,32003772,3.8416877327692602,1.539725061161356
32,1764,32003773,3.42143235300935,1.7131414587652005
32,1765,32003774,2.9484745147839826,1.4584844018552618
32,1766,32003775,3.0919940173504874,1.2980903390897391
32,1767,32003776,3.1151659638637232,1.6374479812510976
32,1768,32003777,3.402829810546396,1.5910663792023934
32,1769,32003778,2.2975718850059095,1.3701611027448377
32,1770,32003779,2.9566042768128438,1.4878469824626002
32,1771,32003780,2.2037784880838567,1.4016552766305406
32,1772,32003781,2.051836796255731,1.0738356575254566
32,1773,32003782,2.5420257797100536,1.298603350512216
32,1774,32003783,2.3065939436028082,1.383529944523439
32,1775,32003784,3.051510247555865,1.5714033775225777
32,1776,32003785,3.3201228159194773,1.4541563737138017
32,1777,32003786,3.5901491071509426,1.3598528562038077
32,1778,32003787,2.07862392079466,1.3865284761967684
32,1779,32003788,2.6795316479386813,1.3800444038971138
32,1780,32003789,3.9786796467057894,1.6923247892853928
32,1781,32003790,2.5920550290954245,1.3516122406624584
32,1782,32003791,2.7019175541061036,1.26618172143864
32,1783,32003792,2.1938099869699386,1.1746194367638227
32,1784,32003793,2.1918404346122875,1.374755439963878
32,1785,32003794,2.1116163832049937,1.4661922243444854
32,1786,32003795,2.479140106911979,1.1731259694111482
32,1787,32003796,3.14420271977169,1.4585910545490621
32,1788,32003797,3.183444256099164,1.4372797319168986
32,1789,32003798,2.2350286812906863,1.4432854106517201
32,1790,32003799,1.9773902465243776,1.3111614339349753
32,1791,32003800,2.5384540196995005,1.1937431171207786
32,1792,32003801,2.252637972719759,1.3399670743318757
32,1793,32003802,3.1380927517857025,1.272468426660858
32,1794,32003803,2.8578965297010295,1.3988285229620996
32,1795,32003804,3.0448585151892904,1.4693610208125818
32,1796,32003805,2.7685511303088153,1.3016423474848995
32,1797,32003806,3.957294916393436,1.5622933823428278
32,1798,32003807,2.2017881999714484,1.400946754005074
32,1799,32003808,2.7615642456378957,1.3659227869725634
32,1800,32003809,2.5398863800645426,1.4912057208504608
32,1801,32003810,3.488235161958727,1.521915153821227
32,1802,32003811,2.347950819578546,1.357114618807821
32,1803,32003812,2.2045392597049704,1.2918831528507992
32,1804,32003813,2.272631577060738,1.2124020574013898
32,1805,32003814,2.040437402919291,1.3342556221569426
32,1806,32003815,2.602692146601416,1.4407819397987016
32,1807,32003816,2.810670799505056,1.1956144055445155
32,1808,32003817,2.4691083718819105,1.3451065426905977
32,1809,32003818,2.6053867458795876,1.5976911762238002
32,1810,32003819,2.4176379934241004,1.1189684595811906
32,1811,32003820,2.9725058138181213,1.4151458348189585
32,1812,32003821,2.6153557650828483,1.3724779064426125
32,1813,32003822,2.2346104283014525,1.240675721538769
32,1814,32003823,2.5359626642797863,1.3841704223956333
32,1815,32003824,2.619929528973206,1.620815843454565
32,1816,32003825,3.4458713736844815,1.6617405860825618
32,1817,32003826,2.5084325930899842,1.4061708969137605
32,1818,32003827,2.2756001314955263,1.3894852426607054
32,1819,32003828,2.54426548076681,1.4288603726592282
32,1820,32003829,2.998709270977364,1.3351196154220237
32,1821,32003830,3.3162848082612935,1.235845875566937
32,1822,32003831,2.8859705906268935,1.4258815926842918
32,1823,32003832,2.7408192099200153,1.5386829565365368
32,1824,32003833,2.0566716324229226,1.8053050291810646
32,1825,32003834,2.01059028301451,1.2242935871893315
32,1826,32003835,2.271985244336767,1.243659085915636
32,1827,32003836,1.831806015384054,1.2515213347643088
32,1828,32003837,3.378885923946492,1.521990808155034
32,1829,32003838,3.2800951251233594,1.5156697892700302
32,1830,32003839,4.1424704894877795,1.600081820866198
32,1831,32003840,2.7481823079986785,1.483050608573897
32,1832,32003841,2.746167967730621,1.5902607602070995
32,1833,32003842,2.731225113297631,1.585373832936284
32,1834,32003843,2.1226422142459915,1.2290754960970025
32,1835,32003844,3.3024349045521664,1.5383393110663266
32,1836,32003845,2.2418405342647296,1.4240486322816828
32,1837,32003846,2.8892222221433954,1.4941278468769252
32,1838,32003847,2.7046516822879156,1.443250280271183
32,1839,32003848,2.01950903897949,1.294303286028408
32,1840,32003849,2.531281800130394,1.2928996670298742
32,1841,32003850,2.5883427064161175,1.4772939948678567
32,1842,32003851,2.829292314804855,1.8339923651966024
32,1843,32003852,3.450260519417528,1.4663254988305414
32,1844,32003853,2.413848595747146,1.2479271452626275
32,1845,32003854,3.1783107064887135,1.328191031744352
32,1846,32003855,3.470427215071329,1.656638791754258
32,1847,32003856,2.5675366565972917,1.4965394990550358
32,1848,32003857,2.7847680324225967,1.5482624258689368
32,1849,32003858,3.4123412970159204,1.7655409375719073
32,1850,32003859,2.231869443365448,1.35917766592085
32,1851,32003860,3.142114212218578,1.8827910544586406
32,1852,32003861,1.9093669161708147,1.0734774808959453
32,1853,32003862,2.8491543368318046,1.4657941833962864
32,1854,32003863,2.465035538328293,1.431882441801969
32,1855,32003864,2.5083323091746164,1.3660539244469232
32,1856,32003865,2.3608264409162794,1.2550481587884261
32,1857,32003866,2.8425166010509253,1.5931610337697655
32,1858,32003867,2.7749725600154567,1.1709432457953906
32,1859,32003868,3.1635599526280496,1.2187876678069967
32,1860,32003869,2.8696384642762807,1.4694892829551403
32,1861,32003870,3.162438842505551,1.6532263717914535
32,1862,32003871,2.7196106942228577,1.491314706019206
32,1863,32003872,2.863915729532768,1.4523967655887653
32,1864,32003873,2.5630605798820287,1.7217021717654204
32,1865,32003874,2.8754905953072023,1.588433505057317
32,1866,32003875,2.35121966306565,1.3694670084717426
32,1867,32003876,3.626434819277317,1.662094674220282
32,1868,32003877,3.0205815864032415,1.2485083142854543
32,1869,32003878,3.38419977131933,1.5724795702272425
32,1870,32003879,3.481096325874606,1.5763371127652666
32,1871,32003880,3.8069287367457063,1.3355011677260231
32,1872,32003881,2.6509341803279693,1.6396774290168274
32,1873,32003882,2.2974973273694657,1.1857998521370068
32,1874,32003883,3.2319240724297926,1.8321144271116474
32,1875,32003884,5.3494230912400615,1.5229671861832401
32,1876,32003885,4.0456219396116015,1.6137351860853733
32,1877,32003886,2.9256540809303564,1.5047887017666182
32,1878,32003887,2.7447230569378007,1.431806312511716
32,1879,32003888,1.6134372621263087,1.0044218642901912
32,1880,32003889,2.557939885856427,1.3326944943415553
32,1881,32003890,2.928697297737527,1.4972544189586194
32,1882,32003891,6.161493144556109,1.6059951949022628
32,1883,32003892,2.7977640119675105,1.5287351882241997
32,1884,32003893,2.5669882363801895,1.5294203577485157
32,1885,32003894,2.821419750311583,1.2537449737686945
32,1886,32003895,2.8707557484392203,1.376181168573953
32,1887,32003896,2.4079679826299354,1.4871350655718536
32,1888,32003897,3.660655755022977,1.5090068227744988
32,1889,32003898,3.5141416032065047,1.6026378838097957
32,1890,32003899,3.882280564803765,1.8485566432092553
32,1891,32003900,2.351964842612228,1.2817781855191803
32,1892,32003901,2.7963208744354207,1.6532520052552913
32,1893,32003902,3.300056325852661,1.8021529628973654
32,1894,32003903,2.6716164962602247,1.5662865899733767
32,1895,32003904,2.576673475953622,1.6842843297610999
32,1896,32003905,2.5014784541302832,1.6741112168264576
32,1897,32003906,2.0932060194271065,1.5631594843515852
32,1898,32003907,2.1597779817196163,1.5229985960322872
32,1899,32003908,3.2660630543656706,1.3642532076638871
32,1900,32003909,2.955993402379895,1.3555815752614613
32,1901,32003910,3.0765695791409606,1.6027292959549189
32,1902,32003911,2.735510929724667,1.793917742199273
32,1903,32003912,4.494495906272465,1.5112448501905844
32,1904,32003913,3.3934705335640207,1.3905801472084216
32,1905,32003914,3.292140552914897,1.242699791213493
32,1906,32003915,2.241921036080461,1.506168133836388
32,1907,32003916,2.1037209611841385,1.241215584442858
32,1908,32003917,2.289816896061534,1.330450056282887
32,1909,32003918,2.431676329748695,1.6533454270703374
32,1910,32003919,3.001147375240088,1.4342404934741415
32,1911,32003920,2.4767482072739333,1.4867890724706925
32,1912,32003921,3.54567695990052,1.622396112850999
32,1913,32003922,2.5608044986446967,1.6581871650465905
32,1914,32003923,2.7664172608504716,1.327830600006163
32,1915,32003924,2.4036676342574967,1.6144649352030442
32,1916,32003925,2.1907654092016484,1.3436135374518514
32,1917,32003926,2.8717870013080287,1.6036879332486684
32,1918,32003927,3.0660770297082856,1.6556547990458141
32,1919,32003928,2.9099392763300975,1.298589447677724
32,1920,32003929,2.3131234130112013,1.265195164391394
32,1921,32003930,3.318077494777709,1.911619386913988
32,1922,32003931,1.9496427545259314,1.4319528849178875
32,1923,32003932,2.4266852302077124,1.6061497537178204
32,1924,32003933,3.293666635099236,1.4941312385213945
32,1925,32003934,2.2264267160901134,1.3234324528431831
32,1926,32003935,2.674859538741625,1.4046742112383215
32,1927,32003936,2.530236403839643,1.3008253833703756
32,1928,32003937,3.794469483978789,1.454289980331445
32,1929,32003938,3.0318729590300317,1.6584227245204881
32,1930,32003939,2.3759687962230673,1.2676452229962076
32,1931,32003940,2.986466564673306,1.3156645368935243
32,1932,32003941,3.179775368439017,1.4653255316878433
32,1933,32003942,2.654496080314838,1.3497802451826155
32,1934,32003943,2.4002065743767433,1.436089614089218
32,1935,32003944,3.548283486025605,1.492772977242433
32,1936,32003945,2.8536547401671717,1.885852454118802
32,1937,32003946,3.5594345049293574,1.7598765300680845
32,1938,32003947,2.5227890233317183,1.1032498386629963
32,1939,32003948,2.4175799519712005,1.290168732692685
32,1940,32003949,2.0648304937895854,1.1388654517167245
32,1941,32003950,2.8742431372251773,1.4864991564211094
32,1942,32003951,3.312845608462524,1.455093623538114
32,1943,32003952,2.650353437790475,1.344406317401035
32,1944,32003953,2.607958019376801,1.0691993122672843
32,1945,32003954,2.246006025849949,1.3758894465109237
32,1946,32003955,2.5065525700884304,1.5605866456711468
32,1947,32003956,3.4893539245323146,1.741594255768307
32,1948,32003957,3.093482222054183,1.566640259157496
32,1949,32003958,2.6838142376924417,1.4929367031036098
32,1950,32003959,2.6705954864158494,1.4384642673759591
32,1951,32003960,2.40556186319559,1.5492945720271432
32,1952,32003961,2.149532802157395,1.1314709793522666
32,1953,32003962,3.0676618890080336,1.4595693542745403
32,1954,32003963,2.865882473138433,1.5429594107395634
32,1955,32003964,2.2775504937356126,1.2202830474982274
32,1956,32003965,3.814992484984653,1.5921319685983917
32,1957,32003966,3.439432397719877,1.4851644931340486
32,1958,32003967,2.9360433056063795,1.211859170832606
32,1959,32003968,2.383487414903816,1.228692360949973
32,1960,32003969,3.4112998681913127,1.3261424061267366
32,1961,32003970,2.7320505285841117,1.4269911388251366
32,1962,32003971,2.3944346715521454,1.241835421562623
32,1963,32003972,3.020088226542838,1.4666790722233256
32,1964,32003973,3.688761911008287,1.518147573173649
32,1965,32003974,3.7491725019237103,1.262642255684319
32,1966,32003975,2.8372247715243963,1.4103882879139469
32,1967,32003976,1.7220586245613854,1.0730836441365863
32,1968,32003977,2.2297201692623814,1.4887859476834249
32,1969,32003978,1.933308359560448,1.3621816828096778
32,1970,32003979,2.4724243979818814,1.2766066268255423
32,1971,32003980,2.5732277091314346,1.3283102344536029
32,1972,32003981,2.7013728889595234,1.8597812445451787
32,1973,32003982,2.575583913477539,1.6848820980394887
32,1974,32003983,3.1313482376046022,1.2458758531577188
32,1975,32003984,3.492335275244627,1.688433268833772
32,1976,32003985,2.728388586636337,1.4598428408459188
32,1977,32003986,2.897094976265861,1.0182336105341414
32,1978,32003987,2.5260035176231512,1.301743085602815
32,1979,32003988,2.6159484366688925,1.676509184077088
32,1980,32003989,2.9299743775751903,1.3806047637380194
32,1981,32003990,2.0050346395716385,1.514272117125783
32,1982,32003991,3.8250836357626383,1.4608154416032129
32,1983,32003992,2.479533530328827,1.3673160683049803
32,1984,32003993,2.829029319212794,1.5410566768936993
32,1985,32003994,2.6170314267790022,1.3787161017961687
32,1986,32003995,2.056193687173794,1.2927028168301948
32,1987,32003996,2.6536539808759487,1.2995711459593848
32,1988,32003997,2.2141239449565915,1.2419892924065303
32,1989,32003998,3.6547866215274563,1.9895843913850217
32,1990,32003999,3.302987139522142,1.681006277944305
32,1991,32004000,2.475321065608173,1.1834771334253051
32,1992,32004001,2.4793405760560145,1.694046678202068
32,1993,32004002,2.4066151337676125,1.5242880080071644
32,1994,32004003,2.7312087901119333,1.3886043675760653
32,1995,32004004,2.558035976307623,1.3279629915877502
32,1996,32004005,3.3069574274785567,1.1991090924871008
32,1997,32004006,2.8896338995697426,1.5482829115297454
32,1998,32004007,4.1167537455858145,1.8645005061940698
32,1999,32004008,2.534759836741539,1.3824489295006872
32,2000,32004009,2.561668919328889,1.5273331102318057
64,1,64002010,4.079580287287628,1.9570731557867804
64,2,64002011,4.950319680007965,2.2076592842587
64,3,64002012,3.852688420537022,1.567371672513507
64,4,64002013,4.066768779888583,2.050205748972702
64,5,64002014,3.389991805922776,1.853236348883717
64,6,64002015,2.6275430188568496,1.4465404507546589
64,7,64002016,3.5213730892625805,1.6496753896342777
64,8,64002017,3.3854302218029275,1.9707372500193314
64,9,64002018,6.11089633404157,1.811005031651191
64,10,64002019,4.169405844314869,1.78055444191937
64,11,64002020,3.4160210305992043,1.8600441068185787
64,12,64002021,3.8416425248656054,1.9662025570900576
64,13,64002022,3.4897471272437506,1.8148393836284773
64,14,64002023,3.5102068022397703,1.8149772368691994
64,15,64002024,4.6997092865461125,1.6413088838404972
64,16,64002025,4.496877471708358,1.8858375781613173
64,17,64002026,3.160119668221969,2.0452734959663528
64,18,64002027,5.355678900264389,2.128147943541241
64,19,64002028,3.3865445682274142,1.9416019749282378
64,20,64002029,5.457604848073877,2.004067484683672
64,21,64002030,4.894481498342928,2.379621030739792
64,22,64002031,5.976931698834543,1.9933041042487274
64,23,64002032,4.280589688317895,1.5862127177309286
64,24,64002033,3.9506891347351822,1.6818058157373903
64,25,64002034,4.124516616811755,1.8883691296158582
64,26,64002035,4.133342835050834,1.7532610042257255
64,27,64002036,3.3715497634238747,2.0539618641085786
64,28,64002037,3.13171639863885,2.233250810820825
64,29,64002038,7.582487271430528,2.210093926693569
64,30,64002039,7.513135576303003,1.8969887905273848
64,31,64002040,5.020536544553923,1.6828697551415877
64,32,64002041,3.7944620004178296,1.7559191233533633
64,33,64002042,5.168687929617724,2.1899012065454833
64,34,64002043,5.247617753164101,1.7851738332259868
64,35,64002044,3.522246027489417,1.8877979932866211
64,36,64002045,4.1366242966723705,1.9859398717128498
64,37,64002046,7.342611969391857,1.9804119663674356
64,38,64002047,3.7865821632059387,1.9492944335574058
64,39,64002048,3.0423237304635946,2.0455625411056317
64,40,64002049,4.510280236480016,1.796911805468268
64,41,64002050,4.262341667758535,2.1947174015887194
64,42,64002051,5.526010434880678,1.954281038660406
64,43,64002052,4.560769310787942,1.7994846475856427
64,44,64002053,3.1697709404273633,1.848161280062047
64,45,64002054,3.8410012670363654,1.8120918220179156
64,46,64002055,3.827752718514368,1.9503845097334631
64,47,64002056,4.455891861888215,1.742109372701637
64,48,64002057,3.814573881654236,1.937089773951229
64,49,64002058,2.656382925090704,1.3353641200240427
64,50,64002059,4.752297947760113,2.3068264021267426
64,51,64002060,4.63125085104222,1.8012045267382513
64,52,64002061,4.728273089353258,1.7432952349985054
64,53,64002062,6.175183780187572,1.8051860403956757
64,54,64002063,4.278335390594488,2.0784182655919676
64,55,64002064,3.3183661002807323,1.8428080409507916
64,56,64002065,4.3477477501293755,1.8640785855911515
64,57,64002066,5.041406332767926,2.095308988240074
64,58,64002067,4.81553359838684,2.224553621402937
64,59,64002068,3.989496859474161,1.7312767411176164
64,60,64002069,3.5772849280735786,1.594077801710797
64,61,64002070,5.13386040125995,1.8597672236773672
64,62,64002071,3.146580770815775,1.6392586598468044
64,63,64002072,4.308791563631708,1.8382820166510612
64,64,64002073,4.203200451977181,1.8364376404336236
64,65,64002074,3.746060830789164,2.449649987885748
64,66,64002075,3.6294678542875487,2.0725098978165657
64,67,64002076,5.221857067751757,1.9731187009069628
64,68,64002077,4.162022029156243,1.8638595670235825
64,69,64002078,3.323140155494989,1.7997154763047396
64,70,64002079,5.622983948002233,2.208842245507372
64,71,64002080,3.288335732777033,2.194854623185561
64,72,64002081,4.35873042245952,2.1053756642322123
64,73,64002082,3.6360529058559568,2.117351645710191
64,74,64002083,4.996244843325831,1.96969125621042
64,75,64002084,3.978164000050982,2.090053359387072
64,76,64002085,4.03379089947728,1.845344169095381
64,77,64002086,3.8086049664728687,2.0360771518798386
64,78,64002087,3.784016169081933,1.5717600759955659
64,79,64002088,4.712730303052466,1.947300599892629
64,80,64002089,3.6302870985818827,1.9336906827444944
64,81,64002090,3.3258603296172247,1.6804893775174994
64,82,64002091,5.300036252688806,1.6691916421434232
64,83,64002092,3.8537616656689817,1.9344981775268435
64,84,64002093,5.23732753228281,2.03114803392161
64,85,64002094,4.2288856445134275,1.7859496393854462
64,86,64002095,6.590481647492769,1.9534556309504494
64,87,64002096,4.083452989309069,1.8039069443294853
64,88,64002097,3.4173257043200143,1.595708754722579
64,89,64002098,4.362083691836016,2.3656134538725846
64,90,64002099,4.512752182416232,2.65320972425061
64,91,64002100,3.5977061558938,2.0134453210228704
64,92,64002101,3.564808629885812,2.042790233114557
64,93,64002102,5.059524378746306,2.066002702255786
64,94,64002103,4.046789758481781,1.7503124276887798
64,95,64002104,3.2539974265140135,1.6032909704690732
64,96,64002105,4.113775015845122,2.1147797991521813
64,97,64002106,3.8875466579496387,2.2118437735014957
64,98,64002107,3.0753203800775974,1.8697149628321192
64,99,64002108,3.5383969583192294,1.7596252867961923
64,100,64002109,5.185994741497824,1.643646580692157
64,101,64002110,4.961888340304075,1.948382983756644
64,102,64002111,3.435250682897124,2.0346807592405334
64,103,64002112,3.8990391705846115,2.0746742618540224
64,104,64002113,4.597717448552184,1.8076913827859828
64,105,64002114,7.266980402261496,1.7957778211517723
64,106,64002115,5.91649162393507,2.2300028433998937
64,107,64002116,3.469335195390156,1.69620782235451
64,108,64002117,4.766259698995512,1.8633334253216345
64,109,64002118,3.5736648985279453,1.863961043405448
64,110,64002119,3.944142569769251,1.7631623507295975
64,111,64002120,4.66587338022064,1.808414025628825
64,112,64002121,3.4930497481482377,1.8153710267378644
64,113,64002122,3.1003072135732266,1.63062236166463
64,114,64002123,4.106664066068832,2.175174685698812
64,115,64002124,3.737899368386057,1.6675947589995013
64,116,64002125,4.0974931066644436,2.0874178488255106
64,117,64002126,3.8022637134901327,1.6888531772061006
64,118,64002127,4.207658574694095,2.1979098559322043
64,119,64002128,5.841778029101538,1.6710168569265256
64,120,64002129,3.2423898248739156,1.4230093322290889
64,121,64002130,4.22109614007158,1.8366569173091722
64,122,64002131,3.1518744338133744,1.7735542833787912
64,123,64002132,3.51808410661669,1.7811224770600496
64,124,64002133,3.190262410963457,1.6478111341956854
64,125,64002134,2.8324780290157743,1.6599639573715477
64,126,64002135,5.351270104193384,1.9351798108282343
64,127,64002136,3.887739355969719,2.182119426293071
64,128,64002137,4.891317166599768,1.779259730134046
64,129,64002138,3.7086522236898545,1.7445629115548271
64,130,64002139,2.5997296267915004,1.7089513211034968
64,131,64002140,3.464305777481483,1.8671008161844767
64,132,64002141,3.5517301995271735,2.0901903180738217
64,133,64002142,4.843490101863024,1.6437230958555935
64,134,64002143,4.592397330294931,2.096080370469696
64,135,64002144,4.343360041818228,2.2465607036539215
64,136,64002145,3.809110524137136,2.166574846446706
64,137,64002146,4.491789852036325,1.9820881718550993
64,138,64002147,3.3730290428056935,2.0943220924763875
64,139,64002148,3.013720857970314,1.836918257169893
64,140,64002149,4.55487644108709,2.229237849916952
64,141,64002150,2.8181420651819185,1.470400754229946
64,142,64002151,3.850461759100727,2.0873673290776926
64,143,64002152,3.826034766879388,1.94031883377477
64,144,64002153,4.085578584434999,2.02474136266042
64,145,64002154,7.356623462412193,2.014164462140626
64,146,64002155,5.074271680544979,1.962321037849428
64,147,64002156,4.260787177168294,2.020323682936225
64,148,64002157,5.227041247852378,2.0664343809395826
64,149,64002158,3.259368702573908,1.7716034146800406
64,150,64002159,3.213983618247202,1.7103052959308596
64,151,64002160,3.694630824409681,1.7752890706693298
64,152,64002161,4.478356772944095,1.7915738631641447
64,153,64002162,3.8813666045533943,1.9150051282024874
64,154,64002163,3.8870040991781307,1.9345420566049925
64,155,64002164,3.156159264353752,1.8729567612723985
64,156,64002165,3.3402969100410247,2.029114607563607
64,157,64002166,3.9204251990270755,1.9490778511140976
64,158,64002167,5.60993397215581,1.8401207629347944
64,159,64002168,3.3950282295693315,1.7736261741537
64,160,64002169,3.935077633297727,1.6011855292261206
64,161,64002170,4.172181925416612,1.7135715358024293
64,162,64002171,4.861292917669943,2.0836007637906353
64,163,64002172,4.975504965551523,2.3769523133918997
64,164,64002173,3.7093889998206615,2.1502192116491665
64,165,64002174,3.530820038528615,1.9658401939980006
64,166,64002175,3.7398927151770307,2.004791779065621
64,167,64002176,4.391608975500389,1.752683856559955
64,168,64002177,5.020350147273462,1.853662458553033
64,169,64002178,3.7860215337816765,1.8194332070485248
64,170,64002179,3.9125845925897487,2.1781624818152237
64,171,64002180,5.421246594923257,1.9623839806634469
64,172,64002181,3.8970974651426857,1.8369581937815205
64,173,64002182,4.334769109985573,2.0719344373390363
64,174,64002183,3.7475827054129507,2.02862213392216
64,175,64002184,4.856999584927326,1.899931282279715
64,176,64002185,4.561950014417162,1.940313703077941
64,177,64002186,3.592668573862937,1.8738602088301466
64,178,64002187,5.383541957082461,1.5612777456666527
64,179,64002188,3.7431993547009235,1.6561824308232354
64,180,64002189,3.599266852004576,2.296366695417005
64,181,64002190,4.540091992728301,1.8978639181448704
64,182,64002191,8.762142059514746,1.7851856384742042
64,183,64002192,4.544586366633912,2.0085764968774553
64,184,64002193,5.780227668301921,1.8558050853139096
64,185,64002194,4.7382472914683635,2.120110402800453
64,186,64002195,4.541731915428943,2.3635861131922318
64,187,64002196,3.6574565300780693,2.0647475330359164
64,188,64002197,5.107324715495055,2.712590189013844
64,189,64002198,4.860486642790965,1.682332025384648
64,190,64002199,3.4923007257676333,2.032096285991837
64,191,64002200,5.778335232680459,2.1535338792260905
64,192,64002201,5.087774370616313,2.094024275856381
64,193,64002202,5.474956926829114,1.7631893577588145
64,194,64002203,5.595387340532512,2.125923152297295
64,195,64002204,4.67109229604716,1.8886328545240987
64,196,64002205,4.10353010140831,1.87860794820168
64,197,64002206,5.009810189431336,1.9826962073483307
64,198,64002207,5.3887572841280456,1.827812152824519
64,199,64002208,4.879514098865105,2.409144718389889
64,200,64002209,5.493000356199661,1.9284907676860277
64,201,64002210,5.887085228666377,1.9123313547449834
64,202,64002211,4.307363668901819,2.0234938516199192
64,203,64002212,3.9644453535034563,1.7622303433930875
64,204,64002213,3.5333973825085914,2.158019554362862
64,205,64002214,4.514210224488992,2.0343359132420216
64,206,64002215,4.13588451973159,2.0166598431749403
64,207,64002216,3.887073375474616,1.915363206938582
64,208,64002217,4.662697590578512,1.9236887629041217
64,209,64002218,3.8737154415681356,1.9402747818030965
64,210,64002219,3.9921749147496755,1.6840589848518615
64,211,64002220,4.0763465533007315,1.7461351819135422
64,212,64002221,3.9255689534117395,1.7216609889488874
64,213,64002222,3.421764183676287,1.9844862674161219
64,214,64002223,3.349447246601865,1.4908226876530426
64,215,64002224,5.143106805185016,1.84207022604183
64,216,64002225,3.5511246413783106,1.7726158802447574
64,217,64002226,4.392469561279049,1.937946328117112
64,218,64002227,4.005017086130824,1.9034904701959898
64,219,64002228,3.964667945227235,1.7985543941004698
64,220,64002229,3.8900960467873538,1.7778221038282893
64,221,64002230,3.6605339092289535,1.8277766999307845
64,222,64002231,4.5586861035148045,1.764405017106023
64,223,64002232,4.485347713766268,1.7723029605281713
64,224,64002233,3.3980604206889975,2.1248027297459915
64,225,64002234,3.5235527580933925,1.8743741039018642
64,226,64002235,4.236542649871242,1.872089019751836
64,227,64002236,3.3938084142568057,2.008945683353274
64,228,64002237,3.278575470575184,1.7978539010285823
64,229,64002238,4.236923053506077,1.9162587641793718
64,230,64002239,3.9877829386772237,1.684721807207309
64,231,64002240,2.924577024457738,1.8057547944864658
64,232,64002241,5.104711647320974,2.2044202219717293
64,233,64002242,4.556443811810434,1.7766242115053938
64,234,64002243,3.923736616898109,2.143465066710299
64,235,64002244,4.220058443022553,2.0721763604689785
64,236,64002245,3.635237744134622,1.7298632572961359
64,237,64002246,3.383456941262278,1.713358731418014
64,238,64002247,3.0986755569430646,1.8988768146292208
64,239,64002248,3.665685952963671,1.8597454571925465
64,240,64002249,3.8411327047712756,1.8362720357973081
64,241,64002250,3.544456830931531,1.81155544403431
64,242,64002251,4.089798454273034,1.8712404276187644
64,243,64002252,3.3906869772626442,1.8496705405077687
64,244,64002253,4.808760014400012,1.8676182067933988
64,245,64002254,3.0735799544896496,1.4925364014367646
64,246,64002255,4.1947724125027985,1.8287879767060538
64,247,64002256,3.3254995192666335,2.0980964894167613
64,248,64002257,5.869204921428163,1.707041915267372
64,249,64002258,4.47673458395021,1.7784608763648284
64,250,64002259,4.574268446482566,1.6484670952723315
64,251,64002260,4.697373980768754,1.6548567139579757
64,252,64002261,3.6093582932350623,1.4460755102652774
64,253,64002262,8.771592012019097,2.0687937207280727
64,254,64002263,4.829880232702519,2.1896492175605027
64,255,64002264,4.155234223726566,1.68962240977713
64,256,64002265,3.665996324903043,1.9179825763877003
64,257,64002266,5.295371915170448,1.984247165204793
64,258,64002267,3.3645080156296787,1.8178125258273283
64,259,64002268,3.6434085371086367,2.339117740470039
64,260,64002269,4.755309277329714,2.3866283575460527
64,261,64002270,3.9153459123234495,1.5325861597521708
64,262,64002271,3.2252291358477336,1.6454370255435686
64,263,64002272,5.491221288244011,2.3011003783032473
64,264,64002273,4.255543873547781,2.0526535463702387
64,265,64002274,5.157266928518092,1.9554232148468094
64,266,64002275,6.259165752987051,1.8566441527683364
64,267,64002276,4.570072749364252,1.8961038456073602
64,268,64002277,3.809774304181935,1.8107265074455743
64,269,64002278,3.7254767272257334,1.8774925461566354
64,270,64002279,3.236873483351539,1.8165500592819344
64,271,64002280,4.557545528846475,2.014241919676611
64,272,64002281,4.2889183849459895,2.0058797440805844
64,273,64002282,3.472004401931105,1.8531446075081204
64,274,64002283,4.6599007752977935,1.775247225664407
64,275,64002284,3.8602341028329548,1.9468434124010598
64,276,64002285,3.9197060256287575,1.7847583018952797
64,277,64002286,5.050608052039729,2.0208034205659327
64,278,64002287,4.660215433235074,1.7039482194686717
64,279,64002288,3.792960152014963,1.7286440486619066
64,280,64002289,5.035856072966166,1.8410343048845865
64,281,64002290,4.733689289940615,1.7953654301117974
64,282,64002291,3.1820016276370398,1.9433031267905827
64,283,64002292,3.7264886583160037,1.948406037194942
64,284,64002293,4.11377651684917,1.8741642732856625
64,285,64002294,5.481197034394179,1.9121904057651478
64,286,64002295,3.7206123889716634,2.163411193294081
64,287,64002296,5.298949447877802,2.3709310736834457
64,288,64002297,3.0656639141050595,1.8895803158727464
64,289,64002298,3.571675323520117,1.7394495541006292
64,290,64002299,4.054364212970193,1.9178065578451848
64,291,64002300,4.060586444591947,1.926379978521728
64,292,64002301,3.682225234472417,2.021401602978522
64,293,64002302,3.3807651701522663,2.082981074150291
64,294,64002303,3.8450519125899048,1.7754509251918664
64,295,64002304,3.180451749669294,1.8179437670212388
64,296,64002305,3.82823471603894,1.982320012594967
64,297,64002306,4.776283716832486,1.7785357837194355
64,298,64002307,3.7076664899907965,1.8553002074941556
64,299,64002308,3.731236885506319,1.9699507978077504
64,300,64002309,3.3444608910252867,1.672361572794321
64,301,64002310,3.294188446446436,2.031768799520815
64,302,64002311,4.1555340259315425,2.006059468756671
64,303,64002312,3.9567791410715465,1.8866697736360254
64,304,64002313,4.009697863950617,1.6939605065664016
64,305,64002314,4.403468630619991,1.8633918778577772
64,306,64002315,4.040639956147002,2.364607629176085
64,307,64002316,3.3819968972031402,1.6534855290762247
64,308,64002317,3.2536146922066522,1.7423159781678015
64,309,64002318,4.549487288895654,2.4934266750475658
64,310,64002319,5.911154043767241,2.2278149452996336
64,311,64002320,5.843915703705051,1.938488032004803
64,312,64002321,4.064012695714054,2.096216149105094
64,313,64002322,3.8213519850709425,1.8539516376606597
64,314,64002323,4.110089051993545,1.9258690872549025
64,315,64002324,6.696635193259965,1.9623427887264278
64,316,64002325,4.424953942613406,1.6713110308766408
64,317,64002326,5.316199914432252,2.195126128858451
64,318,64002327,3.1274116593549817,1.4774072578099269
64,319,64002328,4.379691836559747,2.1590690740571694
64,320,64002329,5.536132216332866,2.2928571580187205
64,321,64002330,3.1678364789334426,1.7598810226678956
64,322,64002331,4.652562089716229,2.059561216130628
64,323,64002332,6.025882532597784,1.7274205029405727
64,324,64002333,3.278048331594945,1.9296525611368325
64,325,64002334,3.1817809861858173,1.8895690187242804
64,326,64002335,3.201479248378344,1.9152793850851744
64,327,64002336,3.8752783862984237,2.10383981956972
64,328,64002337,3.5711865367540914,1.9609878218145258
64,329,64002338,3.0506394212369887,1.7655999946565382
64,330,64002339,3.626648645251395,1.9088355583175196
64,331,64002340,3.6671293907120845,2.014724417271512
64,332,64002341,5.682357927014571,1.9627791250983426
64,333,64002342,4.024730969605919,1.609895889379497
64,334,64002343,3.5729944847683233,2.1652838299143586
64,335,64002344,4.540890349528689,2.2870397679958603
64,336,64002345,5.494331399560575,2.015859042415354
64,337,64002346,3.5759369101749696,1.9096695353688047
64,338,64002347,5.205670933440501,2.061762661738513
64,339,64002348,4.577879221970211,1.743727476101821
64,340,64002349,5.891339375777251,2.380781348587121
64,341,64002350,3.174077542535705,1.5412913943031705
64,342,64002351,4.0635330223462685,2.171695294973857
64,343,64002352,5.171479349042556,1.682042868990107
64,344,64002353,3.405360246954467,1.526164102507089
64,345,64002354,3.2008569899399246,1.7201390437398851
64,346,64002355,3.9473023996496766,1.5854463159082357
64,347,64002356,4.066640796208515,2.1489849629786
64,348,64002357,3.5311335495012526,1.6506146261036678
64,349,64002358,4.42719064895187,2.1676704457968476
64,350,64002359,5.247953139353166,2.3238311515351104
64,351,64002360,3.774070188106394,1.9204833014165859
64,352,64002361,4.342189703728343,2.0528274603207675
64,353,64002362,5.467853607131155,1.935580448636729
64,354,64002363,2.8946515837047686,1.8248866083903617
64,355,64002364,3.684534088116041,1.9333234627759435
64,356,64002365,6.004097210580951,1.8736435145509427
64,357,64002366,5.645722900319183,2.215647999300404
64,358,64002367,4.8566334527487,1.812274240429584
64,359,64002368,3.789405597107866,1.9142696493243172
64,360,64002369,5.602323085263439,1.6877397761780584
64,361,64002370,4.7220380212973305,1.861475309349366
64,362,64002371,3.8456889412380892,2.0403187601570916
64,363,64002372,4.358731163643352,1.8824230382239795
64,364,64002373,4.237372274526004,1.9150730840205836
64,365,64002374,5.419368820206492,2.037898960013592
64,366,64002375,3.992877855711711,1.840007774044612
64,367,64002376,4.444305858865712,2.321228612729135
64,368,64002377,4.038593861219663,1.9672051696094095
64,369,64002378,3.8300573800448485,2.0485626194220483
64,370,64002379,3.769363248288199,1.679584659527277
64,371,64002380,3.46679893450083,1.571051535753193
64,372,64002381,4.269527797516368,2.2316742278048003
64,373,64002382,3.6600563062239573,1.8278299185709088
64,374,64002383,3.751088626515394,2.0882871328768524
64,375,64002384,4.80381153012652,1.9186523900100534
64,376,64002385,5.002727432088822,2.036959969023713
64,377,64002386,3.249290354986556,1.9370665234894828
64,378,64002387,4.790306326898441,2.017788462051043
64,379,64002388,3.490665339528313,1.5656734034836257
64,380,64002389,4.647973402907953,1.9633597581011282
64,381,64002390,3.6834855882901327,1.6552370038397362
64,382,64002391,4.045360897289179,2.0485682180558005
64,383,64002392,4.012901496329636,1.6002406970218317
64,384,64002393,4.306780462761185,1.7994282335092753
64,385,64002394,3.113880781285011,1.614312054847186
64,386,64002395,4.065953310787814,1.830821406672703
64,387,64002396,3.7184941890655754,1.9088655305222266
64,388,64002397,4.107243897485052,1.909771901107173
64,389,64002398,6.3278694885986315,1.8891569003614588
64,390,64002399,5.88926726211793,1.8156386536422786
64,391,64002400,3.5594246790294233,1.9387474549289494
64,392,64002401,3.8596281510017074,2.143006686688237
64,393,64002402,3.0075733734058843,2.132390829589102
64,394,64002403,3.4854200716618142,1.812823909331917
64,395,64002404,4.751728074592034,1.9057555325494966
64,396,64002405,3.3623570483745375,1.6475210327830978
64,397,64002406,4.246639047269343,1.7606562068630338
64,398,64002407,4.103532651896624,1.6239722273837867
64,399,64002408,4.372276645372941,2.2633419545442868
64,400,64002409,4.636435821697198,1.692061353863385
64,401,64002410,3.570966375225979,2.146603774749348
64,402,64002411,4.407965070662528,2.080261761888081
64,403,64002412,5.1529870316829705,2.2907879783787846
64,404,64002413,5.807540120666851,2.0530277409908644
64,405,64002414,3.8612729073043943,2.2003023142999285
64,406,64002415,4.126016290976109,1.9104360285304425
64,407,64002416,7.9145454110459825,2.4282588963618146
64,408,64002417,7.484042623182013,2.1049342229892702
64,409,64002418,4.158500407244598,2.039278817772385
64,410,64002419,4.411216727602888,2.0075805214143196
64,411,64002420,4.625090530322155,1.9927819053188514
64,412,64002421,4.411469387957923,1.9763081131318518
64,413,64002422,3.5925054183743703,1.7178180087642088
64,414,64002423,3.709621038941726,1.6786078343867326
64,415,64002424,4.14523258450298,1.8028411404004632
64,416,64002425,4.777342020583728,1.8057681752377885
64,417,64002426,3.6737226541432833,1.8469944248307122
64,418,64002427,4.774662283299331,1.9250642673787903
64,419,64002428,4.304451610030424,1.9625377619007658
64,420,64002429,3.8809811167603105,2.0352651187912
64,421,64002430,5.460354332956658,1.8112168506444184
64,422,64002431,4.233758748927177,1.9582223418174383
64,423,64002432,3.2389193790055972,1.7801729852506423
64,424,64002433,4.513685239053968,2.4205394466920698
64,425,64002434,3.796009712347531,2.1823685075186106
64,426,64002435,3.465110600033814,1.8287503405643848
64,427,64002436,3.921993453238775,1.6526970172073507
64,428,64002437,4.703378283940776,2.0309521784249362
64,429,64002438,3.821462905115351,2.1469945727202355
64,430,64002439,3.4938328325387045,2.0310688829969643
64,431,64002440,4.32319108737885,1.747604105486151
64,432,64002441,3.467502435006476,1.7317592717685364
64,433,64002442,4.616071541787573,2.135256176244433
64,434,64002443,3.1404141929144807,2.0055971400797725
64,435,64002444,3.4615362937683423,1.6787847807211682
64,436,64002445,5.520789386539831,1.7996487865046882
64,437,64002446,4.0013255449704594,1.8692734688597692
64,438,64002447,3.7684565992556256,1.7826867288351673
64,439,64002448,3.928520821085315,1.7385675657357724
64,440,64002449,4.133208724875103,1.751757197727038
64,441,64002450,3.998280031913855,2.014227431894636
64,442,64002451,3.1403287334234378,1.8989967410640098
64,443,64002452,4.34844070422507,1.944305872891079
64,444,64002453,4.37649513506024,1.977717050592393
64,445,64002454,4.742007209058954,1.8143629322044428
64,446,64002455,3.8363621803375643,1.8315778999533074
64,447,64002456,4.126668823463579,1.8761772269518004
64,448,64002457,4.375587861247032,1.5471602331490755
64,449,64002458,5.591946777634589,2.0682400498343645
64,450,64002459,4.974922754038669,1.9106168069390597
64,451,64002460,3.9575467317347344,1.9041082180878808
64,452,64002461,3.4054678018636637,1.8899681215752115
64,453,64002462,5.5346149274799705,2.0045386769368245
64,454,64002463,4.366154976605886,1.871606140172596
64,455,64002464,4.269549854144673,1.7751531961828275
64,456,64002465,3.927926025406517,1.8167632129088798
64,457,64002466,3.7702242598618567,1.6789922525104117
64,458,64002467,4.501914254671696,2.019576871330909
64,459,64002468,4.257236515076574,1.9336427462894787
64,460,64002469,4.45897029762109,1.8816046998775613
64,461,64002470,4.536000710841087,1.7089610968154014
64,462,64002471,4.259123795374486,1.9871924409530795
64,463,64002472,5.496417000228097,1.8996655283552302
64,464,64002473,5.201297695845829,2.1894259984422466
64,465,64002474,4.619630295230455,2.307533237991893
64,466,64002475,4.115202567540714,2.0510219553155915
64,467,64002476,4.447372714124851,2.2077962815019703
64,468,64002477,3.4868118284138325,1.726757924643965
64,469,64002478,2.8496601035348577,1.829323161740485
64,470,64002479,2.787305750170801,1.6832851985349777
64,471,64002480,3.952220861451069,1.7304189681208804
64,472,64002481,4.2137879532273805,2.523225751437251
64,473,64002482,4.308845984886963,2.022842473867827
64,474,64002483,3.29666402243437,1.5281581630305583
64,475,64002484,5.152009540634862,1.8099487659483413
64,476,64002485,4.287916727267164,2.0312021445668136
64,477,64002486,4.332251801085651,2.0554595018470505
64,478,64002487,4.84821205288971,1.9363740311129232
64,479,64002488,6.749298380204435,1.7693008498047424
64,480,64002489,3.895467158098984,1.7991097999400025
64,481,64002490,4.401069188852435,1.8756182596629423
64,482,64002491,4.398266755426411,2.1492124284251215
64,483,64002492,7.783489136637653,2.518949108569525
64,484,64002493,4.636129743286442,2.2731577964156666
64,485,64002494,3.529736710960428,1.943105284750043
64,486,64002495,4.541508988100289,2.361653773492519
64,487,64002496,3.8483399653432473,1.9512870308019552
64,488,64002497,5.583118901325668,2.461669973124286
64,489,64002498,3.6251906922213797,1.9386712935204495
64,490,64002499,2.8715763840030064,1.9162933997875935
64,491,64002500,4.81209087760767,1.9651043218548048
64,492,64002501,3.4059764041415774,1.7467829844771936
64,493,64002502,4.634586667174452,1.8847084315658742
64,494,64002503,3.3602713646732116,1.8960192636589472
64,495,64002504,3.921068164956823,1.8692989693591318
64,496,64002505,8.70423420651867,1.8061546104682644
64,497,64002506,3.8643329672471523,1.9551299914480316
64,498,64002507,4.141444730136385,2.016879986752324
64,499,64002508,7.014096795276625,2.321144987529044
64,500,64002509,4.971571244987725,2.0925037628403604
64,501,64002510,5.362154394648882,2.1455772386436807
64,502,64002511,3.2410392226100697,2.088867667515252
64,503,64002512,4.70277019337684,2.0465290878248115
64,504,64002513,4.160837751947268,1.9989284070607451
64,505,64002514,4.718186942607391,1.826656091454268
64,506,64002515,4.85282780947083,1.9841566145429768
64,507,64002516,3.8746869276044724,1.627860254830632
64,508,64002517,3.639511424962374,1.6885504744273918
64,509,64002518,2.765027588369022,1.547601327811628
64,510,64002519,3.6791709420963996,2.1636920074796806
64,511,64002520,2.957393303298354,1.627395008329591
64,512,64002521,3.7042602814405825,1.7941920004764307
64,513,64002522,3.5410951283964582,1.6260183935452086
64,514,64002523,4.427307527615148,2.1885117905881093
64,515,64002524,3.8297561946983283,1.9576252777306407
64,516,64002525,3.296380693873017,1.709907930848331
64,517,64002526,4.565749630619717,2.134147630501444
64,518,64002527,4.1896450796339755,2.0636454483617506
64,519,64002528,4.593883599598359,1.9440330854068668
64,520,64002529,3.0891615263357926,1.7481703225067653
64,521,64002530,3.8272076097521985,1.737320051532304
64,522,64002531,2.9669280783632903,1.6122072870260902
64,523,64002532,5.423657753470142,1.8232050957487158
64,524,64002533,3.6483663737518817,1.6010202229573502
64,525,64002534,3.9611429232165047,1.7974062682901704
64,526,64002535,4.079391507202706,1.8050777068610893
64,527,64002536,5.183643950533889,1.8681556732890447
64,528,64002537,4.609199419761221,1.9043426033631141
64,529,64002538,3.466417010765278,1.6729447190804685
64,530,64002539,3.8144222638746417,1.5868994257086182
64,531,64002540,4.104383161083829,1.9942933085254135
64,532,64002541,4.266431611826662,1.8624354945908626
64,533,64002542,4.027689776488876,1.956097103670541
64,534,64002543,6.241308414346787,1.8275369469920317
64,535,64002544,2.833628245640434,1.4429827775077588
64,536,64002545,3.4969192224078243,1.667558273181316
64,537,64002546,5.612667577959598,1.8296301195534703
64,538,64002547,2.803855080998594,1.2646450255881114
64,539,64002548,6.616287365792539,1.7228936894993112
64,540,64002549,4.767444902390331,1.9353816322319857
64,541,64002550,4.127970031852854,2.1512259312650075
64,542,64002551,5.5441978189139975,2.0407114621080615
64,543,64002552,4.533480138909033,2.0033306964188404
64,544,64002553,4.131502777417094,1.9078415326291023
64,545,64002554,3.6409995000398565,1.91171870463424
64,546,64002555,3.2386032713841995,1.7360066659010698
64,547,64002556,3.6888226188936875,1.6824187015655934
64,548,64002557,3.4914114452002347,1.7842991255082081
64,549,64002558,4.429231319972867,1.8650428158237042
64,550,64002559,3.2377501995479494,1.5843950509181377
64,551,64002560,5.106297534776678,1.5378016897990316
64,552,64002561,4.156286287082487,1.8080508263581743
64,553,64002562,4.412963950447126,1.7919536769536664
64,554,64002563,3.34588313101429,1.9189795270098498
64,555,64002564,4.426079261142115,2.215507582988411
64,556,64002565,4.161663353555855,1.8241793905764327
64,557,64002566,4.423531880479925,2.1485968127782527
64,558,64002567,4.186793297954393,2.0089020965779563
64,559,64002568,3.273960138238108,1.5466395313608234
64,560,64002569,3.8773110241139164,2.1729301777823933
64,561,64002570,4.208928577078456,2.0172763845580413
64,562,64002571,4.395753660578127,1.632475209754087
64,563,64002572,3.62816317437301,1.8064922452971357
64,564,64002573,4.752583473780888,2.0187617002679143
64,565,64002574,4.192670721438219,1.97242614888745
64,566,64002575,4.321480065627231,2.083712322010662
64,567,64002576,3.2816098637192765,1.7825192284741471
64,568,64002577,4.529469599846832,1.914760330810819
64,569,64002578,4.432095423863349,2.1213897663158767
64,570,64002579,3.58207196277931,2.09361193004141
64,571,64002580,4.049832005537591,2.3171304816997207
64,572,64002581,4.37186875490699,1.6098033780826617
64,573,64002582,4.971201061194938,1.7820536840449566
64,574,64002583,4.29066516157597,1.798613587081591
64,575,64002584,3.8560405304119,1.871108234382385
64,576,64002585,4.754971219525377,1.8987225723182526
64,577,64002586,3.0325210569276098,1.7296804463805981
64,578,64002587,3.5465476369045965,1.7561954037118994
64,579,64002588,4.055225302039228,2.2567533507572706
64,580,64002589,5.331206864532489,2.0580164367154117
64,581,64002590,3.388041954814936,1.9294277013321124
64,582,64002591,3.335049420836556,1.8742979666971447
64,583,64002592,5.452814379013151,1.8891315939512008
64,584,64002593,4.729627266519517,2.3918832396895535
64,585,64002594,6.197823572091115,1.9822906938698317
64,586,64002595,3.827501432308476,1.502162904151125
64,587,64002596,4.5126232242713975,2.0788038188426623
64,588,64002597,7.027892652242929,2.2231687400144278
64,589,64002598,3.5608143101678302,1.8714442663422686
64,590,64002599,4.083288570282723,1.9609682945898506
64,591,64002600,3.4086996207887115,1.6452739623771617
64,592,64002601,3.8619441634867977,1.8638449976783733
64,593,64002602,5.1563522599154314,2.00270911400864
64,594,64002603,3.5445791406972713,1.7308008134771142
64,595,64002604,3.7174797936774193,2.1463255838788804
64,596,64002605,4.7564407442630845,1.5744334939233937
64,597,64002606,2.7996497643413294,1.8561725938790206
64,598,64002607,3.9321586320162267,1.714326734789655
64,599,64002608,5.010430411045062,1.8080857229800464
64,600,64002609,4.428837436719573,2.141245883782812
64,601,64002610,7.665195892198212,1.8624670618122234
64,602,64002611,3.4607453750194934,1.8066405043533853
64,603,64002612,4.026336035314661,2.179712227445749
64,604,64002613,3.500213108696914,1.671021687484303
64,605,64002614,4.798171558979701,2.4408153288985486
64,606,64002615,4.204531975750425,2.2006576998965692
64,607,64002616,3.9384622078125138,1.6426327018912947
64,608,64002617,4.656998254232268,1.8488663795772007
64,609,64002618,3.25020904627794,1.7997664664612516
64,610,64002619,3.18785565764094,1.8720467285556421
64,611,64002620,3.698119263177174,1.8732057804379594
64,612,64002621,5.529121037162789,1.6316473851829718
64,613,64002622,4.357819440341263,1.7027602437635518
64,614,64002623,4.364632513138851,2.2334942614451263
64,615,64002624,3.937108379200696,1.355331393471028
64,616,64002625,3.8237490625028245,1.8028420667356544
64,617,64002626,4.824012592138814,1.6697268622691641
64,618,64002627,7.431299132630428,1.9549318313481945
64,619,64002628,3.3836508062947206,2.080310505954074
64,620,64002629,4.757693549249257,1.951897882530451
64,621,64002630,3.562705366238945,1.9630455395696444
64,622,64002631,3.672617890774354,2.027295888169712
64,623,64002632,3.56875091210567,1.8705820616524063
64,624,64002633,4.336208319847815,1.9000349389591473
64,625,64002634,3.6670209646484953,2.0508009385137638
64,626,64002635,3.846151182622217,1.8868182097287578
64,627,64002636,3.2754487714170675,1.7874254781495875
64,628,64002637,3.6035913338906447,1.7244400765082126
64,629,64002638,4.499724961046112,1.817334045082823
64,630,64002639,4.087815688571016,1.8964092276432556
64,631,64002640,4.575516991115809,1.8806942425752429
64,632,64002641,4.163192996477291,2.197931519471771
64,633,64002642,3.5017263799977747,1.8652713061297443
64,634,64002643,4.1544104209362835,1.7536834307294644
64,635,64002644,9.088424843960576,2.028963221290876
64,636,64002645,4.024378184835014,1.7026421114360586
64,637,64002646,5.443004294124216,2.0460130420410527
64,638,64002647,2.9697061472319493,1.737511252902347
64,639,64002648,4.2608381515519875,1.7876674306440805
64,640,64002649,4.535590591950431,1.7036557729235122
64,641,64002650,3.806340707251935,1.9150424496009217
64,642,64002651,5.8153168203236145,1.8065965048350296
64,643,64002652,3.2900300520035106,1.6166942436347587
64,644,64002653,3.2064319310870633,1.6447493341405546
64,645,64002654,3.9844245472318525,1.8807225474187563
64,646,64002655,4.552196682241756,2.1230288051580724
64,647,64002656,6.2393139629266,1.8485835912831483
64,648,64002657,4.168266822616949,1.8085509852042585
64,649,64002658,4.522189329409826,1.7378183230569497
64,650,64002659,5.006819767564918,1.8961752364698021
64,651,64002660,3.3121962714469904,1.7720189662483878
64,652,64002661,3.7078757906077584,2.0144243335742704
64,653,64002662,3.677128287019391,2.510649031102032
64,654,64002663,3.44334102815107,1.6926017677476553
64,655,64002664,3.6512900685917082,1.8871619926459884
64,656,64002665,4.742096478922168,1.9160466181960025
64,657,64002666,2.7043479302050004,1.3259695692254823
64,658,64002667,4.150026988599615,1.9592229519767361
64,659,64002668,3.3685859277612225,1.7681224261355049
64,660,64002669,3.562145066226218,1.5337165744861987
64,661,64002670,3.5634172750886575,1.7437726537879805
64,662,64002671,4.7308241596388365,1.925164193594059
64,663,64002672,8.017915555604898,1.9842636205757682
64,664,64002673,3.4299678140615897,2.099333872592882
64,665,64002674,5.380881706913724,1.7311903570359424
64,666,64002675,4.726409120203338,1.7170932061331134
64,667,64002676,3.767923095909409,2.0061048524132667
64,668,64002677,5.1951326269707625,1.9119911374494827
64,669,64002678,3.6696446957510935,1.8466875527542035
64,670,64002679,3.667840186993636,1.6001529280821158
64,671,64002680,4.403700418067039,1.8920166247198023
64,672,64002681,4.524484619399524,1.8815452689227663
64,673,64002682,3.666936284298549,1.8188323350253377
64,674,64002683,3.6653360798056904,1.8835325508526124
64,675,64002684,4.313202492510127,2.222283466926536
64,676,64002685,4.758330878579727,1.7358946441549743
64,677,64002686,4.8061944661487805,1.7690673533712367
64,678,64002687,3.4113801198054077,1.6888121573131918
64,679,64002688,4.098585498164982,2.106715458987405
64,680,64002689,4.767578094552309,2.206107419768515
64,681,64002690,3.6915001530889553,2.047167827246858
64,682,64002691,4.695587612654602,2.1482096230807106
64,683,64002692,3.002743698864797,1.7936023699177193
64,684,64002693,4.4564236583851,1.8806435696822998
64,685,64002694,3.799502599476575,2.031072496369788
64,686,64002695,4.1765182322861065,2.079629960931476
64,687,64002696,3.1403171827735776,1.7777632720997605
64,688,64002697,3.57977066872965,1.965666055482687
64,689,64002698,4.908346441630248,2.169777054754569
64,690,64002699,3.538348188289631,1.5253457935772263
64,691,64002700,5.571203390288088,2.3687726909984086
64,692,64002701,4.163759022626069,2.4259328734460452
64,693,64002702,6.264797488805594,1.9991722157972647
64,694,64002703,5.221392481133273,1.861820660054597
64,695,64002704,3.1707083577977464,1.837881762877334
64,696,64002705,3.933139589159299,1.734699723155794
64,697,64002706,4.438389226863131,1.6288358533201333
64,698,64002707,3.8615887629763974,2.0265914484275194
64,699,64002708,5.026761484405157,1.9881689346607194
64,700,64002709,3.4049445292840494,1.4773943580337012
64,701,64002710,4.090316625605564,1.9229026704766912
64,702,64002711,4.65351151442082,1.7581800425036052
64,703,64002712,3.464420973392109,1.8207400946747085
64,704,64002713,3.880524726252978,1.5983890644720908
64,705,64002714,5.003096327855356,1.9045203457087507
64,706,64002715,4.341358249777253,1.8338179012208757
64,707,64002716,3.049473382539685,1.6777116620787356
64,708,64002717,3.3672648336795516,2.142465279365059
64,709,64002718,3.575575994596898,2.105266933646714
64,710,64002719,3.474179028459991,1.7809607020843103
64,711,64002720,3.8424637303603633,1.7209112323326368
64,712,64002721,5.2309955291671235,1.8324229770924207
64,713,64002722,3.5017315786835916,2.083356008474714
64,714,64002723,3.5732265182018472,1.9003561556291877
64,715,64002724,4.287575344533002,1.8345542641131076
64,716,64002725,3.0799166285712167,1.891709125628743
64,717,64002726,4.214487429030264,2.122623494353465
64,718,64002727,3.895009934502786,2.0608125427866244
64,719,64002728,5.4136756572429166,2.016582600360733
64,720,64002729,6.240142864772618,1.7797317163553277
64,721,64002730,3.987246199241759,2.008598357911775
64,722,64002731,5.254598314456545,1.8423569485020894
64,723,64002732,3.66814915389849,1.903849431519751
64,724,64002733,5.7703309814583355,2.059782379002445
64,725,64002734,4.71743241242214,2.095566105842988
64,726,64002735,3.2272682941073363,2.0040875266957285
64,727,64002736,4.128119568474069,1.743245835403626
64,728,64002737,4.280302666883517,1.830491819184511
64,729,64002738,4.076923379349125,1.9438092778471332
64,730,64002739,3.8305847249462412,1.7188318091992905
64,731,64002740,4.083612037160425,1.7587042576703715
64,732,64002741,3.0320031810798445,1.618974178044527
64,733,64002742,4.402351833171126,2.0389051392882838
64,734,64002743,3.9349583065913714,2.2498375720778685
64,735,64002744,4.966485296597153,2.1705301768196392
64,736,64002745,3.523789757086707,1.7227178725089207
64,737,64002746,4.221399654631376,2.2688883091516088
64,738,64002747,4.306093001700285,2.278759538535043
64,739,64002748,3.2303068414814637,1.670710555548284
64,740,64002749,3.568854573003216,1.8879297439421514
64,741,64002750,3.2769595912221328,1.898062983406592
64,742,64002751,5.2636027566781385,2.0365372344038186
64,743,64002752,3.4066082381756,1.7675828059217145
64,744,64002753,3.3385991636445844,1.674326490430904
64,745,64002754,4.098037718787737,1.549440438308082
64,746,64002755,4.009153631939786,2.101304756404442
64,747,64002756,3.8648444462114737,2.026829679454101
64,748,64002757,5.200294175907507,2.162066895177309
64,749,64002758,4.282788309116353,1.8102422274838625
64,750,64002759,3.484917175119892,1.6211120661363427
64,751,64002760,4.360838831223759,2.127823277236649
64,752,64002761,3.9611141377533157,1.8025604970963809
64,753,64002762,3.8276317509808218,1.9379222754572878
64,754,64002763,3.8338083889281402,1.9833257431568787
64,755,64002764,4.842973987901975,2.1517214430227756
64,756,64002765,3.2903811170034993,1.7644823470101032
64,757,64002766,4.440340620031085,2.0770666375391764
64,758,64002767,4.3204626412973175,1.990438926618273
64,759,64002768,3.162629172920555,1.5896478033613581
64,760,64002769,5.248875208426129,1.9063619871334039
64,761,64002770,3.832182780916956,2.003098902546615
64,762,64002771,3.5337618381925315,1.5818415194681474
64,763,64002772,5.464051176078498,1.949172477577272
64,764,64002773,3.7883019819002075,1.776516602487644
64,765,64002774,3.6220699081150562,1.4068383232271144
64,766,64002775,7.6977708577380834,1.8164926885724115
64,767,64002776,3.6535812491228503,1.5324178942662023
64,768,64002777,3.455572528225005,1.9977878511271265
64,769,64002778,3.7530615338819113,2.040568530745242
64,770,64002779,4.906399770079866,2.119820345257493
64,771,64002780,3.840653956865468,1.9197083700543467
64,772,64002781,3.786422636514806,1.9450712441223597
64,773,64002782,3.7637858826055246,1.693486025083212
64,774,64002783,4.519686480568065,2.224756624504657
64,775,64002784,4.128686706737181,1.901096165726367
64,776,64002785,3.3382134070323786,1.7761070418910807
64,777,64002786,4.762329058525101,2.245020168276973
64,778,64002787,4.458740788412299,2.327582356922245
64,779,64002788,3.586544255843097,1.669089975167837
64,780,64002789,4.424405223596564,1.2722009447122191
64,781,64002790,3.6871346351034284,2.2293010018237838
64,782,64002791,3.3972099531324154,1.7717426373978056
64,783,64002792,4.980622012932688,2.3033421100813865
64,784,64002793,4.16720234099002,2.110665591335838
64,785,64002794,3.437232040574267,2.043835261675824
64,786,64002795,3.81318150489706,1.9752434410314552
64,787,64002796,3.803654865954448,1.9906752129325938
64,788,64002797,3.808678170402813,1.6280498029644566
64,789,64002798,4.478586715372814,1.9267480137467072
64,790,64002799,3.801774200749598,2.0042561112098123
64,791,64002800,5.548342224156541,1.9684997061993645
64,792,64002801,3.3053327926399683,1.6735418145572012
64,793,64002802,4.393536727461603,2.037263847296551
64,794,64002803,4.081873518548377,1.6493559911506437
64,795,64002804,4.698738176479701,1.9559439257996871
64,796,64002805,3.8966429964371936,2.019167329686051
64,797,64002806,4.308033212038497,1.7980327791002984
64,798,64002807,3.3880612269849335,1.6932228256294743
64,799,64002808,4.753624530283618,1.7868747175726574
64,800,64002809,4.317358210376293,2.0030429641603256
64,801,64002810,4.921101304208169,1.9987878304585116
64,802,64002811,3.3362151217498557,1.701219659473374
64,803,64002812,4.518038807123128,2.1738403765879384
64,804,64002813,4.276232530000706,2.2059902260195563
64,805,64002814,3.951017998009458,2.1910446386857436
64,806,64002815,3.5215696432607677,1.8692645639610421
64,807,64002816,4.143952267900549,2.2495896567854543
64,808,64002817,4.471632864767907,1.7877975519817149
64,809,64002818,3.201175017513829,2.088656606238473
64,810,64002819,6.125033995409485,2.039582126776839
64,811,64002820,5.020896457989332,2.083902546294919
64,812,64002821,4.882120436595646,1.9920835550787648
64,813,64002822,3.4406605190622326,1.5532186906088798
64,814,64002823,3.8599705703169978,1.7798829326635237
64,815,64002824,4.231059783415413,1.901719631923503
64,816,64002825,4.839425265001631,1.5930347004498981
64,817,64002826,5.370472298470454,1.825928339704304
64,818,64002827,4.624742698630509,2.009765833586254
64,819,64002828,3.912941390055874,1.9682261865357449
64,820,64002829,3.53393678051872,1.803406654149355
64,821,64002830,2.9341314502472513,1.7859069356391863
64,822,64002831,7.072892083863692,1.7155189693260153
64,823,64002832,4.080202346974547,1.7494067503991342
64,824,64002833,4.34859157262839,2.4316818337215995
64,825,64002834,4.2758492293359645,1.8188767912688786
64,826,64002835,3.7036799054675464,1.6336065921405305
64,827,64002836,5.715175559680039,1.805176470063127
64,828,64002837,3.574400495625679,1.6604168450704082
64,829,64002838,2.9043972891367456,1.6722606032933753
64,830,64002839,4.1797235562414174,1.8425814104194875
64,831,64002840,4.198642977014013,1.9017902691413517
64,832,64002841,3.0523176930279243,1.865543266317539
64,833,64002842,5.051218582815512,1.9422123119922245
64,834,64002843,3.7132640384660354,2.213676774147057
64,835,64002844,3.3479383365317905,1.7586949335527444
64,836,64002845,3.7905441717877957,2.0333110966060133
64,837,64002846,3.8892190921350913,2.020267998014091
64,838,64002847,4.951603456709997,1.7495987971354738
64,839,64002848,4.658808258433849,2.2041577024911487
64,840,64002849,3.7132578142007424,1.6697956757617107
64,841,64002850,5.025142399524471,2.0810641179325997
64,842,64002851,5.064455407249761,1.8432842552937487
64,843,64002852,4.318907406577069,1.8367770073332703
64,844,64002853,4.039495104677884,1.8818707232756828
64,845,64002854,4.873356396298486,2.1458355685808614
64,846,64002855,5.376856533475707,2.013725544914801
64,847,64002856,4.199086042533101,2.1318165887992877
64,848,64002857,4.30650761692677,2.156586136871243
64,849,64002858,4.48876263036532,1.949567206908464
64,850,64002859,4.272276996576013,2.0535299395117086
64,851,64002860,4.047297940030929,2.099293323826377
64,852,64002861,3.775652423417212,1.7851634991079433
64,853,64002862,4.307394308565758,1.9815709914658364
64,854,64002863,2.9168932198176862,1.589101156777292
64,855,64002864,4.284895258710051,2.2228283493485645
64,856,64002865,4.816993972059223,2.200861318517631
64,857,64002866,4.285463443468343,2.1018604400708703
64,858,64002867,6.19928547517293,2.0920267326605604
64,859,64002868,3.3131822217103197,1.9101735765764691
64,860,64002869,2.549487222732187,1.802357068089675
64,861,64002870,3.1868827363562064,1.9337344572189843
64,862,64002871,5.104963065222971,2.0166716200712975
64,863,64002872,3.8900135424120976,2.02413822271881
64,864,64002873,4.194522079317952,1.7323019917710079
64,865,64002874,4.399612128415465,1.7716292104869393
64,866,64002875,4.178301896639213,1.83393600623636
64,867,64002876,3.452328996327174,1.5751352026792163
64,868,64002877,4.290709221553744,2.020235965421678
64,869,64002878,3.04550317239019,1.8805722753666598
64,870,64002879,4.963842516694712,2.1278765742822427
64,871,64002880,4.760303006744151,1.8884713934674882
64,872,64002881,3.8899494252390086,1.8359124496184416
64,873,64002882,4.619519896120756,2.0840082750535283
64,874,64002883,3.8156335715831,1.9680010725098755
64,875,64002884,3.4712541075640284,1.7501158341967809
64,876,64002885,4.494109926420071,2.199434900175796
64,877,64002886,3.61261500229784,2.25501031352772
64,878,64002887,3.693667219305796,1.8620828591223826
64,879,64002888,3.482823167115699,2.0418336316177386
64,880,64002889,6.746985072130732,1.827045882769284
64,881,64002890,4.271865062212715,1.836075244371353
64,882,64002891,4.419114109777262,1.554553696115506
64,883,64002892,3.4516425108682105,1.877108423863042
64,884,64002893,5.147433405636012,2.352778191200404
64,885,64002894,3.0604758919883706,1.7697612508239187
64,886,64002895,3.7905642599284226,2.0046844018877277
64,887,64002896,3.7941199267828547,1.667983238640264
64,888,64002897,5.467270655057334,1.9240169500677888
64,889,64002898,4.2340700842431325,2.088920537175607
64,890,64002899,4.708014028243736,1.8860077007611802
64,891,64002900,3.362922881996838,1.7498855514307445
64,892,64002901,4.290498171975026,2.2976231082508205
64,893,64002902,3.61744078786193,1.8552999942473196
64,894,64002903,4.001572985898781,2.0151799014886507
64,895,64002904,5.776285468594514,1.9126325220806024
64,896,64002905,3.8962716742199976,2.142185441549471
64,897,64002906,3.960022434411135,1.9450058383110707
64,898,64002907,4.932168392182077,2.0153651112329625
64,899,64002908,4.373745195374796,1.821006898612221
64,900,64002909,5.63989597275641,1.89975417170017
64,901,64002910,4.209034513219631,2.120260312649708
64,902,64002911,4.690920850161236,2.1055725153351403
64,903,64002912,4.42015674567002,2.3562546423995556
64,904,64002913,3.956175437694946,2.0950372916651507
64,905,64002914,4.242299828029746,1.8925754273366893
64,906,64002915,3.0227297906738557,1.5878900110459573
64,907,64002916,2.967816599406025,1.4426248388945049
64,908,64002917,3.239101362356297,1.7325498693765522
64,909,64002918,4.352332712995794,2.1536659051539213
64,910,64002919,4.665041020885298,2.140959067649976
64,911,64002920,3.346789318292831,1.941518951195091
64,912,64002921,3.497272535063883,1.7742699648065454
64,913,64002922,3.8954602117863555,1.4131520464493812
64,914,64002923,5.609824697135334,2.014089123912367
64,915,64002924,4.664077203561186,2.0880581101169526
64,916,64002925,3.241058505087229,2.1582788145064704
64,917,64002926,4.347862806166603,2.0035027783443966
64,918,64002927,7.164993143203681,2.2890503960310453
64,919,64002928,5.106353283910866,1.8257990690465162
64,920,64002929,4.171678548755054,1.6965022691263325
64,921,64002930,3.030469624837552,1.6577618461066386
64,922,64002931,3.67332702285648,1.8431710234796503
64,923,64002932,4.610216484099866,1.6271103319420561
64,924,64002933,4.25524523863368,1.9901139331724726
64,925,64002934,4.067412022687519,1.7872756353128876
64,926,64002935,2.728557530049526,1.5774077763240395
64,927,64002936,5.0922789232496175,2.121422788831918
64,928,64002937,4.236788819042298,1.9149242989880424
64,929,64002938,3.9464383328694366,1.8340759857600353
64,930,64002939,5.937385660329009,2.2067207155139656
64,931,64002940,3.8662270955566473,1.9977384979266204
64,932,64002941,3.1575729550530314,2.4685873123143565
64,933,64002942,4.704461459446131,1.9570083717198348
64,934,64002943,5.623179004498332,1.899897134436565
64,935,64002944,4.551264387616202,2.015908772500619
64,936,64002945,4.219262047012797,1.7416095413578905
64,937,64002946,2.557401738976783,2.0769223234447907
64,938,64002947,3.7477886958987656,2.027630669874296
64,939,64002948,3.3986999506177438,1.790246999832771
64,940,64002949,4.743393122874389,2.057908032852248
64,941,64002950,3.2931845476840342,1.8048306921218673
64,942,64002951,4.286295907859459,1.9645536250469349
64,943,64002952,4.72532400457306,1.921442410403595
64,944,64002953,3.4076637776606464,1.564479756907827
64,945,64002954,3.1735160340835664,1.3356823848951966
64,946,64002955,4.5034564777759805,2.0470841691376833
64,947,64002956,4.542754476185033,2.0074023963966336
64,948,64002957,3.4893125696256684,1.8207675852813885
64,949,64002958,3.970699086185869,1.8655409404240184
64,950,64002959,4.297607185954561,1.767464367696324
64,951,64002960,3.4995365953532347,1.6256958494747054
64,952,64002961,4.118872696996747,2.07359240720522
64,953,64002962,5.242602955510172,1.7228665738240987
64,954,64002963,5.389354253452361,1.7922844485539542
64,955,64002964,4.620879032729451,1.8914047111250867
64,956,64002965,2.4368027175260747,1.4449709196601932
64,957,64002966,6.181356092784587,1.9750031426606018
64,958,64002967,4.928437884065814,2.2626853008221075
64,959,64002968,4.323091224830121,1.8623184929250405
64,960,64002969,5.672753879999268,2.1732922297663033
64,961,64002970,5.908233195880043,1.6296339782210907
64,962,64002971,3.4792447412238476,2.057437642756357
64,963,64002972,4.018387576171757,1.7102999416119262
64,964,64002973,3.1650606055831205,1.4314036078604908
64,965,64002974,3.788228118964825,1.8057962355813688
64,966,64002975,3.592462466803087,2.0283599268000105
64,967,64002976,3.231014963683724,1.8875007148271599
64,968,64002977,3.8141025245495443,1.9695676419382926
64,969,64002978,4.485722395858031,1.9129734954926982
64,970,64002979,4.463095155710723,2.4013931914844973
64,971,64002980,3.3514832095758758,1.9606531230569486
64,972,64002981,2.9503906141580636,1.6163101136622418
64,973,64002982,4.206497622483603,1.8771141352639695
64,974,64002983,3.5277055488656024,1.3786354443186535
64,975,64002984,3.472354709968744,2.2675834827725714
64,976,64002985,6.434543034359682,2.226818368496844
64,977,64002986,3.294709785525222,1.7150996353685297
64,978,64002987,3.603396910126709,1.7354791941918413
64,979,64002988,4.238053286109409,1.9162069804091275
64,980,64002989,5.3469818609185165,2.0397345421014683
64,981,64002990,5.030510383010047,1.685498429428993
64,982,64002991,3.2636728230541,1.9656337278588114
64,983,64002992,3.3986657482669878,2.2262490533442754
64,984,64002993,4.55437870209359,1.763079570919316
64,985,64002994,3.858846594138454,1.833233695608022
64,986,64002995,5.021853757390827,1.9864020799124054
64,987,64002996,4.008895476010328,1.880427126271494
64,988,64002997,3.2108547105541905,1.625835330318877
64,989,64002998,4.03261547468269,1.8062518050654477
64,990,64002999,5.726951128043894,1.8111218037281898
64,991,64003000,4.145372194244404,1.8325231481287272
64,992,64003001,4.309132263528811,1.8715611841915234
64,993,64003002,5.05219417109903,1.9639197826526018
64,994,64003003,3.319906256917592,2.091057311825508
64,995,64003004,4.359150355549758,1.5901128313617767
64,996,64003005,6.464550519788918,1.8537321963649163
64,997,64003006,3.9019660438995922,1.800468975413421
64,998,64003007,4.764406468230054,1.559490011430012
64,999,64003008,5.538002927201373,1.5865589065052863
64,1000,64003009,3.5339878212089486,2.0482246492447955
64,1001,64003010,3.6236009300956753,2.0554398524638158
64,1002,64003011,4.84986984358788,1.7470499110858062
64,1003,64003012,3.313250311109628,2.141596363540368
64,1004,64003013,4.751235831104509,1.8552086458247785
64,1005,64003014,4.569201672154734,1.9808064839494277
64,1006,64003015,3.6325565214091973,2.0031753666403627
64,1007,64003016,4.271925342268564,2.092514493993833
64,1008,64003017,4.4171197755221705,2.1375999816966815
64,1009,64003018,3.552230370682817,1.7438623758074223
64,1010,64003019,2.789567385162015,1.5286588317073864
64,1011,64003020,3.4689356584757833,1.8990024198702335
64,1012,64003021,3.5310279078831366,2.2707997421257855
64,1013,64003022,3.928943917187071,2.208942488384103
64,1014,64003023,5.522593610112825,1.9386918413430312
64,1015,64003024,3.7666541674859033,1.8255731835360427
64,1016,64003025,4.372910441055909,1.9892717827935003
64,1017,64003026,4.0781384104856775,1.9922315414594354
64,1018,64003027,3.0985559884521394,1.3818137171116742
64,1019,64003028,3.867111449032629,1.804398747146292
64,1020,64003029,3.6362451210714486,1.8601036565087845
64,1021,64003030,3.414368933544739,1.3843847615039018
64,1022,64003031,3.410803193590442,1.5798725140518415
64,1023,64003032,4.387158923710299,1.7014450076165346
64,1024,64003033,4.316776049359403,2.5258982270085513
64,1025,64003034,4.048190735613756,1.9658417251327112
64,1026,64003035,3.300664482248156,2.0769801218622157
64,1027,64003036,4.41182569865429,1.810396204386494
64,1028,64003037,3.242983535118542,1.7800890054897751
64,1029,64003038,4.743186551819028,2.119419944235187
64,1030,64003039,3.6427054234455727,1.8129079330698459
64,1031,64003040,4.723641387572743,1.897005393391517
64,1032,64003041,4.715437357845314,2.2273243381291077
64,1033,64003042,3.7986355573687423,1.8797159814751725
64,1034,64003043,3.8493086747354415,2.0216310698232625
64,1035,64003044,3.5974509022727044,1.7357282805541137
64,1036,64003045,3.997448456144234,1.8420489532125028
64,1037,64003046,5.7183106364994,2.120788863318259
64,1038,64003047,4.266504181800115,1.916161440193085
64,1039,64003048,3.363303958126114,1.7749801180047577
64,1040,64003049,3.496560741795903,1.9055215620560992
64,1041,64003050,4.69173149215155,1.6901510312357917
64,1042,64003051,6.100099927076329,1.9797707521040517
64,1043,64003052,2.9791062554728587,1.520343498701586
64,1044,64003053,4.5300919218151225,1.9050943817958725
64,1045,64003054,4.4605747394808395,1.8262228002781804
64,1046,64003055,4.304471866425979,2.0965325710058607
64,1047,64003056,5.281127815616662,1.7486287516944712
64,1048,64003057,4.8549328446188875,2.089995499193392
64,1049,64003058,3.5051801847550395,1.4989460006118693
64,1050,64003059,4.658754950513598,1.8648140065268404
64,1051,64003060,3.32738281067513,2.0202660620728614
64,1052,64003061,3.967851355588354,1.839263944323718
64,1053,64003062,5.204339252548627,2.0233060322802974
64,1054,64003063,4.0448651933516455,1.7743452167820248
64,1055,64003064,4.054320190422531,1.8063939197508747
64,1056,64003065,5.280900069970543,1.8869032346472376
64,1057,64003066,3.7655400067785867,1.77746095741
64,1058,64003067,5.072555598433365,2.0842288364686703
64,1059,64003068,4.022147529706364,1.8818803704933755
64,1060,64003069,5.2329201313268765,2.0023464760685368
64,1061,64003070,4.885679629472046,1.8771548233765691
64,1062,64003071,4.25865531757538,1.7532650416536721
64,1063,64003072,4.470875044201651,2.1177588820960493
64,1064,64003073,4.721860227506006,2.260308182912859
64,1065,64003074,5.009528306460458,2.034875352344795
64,1066,64003075,4.823033926858822,1.818655787231505
64,1067,64003076,5.917998621274716,2.096346706119143
64,1068,64003077,3.139692826053676,2.140774736736501
64,1069,64003078,5.124739332358991,1.880633891436187
64,1070,64003079,3.660228646233855,1.8688478255763783
64,1071,64003080,4.275202180736596,2.0104088353593994
64,1072,64003081,5.019124583346541,1.671357595402996
64,1073,64003082,3.6006116010969196,1.824794972769188
64,1074,64003083,3.2995113964255127,1.7801372212514757
64,1075,64003084,3.327626138783685,1.6131729202085505
64,1076,64003085,3.5288184714211908,1.818478972965528
64,1077,64003086,3.9182000218469755,2.2224945212874667
64,1078,64003087,4.242533950057855,1.7549816325571042
64,1079,64003088,5.079330830488312,1.8117330173474786
64,1080,64003089,3.836659079128461,1.672100395402974
64,1081,64003090,3.9068630765888916,1.681866310042227
64,1082,64003091,4.735492906474763,2.3667028667003054
64,1083,64003092,3.4609852594731683,2.0967776170535344
64,1084,64003093,4.039354201042418,1.9124511156032107
64,1085,64003094,5.3655918208442275,2.096168834398619
64,1086,64003095,4.519520864265513,1.823436307556575
64,1087,64003096,4.418185883210645,2.130653316778259
64,1088,64003097,4.891048007457187,1.9847274425918562
64,1089,64003098,3.161037616431983,1.642274086936437
64,1090,64003099,3.9952332611169163,2.104051746425506
64,1091,64003100,3.321641378987656,2.0673882879507604
64,1092,64003101,4.030382558566749,2.2138272706578954
64,1093,64003102,4.211635676159706,2.0667149989982208
64,1094,64003103,5.506688244292064,1.7819792510076344
64,1095,64003104,3.594418377037164,2.0243019366159243
64,1096,64003105,4.07571401042034,1.8842833155431855
64,1097,64003106,3.0696821367567675,1.7103051317732414
64,1098,64003107,4.68067820763899,1.928937311754155
64,1099,64003108,3.4961777781970813,1.9451806819351376
64,1100,64003109,6.071140384542055,2.073222937043629
64,1101,64003110,3.863610088266383,1.5813862363491862
64,1102,64003111,3.7184216937648444,1.6202642373787983
64,1103,64003112,3.880671380973236,2.4138303514439605
64,1104,64003113,2.9686684829604073,1.8081164470417626
64,1105,64003114,2.9710858518016035,2.122115629343489
64,1106,64003115,5.598893947234569,2.0482754955624936
64,1107,64003116,3.087829964176369,1.836481243208265
64,1108,64003117,3.5596248386543423,2.236532847345189
64,1109,64003118,3.6616410743681613,2.0343536166317024
64,1110,64003119,4.3054868064862655,2.0682579766892593
64,1111,64003120,7.427465084290286,2.0845536775666864
64,1112,64003121,4.548678759332515,1.8940822386852145
64,1113,64003122,4.669287283362226,2.0005561364658004
64,1114,64003123,3.4892985991292598,1.9923195100408935
64,1115,64003124,3.8567312775428464,1.8494511977563164
64,1116,64003125,3.793019635732767,1.901253485575224
64,1117,64003126,3.859135837633644,1.8148464010794934
64,1118,64003127,3.6962623948520643,1.6844491738880247
64,1119,64003128,4.298052258454736,2.1256851724025885
64,1120,64003129,4.72730482866891,2.043130105046053
64,1121,64003130,3.8360517697202905,2.247509758065437
64,1122,64003131,5.225059367330277,1.987231569022728
64,1123,64003132,3.2690921063260294,1.8345650027874922
64,1124,64003133,3.918728474986823,1.9373874448652522
64,1125,64003134,3.5421912254116754,1.946554885959315
64,1126,64003135,3.5375045879433213,1.6064551215309693
64,1127,64003136,3.058384484714401,1.9420544271037985
64,1128,64003137,3.993585202775092,2.0982130479312513
64,1129,64003138,3.51801287034882,1.867767284057049
64,1130,64003139,4.274735050514728,2.145705527109863
64,1131,64003140,3.6365175246209405,1.7197715946278354
64,1132,64003141,3.5369975795652384,1.928786176363495
64,1133,64003142,5.452687226170811,1.8456478463355879
64,1134,64003143,4.073020395829587,1.7265326831584002
64,1135,64003144,3.6956568246766466,1.9659337886233006
64,1136,64003145,3.8437943164642987,1.8993505821659897
64,1137,64003146,4.200525755581708,1.308735921633017
64,1138,64003147,3.3292431112256335,1.7980238811220088
64,1139,64003148,4.32797922508846,1.9104744837444736
64,1140,64003149,3.2577480178706133,2.0369380526101475
64,1141,64003150,3.9746537597872167,1.7753544257213032
64,1142,64003151,4.466150236310391,1.8225907207970018
64,1143,64003152,3.4729732868745526,1.9766606210220992
64,1144,64003153,4.582193878947019,2.3479026807067154
64,1145,64003154,4.543834483305942,2.197702253635088
64,1146,64003155,4.276733889077646,1.6966682821016779
64,1147,64003156,3.579668308123304,1.650144460212833
64,1148,64003157,3.347386158196762,1.214802034996073
64,1149,64003158,5.2193466761150615,1.795182334707363
64,1150,64003159,4.585597413331705,1.9732962162841232
64,1151,64003160,3.7796170342629387,1.7756357180487194
64,1152,64003161,3.559307384359859,1.921511237864432
64,1153,64003162,4.346368914002158,1.5889979298691574
64,1154,64003163,3.95877186129767,1.888428377360059
64,1155,64003164,5.351238619001367,2.055207927971887
64,1156,64003165,3.0592806323226998,1.6587638090889016
64,1157,64003166,4.636073059157457,1.6280841328611289
64,1158,64003167,4.4196495521214265,1.6736845160834815
64,1159,64003168,4.20495848914204,2.2268068384454796
64,1160,64003169,3.9097961537541432,1.6939744631109952
64,1161,64003170,4.318446174048242,1.9296752002785913
64,1162,64003171,3.784111455647761,1.7565401315174536
64,1163,64003172,5.3868577480044735,1.9913195345878216
64,1164,64003173,5.074038858905598,1.6567713695522814
64,1165,64003174,5.107574938080051,2.4133313112673944
64,1166,64003175,3.9827680715864746,1.9199143263982137
64,1167,64003176,3.682274224262856,1.9121783385859843
64,1168,64003177,4.137172252621276,1.8551294356489123
64,1169,64003178,4.423968347778414,2.4085015906619955
64,1170,64003179,3.882203800785308,1.8535282218341396
64,1171,64003180,4.876871323378027,1.9826966015874032
64,1172,64003181,4.873989289455245,1.923722598092205
64,1173,64003182,3.6481522890734257,1.8541609487758637
64,1174,64003183,2.9161377301136264,1.7292804262732597
64,1175,64003184,3.897552170648267,1.9511056549267392
64,1176,64003185,4.978828696208468,1.8735064988663066
64,1177,64003186,5.804723291033869,1.9938405538944897
64,1178,64003187,3.7098633230436633,1.7733540143594875
64,1179,64003188,3.9245217640814927,1.9776408727912242
64,1180,64003189,3.8803139796436783,2.173303425686741
64,1181,64003190,3.407512051474049,1.6420450845633667
64,1182,64003191,3.654169530671444,1.6895113683011178
64,1183,64003192,5.9939012661298,1.719280327335997
64,1184,64003193,3.68012101930826,2.1020387376827268
64,1185,64003194,3.641205914086748,2.0218278898299933
64,1186,64003195,3.700664518335145,1.6256944300028575
64,1187,64003196,3.623960835010307,2.160231353569189
64,1188,64003197,4.063482455803217,1.9542930403190357
64,1189,64003198,4.849021985679587,2.0082402599537215
64,1190,64003199,4.46746783858076,1.8746985139677401
64,1191,64003200,5.0334739306085465,2.3823393024627815
64,1192,64003201,11.040671070327829,1.7657341688116983
64,1193,64003202,6.377463202842128,2.3256711447508107
64,1194,64003203,3.9697924151229826,2.119352709130107
64,1195,64003204,4.3011927095132645,2.2625852591561686
64,1196,64003205,3.765690464934219,1.7550705683602574
64,1197,64003206,4.321053754927989,1.9086118838666826
64,1198,64003207,4.737483157252995,2.0007661452096612
64,1199,64003208,4.2801924132495675,1.9881422711800967
64,1200,64003209,3.089609264207317,1.83203457418082
64,1201,64003210,3.600989606125358,1.69655292662716
64,1202,64003211,5.8469021364914875,1.8709670102838758
64,1203,64003212,3.9484861545836356,1.8382885242915472
64,1204,64003213,5.2558400835411545,1.847032858038088
64,1205,64003214,4.6787744239147,2.0984079715595274
64,1206,64003215,4.924922409814608,1.9032578073106692
64,1207,64003216,4.284790386160002,2.023617881814116
64,1208,64003217,3.999687195444755,1.886267698417797
64,1209,64003218,3.928648292196871,2.0291623490382036
64,1210,64003219,3.943917077854901,1.9318554274928177
64,1211,64003220,5.054306259701321,2.161088245262422
64,1212,64003221,5.76804025448623,2.1041152377478256
64,1213,64003222,3.147612174535409,1.7994420723559905
64,1214,64003223,4.404702000391248,2.014187655580405
64,1215,64003224,4.18259308027282,1.9559197723364807
64,1216,64003225,5.8724419242275525,1.9680209250287408
64,1217,64003226,3.8326735467525364,1.9901767066233795
64,1218,64003227,3.72065812645269,1.7774725486205694
64,1219,64003228,3.747400674266744,1.4522475097267682
64,1220,64003229,2.967845061091012,1.3988381642553276
64,1221,64003230,4.605502117192383,2.193496256669018
64,1222,64003231,4.002687525729886,1.8876438192257756
64,1223,64003232,4.5835455595613785,1.953932247238194
64,1224,64003233,5.5416391358700405,1.9975412559221184
64,1225,64003234,3.8542991830949442,1.745470561770227
64,1226,64003235,4.6987534449869655,2.007922206200164
64,1227,64003236,5.574068927036119,1.464322936976355
64,1228,64003237,3.486128754710497,1.7481794774020776
64,1229,64003238,2.196572740047569,1.4502664604784445
64,1230,64003239,4.478343840886105,1.940071138111217
64,1231,64003240,4.722925759227755,2.1917973345529265
64,1232,64003241,3.8622574407777477,1.781455991310453
64,1233,64003242,4.215756610012066,1.7868011017917034
64,1234,64003243,4.177792326875394,2.0557635226719944
64,1235,64003244,3.1931241499449374,1.607150305342837
64,1236,64003245,5.840706949506861,2.1439681614354633
64,1237,64003246,4.411910551228718,1.6536439374324328
64,1238,64003247,5.999160222646367,1.9103448393656428
64,1239,64003248,3.231716423293669,1.710090686826879
64,1240,64003249,4.626801928963796,1.8328238081764776
64,1241,64003250,4.0384865131016126,2.0204407260058503
64,1242,64003251,3.950014378277411,1.9809932626996007
64,1243,64003252,4.355758758110399,1.8237777450062398
64,1244,64003253,3.7253102758558683,2.004317241307772
64,1245,64003254,4.070850166749494,2.4214477422249896
64,1246,64003255,3.2834623891499706,1.8025599264972243
64,1247,64003256,3.2896528966611513,1.7544022330605185
64,1248,64003257,4.671188520667532,1.7772610249429666
64,1249,64003258,2.4735463421662973,1.6662911458293317
64,1250,64003259,5.06131195882087,2.013929014718002
64,1251,64003260,3.7677040696478263,2.177691827687515
64,1252,64003261,6.943557751467517,1.9646072865216164
64,1253,64003262,3.0280053742504207,1.8865835281076406
64,1254,64003263,4.524318138458842,2.0225126376061
64,1255,64003264,4.477839756113117,1.8153062232641217
64,1256,64003265,3.882444634492864,1.851976872624729
64,1257,64003266,3.0277525585810934,1.5158440884273061
64,1258,64003267,4.652089670877828,1.7968793659517674
64,1259,64003268,3.8696051073874065,2.1389453857897514
64,1260,64003269,3.772043903633115,1.6911014071892347
64,1261,64003270,4.070446671021664,1.750963329154425
64,1262,64003271,5.726759216492723,2.0311358226596443
64,1263,64003272,4.572172379639035,1.9378036878724128
64,1264,64003273,3.4622539747380294,2.034073148855353
64,1265,64003274,5.043648082021533,1.7313971332591624
64,1266,64003275,6.151541944336483,1.8233351912688136
64,1267,64003276,3.804421796669865,1.779450396791345
64,1268,64003277,3.7984532358769467,2.1084401349701856
64,1269,64003278,3.801962559843225,1.9029223629471301
64,1270,64003279,5.053116880696409,1.8333449042168213
64,1271,64003280,5.187150689434672,1.8548990555202822
64,1272,64003281,4.940523373134979,1.7995777034383333
64,1273,64003282,3.5210969667876033,2.0163426818192676
64,1274,64003283,4.883455809435976,1.9857101877378318
64,1275,64003284,3.041760501262341,1.9098014481670649
64,1276,64003285,3.820507543645888,1.8554349022288292
64,1277,64003286,4.2199530096401805,2.0940784925208766
64,1278,64003287,3.6009857939029217,1.6758885307215885
64,1279,64003288,3.7559363311446816,1.6939287978164457
64,1280,64003289,4.68167065247224,1.9332040712979306
64,1281,64003290,4.4701138714899304,2.0139898783183097
64,1282,64003291,3.227167717177777,1.7724799109284113
64,1283,64003292,3.627326991168358,1.9531622740370942
64,1284,64003293,4.029109799062667,1.8913980385729572
64,1285,64003294,3.4086103863780477,1.863465184976369
64,1286,64003295,3.4398232468009775,2.005652399332655
64,1287,64003296,3.3685482988127746,1.8609605456966782
64,1288,64003297,4.370842203371153,1.8971890936019133
64,1289,64003298,4.25439953646165,1.7001735926790174
64,1290,64003299,4.945035999986468,2.2411833551785447
64,1291,64003300,3.49449310064192,1.6555956187245517
64,1292,64003301,5.576908316089556,2.0378742121086817
64,1293,64003302,3.317966742755187,1.6874712896701203
64,1294,64003303,3.4850976664799607,1.4123314588458318
64,1295,64003304,5.6885368125309625,1.8566907853876269
64,1296,64003305,3.6556857895495116,1.9963041392772232
64,1297,64003306,4.477682374876851,2.023022239941483
64,1298,64003307,5.326294653952146,1.910433618718551
64,1299,64003308,5.0889795648897005,1.971958734304422
64,1300,64003309,5.01237448115278,1.9611502897146462
64,1301,64003310,3.7352523506024307,1.8231986396236477
64,1302,64003311,3.8880186706262747,2.264970285588813
64,1303,64003312,3.436654530909188,1.9926069131515887
64,1304,64003313,4.828538551741892,1.9395654718203665
64,1305,64003314,3.9595136702135516,1.598347156187593
64,1306,64003315,4.948847507797767,1.9134281906691635
64,1307,64003316,4.463951161842711,2.1097115586506274
64,1308,64003317,4.219703642200605,2.0743098551244206
64,1309,64003318,3.488110459502744,2.0276876689296017
64,1310,64003319,3.8424806629031125,1.8074005744173587
64,1311,64003320,4.152174424685981,1.8521951864160253
64,1312,64003321,2.655548491458945,1.4237258895574239
64,1313,64003322,4.720780272551578,1.9421658886675115
64,1314,64003323,7.441739850995597,1.913273059827513
64,1315,64003324,6.094865223649718,2.088683989781487
64,1316,64003325,4.626025422742819,2.1352593390666637
64,1317,64003326,4.530197861730528,2.163976277471351
64,1318,64003327,3.055646414281122,2.006068301452044
64,1319,64003328,4.917465956276031,1.8757989174440861
64,1320,64003329,3.740953454420077,1.7697449820671005
64,1321,64003330,4.1720950993838,2.0558733998894816
64,1322,64003331,4.111149749479998,1.9297020636172406
64,1323,64003332,3.938227864659491,1.7113549226365918
64,1324,64003333,4.426174776547588,1.8558691909667944
64,1325,64003334,3.0668042420724944,1.7154169638110224
64,1326,64003335,4.204641679272246,1.7643993423657574
64,1327,64003336,3.602714996728065,2.019188445707072
64,1328,64003337,3.4222708517029905,1.889499811555833
64,1329,64003338,3.4078219776243,1.946578928935338
64,1330,64003339,3.1144141750449634,1.3496788121458492
64,1331,64003340,4.258045116486484,1.7781159551066108
64,1332,64003341,3.4245537248112945,1.880558123680104
64,1333,64003342,5.2124296447310625,2.2207984111819696
64,1334,64003343,4.466820980134358,2.3095807235459183
64,1335,64003344,4.816998368245419,2.0730520301946878
64,1336,64003345,4.845525560932229,1.630329365809782
64,1337,64003346,2.861217451247751,1.6541830424666801
64,1338,64003347,3.258951420367662,1.7884926798919933
64,1339,64003348,2.7803009367336258,1.7691989570710278
64,1340,64003349,5.16957465002542,1.712605583475711
64,1341,64003350,4.120207108506041,2.2741042976199686
64,1342,64003351,4.508138900273144,1.7829565193412233
64,1343,64003352,4.175375332784021,1.616004653740689
64,1344,64003353,4.598166951825782,2.2243722077915593
64,1345,64003354,5.399127297117529,1.9533815668616434
64,1346,64003355,5.1647235167934795,1.9257051170604502
64,1347,64003356,3.579469255709313,1.8786828063829393
64,1348,64003357,4.061680095046639,1.629714485436739
64,1349,64003358,4.27556140588361,1.8255685280191356
64,1350,64003359,4.41726118382833,1.7796107844754392
64,1351,64003360,4.092586998527182,1.8010124807466277
64,1352,64003361,3.499176742840513,1.9317355690945712
64,1353,64003362,2.9636433677297527,1.7203676093376985
64,1354,64003363,3.989483936327688,2.0736804937999693
64,1355,64003364,4.873305816302729,1.9401498233014711
64,1356,64003365,4.175377451444722,1.6865573622592405
64,1357,64003366,4.177704411147227,1.699548917968779
64,1358,64003367,3.7799529418864593,1.79716623552606
64,1359,64003368,6.360730530689659,2.0543881147228276
64,1360,64003369,4.561344390914115,2.025078577761993
64,1361,64003370,4.139035900323087,2.1645523869350405
64,1362,64003371,3.973288138886205,2.0890501132875317
64,1363,64003372,4.558449016968227,1.8808907158373787
64,1364,64003373,4.778370585377451,1.877467001149905
64,1365,64003374,4.775060809753591,1.6116108852687536
64,1366,64003375,4.803031879430462,1.9817687006531106
64,1367,64003376,3.5450320631050656,1.7548266472175416
64,1368,64003377,3.884370393826089,2.008759150272937
64,1369,64003378,3.2649592698907455,1.8231587959245605
64,1370,64003379,5.3160272676760485,1.8016724418695564
64,1371,64003380,3.133047300346622,1.971065946609972
64,1372,64003381,3.5972491627078096,1.8590899644001988
64,1373,64003382,4.2431308647547805,2.2900551328241248
64,1374,64003383,3.204522807093254,1.7216578019118935
64,1375,64003384,3.1653719226203387,1.802148659978951
64,1376,64003385,4.2823345377865625,2.015940861904375
64,1377,64003386,4.800961130561138,1.6949235335774282
64,1378,64003387,3.359413363338729,2.0668928705889154
64,1379,64003388,4.435780334174002,1.9787733597080315
64,1380,64003389,3.8684689863263952,2.177987636770745
64,1381,64003390,4.74919173440228,1.709605628982593
64,1382,64003391,4.17487525177011,1.7315581476360962
64,1383,64003392,4.184368509739068,1.8998540170121976
64,1384,64003393,3.5618556385636184,1.707268672398134
64,1385,64003394,3.752238566939769,1.925094640294539
64,1386,64003395,4.123056823813012,1.9300411391340622
64,1387,64003396,4.052883920984774,1.8948880378507431
64,1388,64003397,3.7027998117294056,1.8307259776971994
64,1389,64003398,5.788201781844087,1.9859774371681482
64,1390,64003399,5.9647764025216725,1.820129259874551
64,1391,64003400,5.914032287257546,2.2534287544696245
64,1392,64003401,2.983514889490312,1.7241578970980405
64,1393,64003402,4.155289509609795,1.8411705650244288
64,1394,64003403,4.944842622265477,2.1706928229370295
64,1395,64003404,2.878802287212292,1.8061148537903073
64,1396,64003405,3.571881894726249,1.8769600961851247
64,1397,64003406,4.103700441840712,1.9945913069593755
64,1398,64003407,5.630651240966526,2.1602609742776653
64,1399,64003408,4.001732866673495,1.9289353666151539
64,1400,64003409,4.69658645311258,1.8124699894205172
64,1401,64003410,4.205731962245146,2.2918693062162325
64,1402,64003411,3.9830864382395803,1.904535268305462
64,1403,64003412,3.9868290688700023,1.8912972588947734
64,1404,64003413,4.12572741916443,1.6792341986123482
64,1405,64003414,3.6091098768241032,1.820730199602153
64,1406,64003415,3.2314344253107254,2.068447918663663
64,1407,64003416,4.164449681025841,1.8807728142290019
64,1408,64003417,3.993194065283111,2.2691478080855267
64,1409,64003418,3.9779545712345064,2.3721618796092674
64,1410,64003419,4.147828534101694,1.699287176260515
64,1411,64003420,4.55016138835309,1.866340012112645
64,1412,64003421,4.532158818554439,2.1347723532632266
64,1413,64003422,4.27841597023673,1.8224159395094217
64,1414,64003423,4.629308361023614,1.9253751826223835
64,1415,64003424,5.9165376349780585,1.7950614890218886
64,1416,64003425,4.329701888777714,1.9029055555707521
64,1417,64003426,3.2519749952748005,1.5622092050641245
64,1418,64003427,3.5226209390312397,1.7553359623476348
64,1419,64003428,4.204449006859005,1.9837087014323123
64,1420,64003429,3.5890203351135166,2.019011151301642
64,1421,64003430,5.193750507097058,2.0789511847887914
64,1422,64003431,3.274559334299006,1.5600980070569683
64,1423,64003432,2.8565346950434773,1.7125719190514739
64,1424,64003433,3.486746368208629,2.002375301667791
64,1425,64003434,3.875352712572924,1.7207813978407083
64,1426,64003435,5.51563311446419,1.9418914101675044
64,1427,64003436,4.0849097979338636,1.9925766866921544
64,1428,64003437,3.03466753432614,1.6697579688942206
64,1429,64003438,5.3313867836942865,2.126686464492782
64,1430,64003439,4.09210840198589,1.9173502198115662
64,1431,64003440,3.3360850090768994,1.7486036884399996
64,1432,64003441,4.521094024339252,1.9285452054049799
64,1433,64003442,6.899694279487251,2.075794522845605
64,1434,64003443,4.7602822671880265,2.0610837083859423
64,1435,64003444,4.453578273073463,2.0636037295746514
64,1436,64003445,4.201443900839199,1.8520059309128483
64,1437,64003446,3.91177048749806,1.9828042606172998
64,1438,64003447,5.054952391527238,1.9715229565047054
64,1439,64003448,4.638740776329334,2.140558485139389
64,1440,64003449,5.0176024917542845,2.029344594726309
64,1441,64003450,4.513439789543428,1.9707054332803433
64,1442,64003451,3.956333153590311,2.0117062730332793
64,1443,64003452,2.8019776040812814,1.5641947821064108
64,1444,64003453,4.912609708512104,2.0834996158131602
64,1445,64003454,3.967475021598934,1.9891743930936014
64,1446,64003455,4.1249530539130985,2.2562381811838836
64,1447,64003456,4.511880278604816,2.09961011542484
64,1448,64003457,3.9443380046738916,1.8704661067653356
64,1449,64003458,5.563581248301308,1.8027740111793962
64,1450,64003459,4.547563431328583,1.8067991718600636
64,1451,64003460,5.4213876839523385,2.0212699871082718
64,1452,64003461,3.937512415852835,2.4165254050224516
64,1453,64003462,4.850611372297377,1.7512586589565238
64,1454,64003463,3.377936598121091,2.007603297148893
64,1455,64003464,3.9869688816177553,1.8411383023909997
64,1456,64003465,3.268890735116658,1.90115098244659
64,1457,64003466,3.5700340642532806,2.1593837290502145
64,1458,64003467,4.389935702230807,2.194562250026653
64,1459,64003468,2.7597291913470396,1.731237137748906
64,1460,64003469,7.375236883305693,1.8871431223115933
64,1461,64003470,2.9764954208172343,1.8649034716339403
64,1462,64003471,4.521411995596258,2.0212120839203336
64,1463,64003472,5.434878343623909,2.2294983331167777
64,1464,64003473,3.0469798638603276,1.8223436161966298
64,1465,64003474,5.520027789438725,2.2816257113086373
64,1466,64003475,5.418722451187943,2.522405014000204
64,1467,64003476,3.6650482632149037,1.7450126649180868
64,1468,64003477,4.57005535860824,2.2169889086177372
64,1469,64003478,4.272474280179329,2.1535451702505344
64,1470,64003479,4.370384723427836,1.9745159191789874
64,1471,64003480,3.9799945351656034,1.8534688629799778
64,1472,64003481,5.233968510140781,1.8833151837630429
64,1473,64003482,3.9886860071734613,1.842165128234748
64,1474,64003483,3.668152226267591,1.7190823083599989
64,1475,64003484,5.4650899752152835,1.6939375963038525
64,1476,64003485,4.067839612202523,1.9552542113067313
64,1477,64003486,4.455604063297726,1.5723661489845977
64,1478,64003487,4.756376111755363,1.698596296748169
64,1479,64003488,3.9614859769818214,1.9876829768209678
64,1480,64003489,2.785222664215457,1.3048178179407042
64,1481,64003490,4.0070392067831895,1.9102439199491092
64,1482,64003491,2.9969914497429326,1.3084221762617667
64,1483,64003492,3.316892137202637,1.6328453161178293
64,1484,64003493,4.092981698044424,1.7773197699411412
64,1485,64003494,4.963873084983992,1.9878124324501716
64,1486,64003495,4.2926294855634275,1.8786384043477637
64,1487,64003496,3.9499116607204083,1.9046352642357371
64,1488,64003497,4.422736942528746,1.997200596101851
64,1489,64003498,3.7963250189639255,1.7182442591980205
64,1490,64003499,3.3965612155411393,1.8065382957185487
64,1491,64003500,4.994985952851216,1.8023060352036282
64,1492,64003501,3.523785251133142,1.7521919677003654
64,1493,64003502,4.230140679512633,2.119315902287462
64,1494,64003503,3.3463537459896426,1.4990307519176016
64,1495,64003504,4.406405740973048,1.774681837992858
64,1496,64003505,3.3703638270602987,2.068748552737904
64,1497,64003506,3.2035966109841154,1.7155680699425582
64,1498,64003507,6.328370929492761,2.142586480283613
64,1499,64003508,3.189500527261275,1.516673173689106
64,1500,64003509,3.9405107382221427,2.447400102657625
128,1,128002010,8.764681028498908,2.7878203385789524
128,2,128002011,4.937139976005887,2.4094749117054457
128,3,128002012,4.7587920733037965,2.6232654001158284
128,4,128002013,4.884930102081816,2.201815471535387
128,5,128002014,6.836415599967062,2.514009809206367
128,6,128002015,5.842116153478112,2.2192465501160394
128,7,128002016,6.746898340710114,2.6787146533291013
128,8,128002017,4.407485322363121,2.167449956684213
128,9,128002018,6.478429049302915,2.3507027964296916
128,10,128002019,4.9413897753405704,2.312304520996238
128,11,128002020,7.1074402968269155,2.916049885912548
128,12,128002021,4.839605150334119,2.2248134663689934
128,13,128002022,6.763563557458352,2.469390506219596
128,14,128002023,5.505047225327275,2.7182939877121375
128,15,128002024,5.710500531493157,2.367835819468794
128,16,128002025,5.438700438985999,2.749581581777641
128,17,128002026,7.30407896242068,2.897544190093346
128,18,128002027,6.255624302322238,2.3787944357999824
128,19,128002028,6.835752848656479,2.817754785054591
128,20,128002029,7.750586991256756,2.6052234347635146
128,21,128002030,5.750231505624428,2.636601937279504
128,22,128002031,8.49161659928762,2.553651629785483
128,23,128002032,6.789269608220207,2.7554101493724685
128,24,128002033,5.5744536305692645,2.8698640025934186
128,25,128002034,7.891553064325361,2.9452083774191222
128,26,128002035,5.503110806891741,2.668690787983929
128,27,128002036,6.842577636518818,2.766517285770247
128,28,128002037,5.86483899783849,2.713054898104506
128,29,128002038,5.2461988750311255,2.522357852864505
128,30,128002039,5.545153387819881,2.461773903679927
128,31,128002040,6.229197866499091,2.8597599604740394
128,32,128002041,5.5919510173592775,2.9491461134783004
128,33,128002042,7.210199229341263,3.0962931646519665
128,34,128002043,7.453624702821382,2.366763018011862
128,35,128002044,7.894514617159562,2.6279392778218202
128,36,128002045,7.561690910773469,2.1627615504650204
128,37,128002046,6.768582355533445,2.4258263680157484
128,38,128002047,6.712464570939251,2.4369080780868027
128,39,128002048,5.182908732639313,2.542820699828248
128,40,128002049,5.582816707896029,2.8227831496914475
128,41,128002050,7.008986872030633,2.7734546211024664
128,42,128002051,6.07938200378534,2.52517496574479
128,43,128002052,5.362124029462695,2.248171575805094
128,44,128002053,5.52109557300316,2.51887231547181
128,45,128002054,6.173185222457855,2.968291646537545
128,46,128002055,6.1872086439025775,2.0931070517303323
128,47,128002056,7.986291727615487,2.472848623854159
128,48,128002057,6.199520997830379,3.026923516440562
128,49,128002058,6.8034136842132735,2.595369082183769
128,50,128002059,7.137059025452253,2.61537267646267
128,51,128002060,6.27694908471249,2.7561537452240903
128,52,128002061,6.8242791552823565,3.0315493159766564
128,53,128002062,7.903248697379319,2.7563747139059966
128,54,128002063,8.15078944388332,2.691429387219208
128,55,128002064,5.762167895534392,3.266452921349723
128,56,128002065,5.686829333087852,2.3753240042945745
128,57,128002066,11.077834227512202,2.712314507548344
128,58,128002067,8.374257083096545,2.797703645437822
128,59,128002068,10.47926196547031,2.6997433562907824
128,60,128002069,4.433256740371445,2.4743881514075152
128,61,128002070,5.241159507399461,2.236800846022872
128,62,128002071,7.825260984928871,2.7690480014592764
128,63,128002072,6.094599228596759,2.777940544264692
128,64,128002073,6.601232597739852,2.7298735044927716
128,65,128002074,5.431548635342998,3.003760393490924
128,66,128002075,6.2076357238241,2.4130397480375407
128,67,128002076,6.635843791766376,2.380376379923345
128,68,128002077,6.205769188021763,2.5070449915556776
128,69,128002078,5.062733752262396,2.6888047379964686
128,70,128002079,4.7733409990477185,2.261645710361773
128,71,128002080,6.069179976306497,2.748562625224387
128,72,128002081,6.8777465047683695,2.4425700515329893
128,73,128002082,7.8028559089718215,2.423551171241221
128,74,128002083,6.1895242767791485,2.712497677281003
128,75,128002084,6.1652194215107246,2.543569444612389
128,76,128002085,5.567892031874788,2.743141440258959
128,77,128002086,7.557156979238031,2.8879719957056875
128,78,128002087,7.30896685983682,2.8503999748023787
128,79,128002088,5.82011233556935,2.608475854979852
128,80,128002089,7.602850335191714,2.408581711277668
128,81,128002090,7.192126920629459,2.297367968639988
128,82,128002091,6.800573065198036,3.1691565158276984
128,83,128002092,6.269745936592405,2.730568108538891
128,84,128002093,5.741092034057255,2.726387639488312
128,85,128002094,6.388340767305671,2.7052733469345127
128,86,128002095,6.097100730807927,2.8391512466722677
128,87,128002096,5.92130601075268,2.994865490565258
128,88,128002097,5.9834470186353546,2.634953269553551
128,89,128002098,7.17122345519895,2.7503046726110374
128,90,128002099,6.773642656549016,2.839641148079092
128,91,128002100,6.6190700118361,2.6676007925743206
128,92,128002101,6.869439448606464,2.4349269736124377
128,93,128002102,5.039430848551641,2.3940645229346194
128,94,128002103,6.275662016743282,2.7833950998938572
128,95,128002104,5.931319614311827,2.608923385966022
128,96,128002105,7.924912801955247,2.489632442457477
128,97,128002106,5.4007586761208115,2.365057867601166
128,98,128002107,5.124345855254479,2.555507357845989
128,99,128002108,7.7356149500093085,2.5728693214802294
128,100,128002109,7.043749062025244,2.706921257892209
128,101,128002110,6.000669500303538,2.5262102472476964
128,102,128002111,5.582533258476146,2.4334186152951025
128,103,128002112,6.8398203668434725,2.895783011748072
128,104,128002113,5.573125087155805,2.4521163500194882
128,105,128002114,5.232381072270197,2.4955154642959094
128,106,128002115,4.828268935083373,2.412994608421196
128,107,128002116,4.495610399873624,2.1688444954729786
128,108,128002117,6.01781149764769,2.6950775699139564
128,109,128002118,6.002880893863208,2.4465506833895936
128,110,128002119,7.076637738988729,2.5467498412737446
128,111,128002120,6.321267167756257,2.772439934727369
128,112,128002121,6.7800428943022855,2.5902611823799524
128,113,128002122,7.2051628790916675,3.2232803457974
128,114,128002123,8.917846632350281,2.8409162069093656
128,115,128002124,5.309694004634905,2.6314820917143167
128,116,128002125,7.745009074199796,2.6642082643261897
128,117,128002126,5.0760741875861015,2.6822466423219593
128,118,128002127,6.482332567328362,2.7122779650107196
128,119,128002128,5.635176606246254,2.4232128266183706
128,120,128002129,5.570624448446329,2.349982562215893
128,121,128002130,6.225809593900298,3.296034371422997
128,122,128002131,6.286529009503709,2.6792718078627504
128,123,128002132,6.633564644709995,2.5447890340630934
128,124,128002133,5.16673467603204,2.9986154820130015
128,125,128002134,5.133320534664671,2.4694123725242307
128,126,128002135,4.544479872942719,2.2717976238234328
128,127,128002136,6.417298594744701,2.338030089922443
128,128,128002137,5.825973795421423,2.710840747972264
128,129,128002138,6.117858581099833,2.7920794419080783
128,130,128002139,6.151087497055396,2.760079275578852
128,131,128002140,5.7904281225561895,2.659421512284812
128,132,128002141,5.277219421173732,2.4283923610405775
128,133,128002142,3.7370523308152612,2.077611643337296
128,134,128002143,5.3489067596423325,2.195479848313642
128,135,128002144,5.361800319524492,2.5260353830691655
128,136,128002145,5.961371680236082,2.392112223642164
128,137,128002146,6.447493615798362,2.4999156750993468
128,138,128002147,5.33133490811772,2.226863351546664
128,139,128002148,6.446226923557785,2.8776455458169865
128,140,128002149,6.880215658985826,2.746241795135154
128,141,128002150,4.649118344629224,2.4959892280039018
128,142,128002151,6.875628476891476,2.36595881627007
128,143,128002152,7.541911647172251,2.769680404406754
128,144,128002153,5.696224234032858,2.5451471168728466
128,145,128002154,5.3218431560587,2.404985920999921
128,146,128002155,4.883578250146539,2.4672042494382787
128,147,128002156,5.73435918609386,2.5796791133143224
128,148,128002157,4.760634738079788,2.331597634749969
128,149,128002158,4.95116703809942,2.7675798576874615
128,150,128002159,6.301478424666571,2.491293770388257
128,151,128002160,6.133150705171272,2.6924622170667933
128,152,128002161,6.0412972574771535,2.484249955059926
128,153,128002162,7.245347571670103,2.7719885189657094
128,154,128002163,6.244695312013056,2.837505313890516
128,155,128002164,4.6362781018912465,2.5158904550040178
128,156,128002165,6.398340754354592,2.707690980605563
128,157,128002166,6.831742087663375,2.9088523656043934
128,158,128002167,6.5183312045723785,2.5725781488800905
128,159,128002168,7.506678944216986,2.6331463726138487
128,160,128002169,5.210209216483407,2.375263758646882
128,161,128002170,9.115746525822312,2.488759650599517
128,162,128002171,5.963585486202212,2.616413083007456
128,163,128002172,7.796350358345909,2.1589537398450536
128,164,128002173,5.914067428603795,2.761584571700412
128,165,128002174,6.539874162540028,2.3190729154835474
128,166,128002175,4.461483747359995,2.686621213451522
128,167,128002176,5.131915941629152,2.445970403478992
128,168,128002177,5.379764253565299,2.81726924683437
128,169,128002178,6.208479254870272,2.606379505446655
128,170,128002179,5.088139445164749,2.557297541017424
128,171,128002180,6.294967972899691,2.1965258800211642
128,172,128002181,5.191207274703823,2.3187565091640168
128,173,128002182,8.451520488399032,3.0646068959152166
128,174,128002183,4.902273460232869,2.246981773078785
128,175,128002184,6.430415508390839,2.315461702516142
128,176,128002185,10.11308524435177,2.5602109359219387
128,177,128002186,5.981839467478776,2.426095306721228
128,178,128002187,7.193258441198547,2.620125962139149
128,179,128002188,4.887860288496259,2.543142136106895
128,180,128002189,7.321348059190739,2.7954467471561566
128,181,128002190,6.23261814667355,2.643006514113656
128,182,128002191,4.7803095436431144,2.556285174123322
128,183,128002192,5.901282939334252,2.673696804293919
128,184,128002193,7.519155688218793,2.3876321581480786
128,185,128002194,6.366299482017975,2.7114219308378726
128,186,128002195,5.258092930149607,2.7675033634957313
128,187,128002196,5.675775574386949,2.8390432242090204
128,188,128002197,6.592182207573613,2.7307226427951456
128,189,128002198,7.798218598791933,2.573437358783957
128,190,128002199,7.3108102033202105,2.5292140783264094
128,191,128002200,6.538255314451078,2.5032517563332566
128,192,128002201,6.549379748108062,2.345594930672461
128,193,128002202,6.43875088556469,2.976655344695341
128,194,128002203,5.849411150980664,2.7167985090983513
128,195,128002204,7.324264497330049,2.4071514711132074
128,196,128002205,7.29763394023485,2.529566181541257
128,197,128002206,7.604032649745471,2.4887361370289236
128,198,128002207,6.991165956009783,2.385540781651707
128,199,128002208,5.774916435992024,2.4170898829377654
128,200,128002209,6.055646941952245,2.5325664963034886
128,201,128002210,6.354414780310635,2.7002332291709688
128,202,128002211,5.767427518517242,2.4269943221710375
128,203,128002212,6.8323203151413825,2.802667547859543
128,204,128002213,7.171971802826275,3.3344245625544726
128,205,128002214,6.663119467278089,2.9613086264534454
128,206,128002215,6.539650469467898,2.8428315910239896
128,207,128002216,5.927264727271299,2.480006223303294
128,208,128002217,6.417413485895153,2.510562126317868
128,209,128002218,6.461822122634137,2.565198046210044
128,210,128002219,6.362892231931652,2.9886826216879956
128,211,128002220,5.073459163470687,2.5773895714101704
128,212,128002221,4.986490246485267,2.6422567403749517
128,213,128002222,6.237995127936409,2.836847655604392
128,214,128002223,4.952876071092969,2.590041971826251
128,215,128002224,4.661724270148539,2.8830178263911868
128,216,128002225,6.5176391881633995,2.145100269235243
128,217,128002226,7.024802437104218,2.716336008007282
128,218,128002227,5.166811686819631,2.324706923393999
128,219,128002228,5.945644726317307,2.415761288554973
128,220,128002229,5.500640336484388,2.562545253584584
128,221,128002230,8.640492614421328,2.959259280260826
128,222,128002231,5.395404232309866,2.7200511303593076
128,223,128002232,7.854060101745904,2.897665667817518
128,224,128002233,5.270670924827383,2.7814927349865837
128,225,128002234,6.033828777256278,2.7031926500407524
128,226,128002235,5.319991590734234,2.4187590488587287
128,227,128002236,5.681447868016818,2.5677624520153604
128,228,128002237,7.143198523040235,2.7915825276203523
128,229,128002238,6.059744101878952,2.0511062873586274
128,230,128002239,4.683199407041294,2.330421913095616
128,231,128002240,6.466823282211862,2.531250636427037
128,232,128002241,7.493234293257344,2.693789597097702
128,233,128002242,6.679832715992586,2.659397396298664
128,234,128002243,6.670213042662357,2.6460881330971913
128,235,128002244,6.866458115590789,2.3745681060512593
128,236,128002245,4.4516853582569285,2.301832941330451
128,237,128002246,5.207254667899542,2.763375471978741
128,238,128002247,5.213367712755179,2.435451346670136
128,239,128002248,9.380680794880444,2.663410276315685
128,240,128002249,6.201753833543837,2.8019206533258387
128,241,128002250,6.809517811560962,2.5950140981162173
128,242,128002251,5.559944057610497,2.336437549892043
128,243,128002252,6.1840798528298,2.806034519982993
128,244,128002253,5.181360623423565,2.54260145103932
128,245,128002254,5.794643129506802,2.375865510200079
128,246,128002255,8.329720011608245,2.956311886406408
128,247,128002256,8.976224304207081,2.792409777383565
128,248,128002257,6.868090414594552,2.590315054917208
128,249,128002258,9.108802755367519,2.2638304893905596
128,250,128002259,6.091174907974847,3.0534750138219997
128,251,128002260,4.862689987445198,2.5754074539542233
128,252,128002261,5.698199324773757,2.9226782756084546
128,253,128002262,5.735976267678251,2.4588573412744443
128,254,128002263,4.766568948386853,2.5683983594481505
128,255,128002264,8.189336079352717,2.783222054256335
128,256,128002265,7.890158653947543,2.4333179736690433
128,257,128002266,6.786507605048726,2.722681311483784
128,258,128002267,4.65578575876447,2.333503892135152
128,259,128002268,4.847854578583191,2.750027835571609
128,260,128002269,5.273342632510928,2.586750701537237
128,261,128002270,5.086594136153787,2.5370264699380933
128,262,128002271,5.50414767517786,2.4030519102806327
128,263,128002272,5.767517093086806,2.7174593641808302
128,264,128002273,7.1984260360914725,2.7207445531824592
128,265,128002274,8.066876578242343,2.6681235460849737
128,266,128002275,5.392387065021255,2.6018430546998825
128,267,128002276,5.301953148279835,2.6368329090642004
128,268,128002277,6.700386345506824,2.282058614202218
128,269,128002278,6.095882251687825,2.5346329700895023
128,270,128002279,4.660737997090675,2.479046919584996
128,271,128002280,5.604761269869539,2.459294120254347
128,272,128002281,7.323025421036415,2.5657355963731
128,273,128002282,7.108542720962262,2.93339253826451
128,274,128002283,5.55541693355077,2.8468382629782276
128,275,128002284,7.886802482938651,2.4623821600073814
128,276,128002285,5.451920952440954,2.4354183316584854
128,277,128002286,7.125877613626084,2.8018402725552383
128,278,128002287,5.697375286217958,2.475751111697869
128,279,128002288,7.6335896131364045,2.9065951885999035
128,280,128002289,5.125212392331881,2.766957263305599
128,281,128002290,5.029294923644098,1.9401253665001814
128,282,128002291,7.48198375999419,2.7181126492620318
128,283,128002292,9.340749959033472,2.8660255661426195
128,284,128002293,7.033003393875671,2.5249627335638607
128,285,128002294,5.17069764762251,2.3104496459877537
128,286,128002295,6.583267833878618,2.7185621902723307
128,287,128002296,5.307469715381251,3.004447538467254
128,288,128002297,5.827678934467071,2.6361814203081053
128,289,128002298,5.986783078721508,2.6846381354229307
128,290,128002299,6.175364507911653,2.4205547648800447
128,291,128002300,5.390154627314018,2.666175067703623
128,292,128002301,5.689107617433668,2.8164493498422036
128,293,128002302,6.902475273671411,2.3320757456098917
128,294,128002303,6.732137862999023,2.3808216896753662
128,295,128002304,5.754141448827884,2.7008610899340364
128,296,128002305,6.529573651447361,3.07320426494217
128,297,128002306,6.584204696685869,2.678535834590728
128,298,128002307,7.734002460899915,2.8162112736578977
128,299,128002308,6.247973139647423,2.833188768554801
128,300,128002309,6.647359810290805,2.74016299993382
128,301,128002310,6.7008198892888755,2.621840005677315
128,302,128002311,5.7724703831026245,2.70540310249166
128,303,128002312,6.086018104140511,2.8180444111961527
128,304,128002313,7.019054577610042,2.519655387686392
128,305,128002314,7.74024495417706,2.6561926314074555
128,306,128002315,5.26993662270293,2.555670028463375
128,307,128002316,7.989660898932308,2.9223560891199183
128,308,128002317,7.7668476828144515,2.231246207182436
128,309,128002318,5.299433021804973,2.8408097906204164
128,310,128002319,6.273643030018872,2.927313232146986
128,311,128002320,5.905514526504039,2.4432232095580293
128,312,128002321,5.7160273520695135,2.7253487887434034
128,313,128002322,4.824255469939335,2.3432219461296144
128,314,128002323,6.4163314783522605,2.7873396802682957
128,315,128002324,5.491884708862365,2.710279266731065
128,316,128002325,5.560838908853631,2.6650140385373744
128,317,128002326,6.1282961889443355,2.6146389384642283
128,318,128002327,6.756196179710143,3.0919036267334064
128,319,128002328,7.8519615631949025,2.617511460338669
128,320,128002329,5.635138659682323,2.548972814578716
128,321,128002330,5.778224084446739,2.9567210287263124
128,322,128002331,6.40355423266204,2.6998069991044455
128,323,128002332,9.760839889007553,2.602995675381755
128,324,128002333,6.04918818425605,2.468181073512955
128,325,128002334,6.500298020242956,2.876707802156894
128,326,128002335,4.66382913474732,2.503925277603911
128,327,128002336,5.7557274930255184,2.803035265136208
128,328,128002337,6.252561717655639,3.079509892480005
128,329,128002338,5.011176921239613,2.8471712927937944
128,330,128002339,5.512373755691517,2.484204526403505
128,331,128002340,5.480647921055101,2.392905307234378
128,332,128002341,6.818267928749909,2.4540217719306554
128,333,128002342,6.735166476654982,2.840763814966053
128,334,128002343,6.377047589228193,3.069122615010151
128,335,128002344,7.730046431760027,2.67339736599098
128,336,128002345,7.566869718614657,2.5205243540647606
128,337,128002346,5.3687019472304565,2.358599740858889
128,338,128002347,5.940117632573799,3.1439828775689405
128,339,128002348,5.3777942568896595,2.659142899744969
128,340,128002349,7.0127233878556545,2.3949536725325182
128,341,128002350,8.958308792154561,2.6383770541419813
128,342,128002351,5.811266981198849,2.585153523162605
128,343,128002352,8.362142237930929,3.0654094572299564
128,344,128002353,8.02739039179899,2.7331024664109815
128,345,128002354,5.91074443964497,2.3294725879671834
128,346,128002355,5.304220562428281,2.3451129914015056
128,347,128002356,5.55728400129207,3.0017223878045263
128,348,128002357,6.726627865946246,2.3225477501242726
128,349,128002358,5.010158167460385,2.504187389598826
128,350,128002359,4.709651900846031,2.625780540503073
128,351,128002360,6.189634901458784,3.021346648951058
128,352,128002361,6.89748452722533,2.461383702405401
128,353,128002362,5.5938122537951,2.7294999502475434
128,354,128002363,7.632847780828147,2.4833787822580238
128,355,128002364,7.588128608782764,2.6170909119305628
128,356,128002365,5.668524554954575,3.016158847689999
128,357,128002366,5.679158211219867,2.8078501345831093
128,358,128002367,6.802887575293416,2.516286480518176
128,359,128002368,5.882627357458829,2.630610194732918
128,360,128002369,7.0676468389048726,2.3125653446563694
128,361,128002370,5.044076843467366,2.5830179151583925
128,362,128002371,5.782063123486471,2.5228869677089327
128,363,128002372,5.568399410248677,2.519380924378565
128,364,128002373,6.890169864574591,2.6611624864731724
128,365,128002374,5.554984423459532,2.3648509899569623
128,366,128002375,5.218309072443787,2.495841480764989
128,367,128002376,7.635251957283737,2.736861360327251
128,368,128002377,5.863114260541753,2.4378742904887605
128,369,128002378,6.433716195066365,3.252596076821203
128,370,128002379,6.897565932502484,2.56990498454348
128,371,128002380,6.281491883534767,2.573245928786845
128,372,128002381,6.981063811992793,2.7410775599414055
128,373,128002382,7.715750449992936,2.6439345142964448
128,374,128002383,7.322803105534222,2.9304183921525144
128,375,128002384,5.199246852727025,2.7129817402650898
128,376,128002385,5.3210178634923295,2.5927935594994067
128,377,128002386,5.8676417774865115,2.1099972307297783
128,378,128002387,6.59903266238134,2.887812915932934
128,379,128002388,5.992232684902479,2.7358905553565296
128,380,128002389,7.8383621671525106,2.740510666999219
128,381,128002390,6.146649287246197,2.5646651610687923
128,382,128002391,5.863512298184354,2.7171064113123253
128,383,128002392,5.469935220957677,2.562016162530293
128,384,128002393,4.77103429405753,2.3310459848274565
128,385,128002394,5.400501325660795,2.2024500092037913
128,386,128002395,7.628891205364284,2.847348373281601
128,387,128002396,8.69994930459549,2.7946832218059114
128,388,128002397,5.617285900890109,2.382530586915474
128,389,128002398,6.672629830995529,2.419024133912226
128,390,128002399,5.989448887263112,2.544448859632584
128,391,128002400,12.97623863592455,2.80517523907088
128,392,128002401,8.351636074624775,2.6585105646178055
128,393,128002402,5.701744295197583,2.1884575378844033
128,394,128002403,6.606425136568166,2.7136320764481043
128,395,128002404,6.232925948429772,2.521445696202623
128,396,128002405,7.301406388216854,3.0300661890462446
128,397,128002406,5.816970255021568,2.677305184818437
128,398,128002407,7.352012109017106,2.688394410349874
128,399,128002408,6.815019384002604,2.8101095777105183
128,400,128002409,5.84976501370247,2.664955492296718
128,401,128002410,5.404201387918866,2.731275038369176
128,402,128002411,4.824794410826708,2.7018682600388195
128,403,128002412,6.710203037739232,2.854928793560898
128,404,128002413,5.545871261633462,2.0190662400556794
128,405,128002414,6.553717333722259,2.572453992327192
128,406,128002415,4.8823707639202505,2.3499361080518977
128,407,128002416,6.311604112141547,3.1781555580228127
128,408,128002417,5.977061090153323,2.226141642269368
128,409,128002418,6.571275773351325,2.634600509657055
128,410,128002419,6.900258553466633,2.5491407948355733
128,411,128002420,6.357525832603995,2.5192729500992868
128,412,128002421,7.408654499006699,3.0193753744803793
128,413,128002422,8.807230024278814,2.8398965710275945
128,414,128002423,8.054537970226523,2.42078429614775
128,415,128002424,6.372137724784314,2.63985705484617
128,416,128002425,6.442029895126172,3.07764570543398
128,417,128002426,5.797022907534658,2.6715997137202114
128,418,128002427,7.545875311574348,2.8283617210563734
128,419,128002428,6.429375769334841,2.6625604220430135
128,420,128002429,5.7253099719230045,2.2562500272527246
128,421,128002430,6.349626798507611,2.309773416661592
128,422,128002431,6.218876580856098,2.7722362471049578
128,423,128002432,5.602830217982161,2.498124203690009
128,424,128002433,5.752369553116635,2.4873253002675124
128,425,128002434,7.508786529745822,2.710565280081694
128,426,128002435,6.788832153855255,2.950508196815579
128,427,128002436,9.442740549953015,2.716176560650473
128,428,128002437,5.013349719125439,2.2673996602455895
128,429,128002438,5.8948901821693065,2.5844185720726345
128,430,128002439,4.639700117316678,2.032677951524764
128,431,128002440,4.6338840352447,2.5793354827373123
128,432,128002441,6.412927049782895,2.9794145705211923
128,433,128002442,8.459617215100776,3.0942279915090287
128,434,128002443,5.459954738267412,3.153079502652841
128,435,128002444,7.707709305898754,2.820577279161162
128,436,128002445,5.8597266715546015,2.4343223366650917
128,437,128002446,6.1124952426587695,2.765643717238534
128,438,128002447,6.080347318348191,2.927130581212913
128,439,128002448,7.211450398273226,2.945444105010903
128,440,128002449,4.910093317792439,2.9805494956889085
128,441,128002450,5.911192708760092,2.575503821253883
128,442,128002451,5.801722803920516,2.6786369607580105
128,443,128002452,5.872653584985971,2.740514632145434
128,444,128002453,5.828928352194354,3.125619892027435
128,445,128002454,6.501020349114155,2.4115986583836704
128,446,128002455,5.084360979863435,2.6719528987902477
128,447,128002456,6.609919178685428,2.727966746641758
128,448,128002457,6.6068766885875725,2.6023913178354796
128,449,128002458,6.285010063564575,2.886278388274854
128,450,128002459,6.640853531860785,2.577817797079959
128,451,128002460,6.649254462946364,2.779687931474653
128,452,128002461,5.44254026597461,2.471968948806461
128,453,128002462,5.8394449954143,2.458477062446109
128,454,128002463,6.611497623105931,2.9250139058333566
128,455,128002464,6.212697098264709,2.856277629731912
128,456,128002465,5.76381832789933,2.5070005260817587
128,457,128002466,5.560738809876027,2.99564440223254
128,458,128002467,6.864332595090075,2.6184851731401517
128,459,128002468,5.819465595489203,2.387777167753988
128,460,128002469,6.897526497279103,2.601246422114174
128,461,128002470,6.3108893909954,3.1549782603277428
128,462,128002471,5.054689088390003,2.218973051069626
128,463,128002472,6.344568610966908,2.7390848395589575
128,464,128002473,6.293870437547385,2.6363935429965495
128,465,128002474,6.293223666659716,2.970385204753048
128,466,128002475,6.769634456514757,2.7873395949793087
128,467,128002476,6.0479966022987846,2.4176281382065072
128,468,128002477,6.52131085647489,2.590190150531018
128,469,128002478,8.087245145875604,2.572994901689062
128,470,128002479,6.040336897331197,2.838662561898791
128,471,128002480,6.198110730242888,2.393930549153111
128,472,128002481,5.846879699659114,2.267694559715615
128,473,128002482,6.22306574935382,2.5049160006293487
128,474,128002483,5.978560542985103,2.7229888532422675
128,475,128002484,7.454041522934469,2.520053245615479
128,476,128002485,9.723614351405388,2.896447421409086
128,477,128002486,4.881313263299206,2.3778485536868046
128,478,128002487,5.4384730806045765,2.170370486702357
128,479,128002488,4.8022679471346645,2.673052561083936
128,480,128002489,5.202475166351438,2.3839037002538035
128,481,128002490,4.964169192110441,2.4198259570308545
128,482,128002491,4.960931166585647,2.4831488759766547
128,483,128002492,6.981716801598893,2.8101959884102583
128,484,128002493,6.955804471919657,2.5375837901524725
128,485,128002494,5.425211443993327,2.4641305815591683
128,486,128002495,6.11830521670798,2.916020104940272
128,487,128002496,6.441034090849342,2.8058888260068096
128,488,128002497,7.029518804070035,2.756811156307999
128,489,128002498,5.364259218352768,2.5078094780860063
128,490,128002499,7.026626590161492,3.416440336593355
128,491,128002500,7.57996980231793,2.765450247325122
128,492,128002501,7.491643701369851,2.5572614478406086
128,493,128002502,6.045157661001566,2.4589376609598674
128,494,128002503,6.997314772783298,2.7618146480267565
128,495,128002504,7.063143623562259,2.5003143978573905
128,496,128002505,8.274332596773837,2.7606262161402237
128,497,128002506,6.944216742942217,2.332279796835039
128,498,128002507,5.792857159297762,2.734162793394814
128,499,128002508,8.07882644740265,2.6066204192735367
128,500,128002509,5.4100340678800665,2.302549878038468
128,501,128002510,9.991529890757688,2.682207592954719
128,502,128002511,5.763269688723253,2.5799593850494396
128,503,128002512,6.003825970532859,2.4586430696901416
128,504,128002513,8.835240178758918,2.495883792956887
128,505,128002514,7.228075943263945,2.918588172956305
128,506,128002515,6.127467004287,2.819952884154823
128,507,128002516,6.677014259381506,2.810247393969144
128,508,128002517,6.515208287212162,2.548477178971019
128,509,128002518,7.311006000991322,2.3947406216885936
128,510,128002519,5.508425747339881,2.2862505642748716
128,511,128002520,6.763487366321833,2.6462690265167232
128,512,128002521,4.451130295654554,2.0563048491572937
128,513,128002522,5.310280804768038,2.7139555259155226
128,514,128002523,7.093271982127934,2.872786300243245
128,515,128002524,4.560329342872756,2.316327539360897
128,516,128002525,6.973637196633541,3.1794139399917927
128,517,128002526,6.254914599976883,2.5567266535630297
128,518,128002527,5.76031803646877,2.478103356300293
128,519,128002528,11.054839090364814,2.726661657262742
128,520,128002529,11.588664256533221,2.8811590558320717
128,521,128002530,5.492655392522977,2.459910238200513
128,522,128002531,5.488367089818182,2.2552029248829335
128,523,128002532,6.480202047497926,2.6007654832650338
128,524,128002533,6.971938066948176,2.4207086794577863
128,525,128002534,5.6803277087811095,2.5730625448296216
128,526,128002535,4.701066704759295,2.6498521314440397
128,527,128002536,5.077292329029926,2.5870485609427596
128,528,128002537,3.90153349829524,2.0333304604972477
128,529,128002538,6.237965439485946,2.1776454691112836
128,530,128002539,4.948516667499994,2.2935266913825267
128,531,128002540,7.989738258097759,2.5926805850703136
128,532,128002541,6.14680763316771,2.610739078075309
128,533,128002542,5.247610493490738,2.2690270338082636
128,534,128002543,8.416556037457047,2.934140434522706
128,535,128002544,7.270157033937862,2.511550874501765
128,536,128002545,6.455506564933038,2.806407961893043
128,537,128002546,7.220349935038991,2.6445377462059376
128,538,128002547,6.355708705440723,2.887070116654352
128,539,128002548,5.906909334071592,2.5555481414008994
128,540,128002549,7.750282375782693,2.7359793051447463
128,541,128002550,5.736197486263964,2.6665948000228483
128,542,128002551,5.85903732828275,2.7348936043772234
128,543,128002552,6.161712397657473,2.9301136012950053
128,544,128002553,5.615011517066165,2.7864394129085452
128,545,128002554,5.47821787044189,2.511840640303826
128,546,128002555,5.577987080216305,2.4493203240877635
128,547,128002556,7.095353067729,2.7492007193883867
128,548,128002557,5.9878313144420385,2.686262595152536
128,549,128002558,8.337961067157424,2.7687493378400485
128,550,128002559,7.178933562910576,2.914900942200052
128,551,128002560,5.857775766350715,2.91815022374991
128,552,128002561,7.4695972326847135,3.0145075866932127
128,553,128002562,5.278247084697764,2.7381572578460878
128,554,128002563,6.943479926170168,2.807166409475975
128,555,128002564,6.189173144423082,2.960324399387819
128,556,128002565,5.927634708808803,2.32474908375046
128,557,128002566,7.769892961239546,2.7122762643375404
128,558,128002567,9.383825079264481,2.570527637643572
128,559,128002568,8.472093278871249,2.773272386553293
128,560,128002569,4.994418287035793,2.310292640582356
128,561,128002570,6.339436655876585,2.8201686954150813
128,562,128002571,5.480561817950963,2.80618428421996
128,563,128002572,5.728425547167588,2.319318680969502
128,564,128002573,5.543202278358282,2.730025206604279
128,565,128002574,6.728275473740989,2.089461156831666
128,566,128002575,6.063927799830812,2.2840278925773445
128,567,128002576,6.4070584170207185,2.3667463510115643
128,568,128002577,6.071627851865873,2.749306332939272
128,569,128002578,5.695387116227573,2.695152538114889
128,570,128002579,5.788818880372522,2.2637389132076065
128,571,128002580,5.652642357889502,2.745973228909691
128,572,128002581,5.294605616450134,2.422780229643312
128,573,128002582,5.6307000012771224,2.528759199782735
128,574,128002583,5.155746858164848,2.4440156718209107
128,575,128002584,6.852294064955626,2.7100200294205954
128,576,128002585,5.617148712729219,2.5438812062247544
128,577,128002586,7.456719408079201,2.7169837820558502
128,578,128002587,6.322633285081616,2.535812406797451
128,579,128002588,6.829036215911645,2.1982390082951224
128,580,128002589,6.169932563403607,3.2318050768112663
128,581,128002590,6.091306564334195,2.36271436476028
128,582,128002591,6.934117150715841,2.934721192586301
128,583,128002592,5.434881174826682,2.500358060313553
128,584,128002593,6.675123977146151,2.4241421169186936
128,585,128002594,7.903060960162423,2.7241221885823426
128,586,128002595,6.707509305148135,2.6470215440849816
128,587,128002596,6.138541050410465,2.406621723803296
128,588,128002597,6.264006159240184,2.8839445560457526
128,589,128002598,6.725324498316367,3.0038732981092338
128,590,128002599,5.810374312798203,2.351354422579651
128,591,128002600,6.56949379578534,2.3430188093941475
128,592,128002601,8.101820644418376,2.256607001451238
128,593,128002602,5.982579108473744,2.5174229333890112
128,594,128002603,7.212583657218757,3.0933637724905685
128,595,128002604,4.782207244477925,2.165697536466242
128,596,128002605,8.245594610394209,2.713106184798971
128,597,128002606,6.024490676361891,2.3694572358021593
128,598,128002607,5.371527100742126,2.6192485306074254
128,599,128002608,4.96084929176556,2.573613632015783
128,600,128002609,4.913651802378894,1.984316843294114
128,601,128002610,8.942635164891872,3.0299929798021035
128,602,128002611,5.788295880824126,2.7491769659652507
128,603,128002612,5.165129021630395,2.3549677048501905
128,604,128002613,5.222062892572252,2.435313524590021
128,605,128002614,7.9883386011715585,2.6964261786646873
128,606,128002615,4.703176052415667,2.648843833787028
128,607,128002616,5.0349072322550565,2.4993446141002593
128,608,128002617,8.073349163991363,2.6471536028895803
128,609,128002618,5.654639166085504,2.812218132677097
128,610,128002619,5.459724868127071,2.2621157351841266
128,611,128002620,8.096954112612767,2.4347226076643427
128,612,128002621,8.141845166380149,2.452318243212215
128,613,128002622,6.71238621286326,2.4973623969045216
128,614,128002623,6.123582210313188,2.587328618990057
128,615,128002624,10.261675751408694,2.450352234984009
128,616,128002625,6.9509420596777245,2.5369731779362077
128,617,128002626,6.128522330793152,2.6594914043010753
128,618,128002627,5.571650123463143,2.750232780418612
128,619,128002628,5.752409112187537,2.85409727772482
128,620,128002629,7.66070636459413,2.4248035121874723
128,621,128002630,6.89225045499355,3.0101485950683595
128,622,128002631,6.847312608306202,2.34298823530052
128,623,128002632,9.390294508273902,2.7844902126383033
128,624,128002633,6.560301288909895,2.4115707912573736
128,625,128002634,5.9033894579128505,3.036715408009247
128,626,128002635,7.1049543913035835,2.6350364239600186
128,627,128002636,7.627939346090514,2.183186836869183
128,628,128002637,5.585975720673559,2.2845839093281426
128,629,128002638,5.952887212875628,2.51229171201816
128,630,128002639,7.432204655306601,2.649760494990116
128,631,128002640,5.539699854399719,2.5882343085845476
128,632,128002641,6.954331081648689,2.653555365315321
128,633,128002642,5.558517424941426,2.425981649509643
128,634,128002643,5.681315489752615,2.643921011808232
128,635,128002644,5.213546814811034,2.60936000710124
128,636,128002645,6.06193960084528,2.2223137296054225
128,637,128002646,6.134316604334314,2.4345489984570503
128,638,128002647,5.924645950765071,2.490676557021966
128,639,128002648,5.677779051926343,2.621813987222405
128,640,128002649,5.949777150901123,2.8721315369386238
128,641,128002650,9.31560096284742,3.136527519655825
128,642,128002651,5.366802436750512,2.331375513326232
128,643,128002652,5.681714084363747,2.6409482191937848
128,644,128002653,6.271495712328607,2.63745315182871
128,645,128002654,7.986942678838262,3.2649397316492017
128,646,128002655,5.976744599248618,2.3280045204631987
128,647,128002656,7.967280934856116,2.7672452368674656
128,648,128002657,6.3162331683407755,3.0175920399166456
128,649,128002658,8.156679076197598,2.6277324673096714
128,650,128002659,6.088169385079439,2.4444627433505266
128,651,128002660,5.771054030212298,2.6891871147029396
128,652,128002661,7.49492682700718,2.7247514785147406
128,653,128002662,7.856583899983571,2.8315934081147742
128,654,128002663,7.702360514382652,2.3431372732336593
128,655,128002664,8.95163177707973,2.7633107569548354
128,656,128002665,6.285318459722481,3.0465541557266
128,657,128002666,7.474631922463882,2.5891313759621064
128,658,128002667,5.976123078384011,2.7812145768539196
128,659,128002668,5.916103510443561,2.6438225032197913
128,660,128002669,7.885135416731596,3.619650519446538
128,661,128002670,5.408674997713439,2.663277433355809
128,662,128002671,6.603518735734697,2.4007377790819944
128,663,128002672,5.404302994167775,2.4383106924809796
128,664,128002673,6.029901628789141,2.4876861594388937
128,665,128002674,5.004828957313649,2.6102733469998527
128,666,128002675,5.751498123217098,2.8691060052001407
128,667,128002676,6.2367826854100015,2.9065531083133003
128,668,128002677,5.879134034846836,2.3628769059214245
128,669,128002678,4.72759320195324,2.3223838447698024
128,670,128002679,4.7268584253124555,2.3996159023056416
128,671,128002680,7.39005749188343,2.984936455277615
128,672,128002681,6.41882880040375,2.5875899907089
128,673,128002682,5.63893218689543,2.48566524007309
128,674,128002683,5.249985546570626,2.2619735314193026
128,675,128002684,7.522391321297083,2.779498444538203
128,676,128002685,9.076710971771899,2.884365960469227
128,677,128002686,5.351172585320957,2.4131573018933943
128,678,128002687,6.159744273579851,2.775368637232719
128,679,128002688,6.106980587577153,2.639901940768413
128,680,128002689,4.303263496500983,2.3091016145734833
128,681,128002690,5.179099425344436,3.1106244385360275
128,682,128002691,7.031141307702869,2.4703744114701522
128,683,128002692,6.8286566515597205,2.869144904729108
128,684,128002693,5.311430569653944,2.643516807719162
128,685,128002694,6.664707962284085,2.7568223316918394
128,686,128002695,5.80429930016202,2.8538529971146556
128,687,128002696,4.928764458676319,2.710743170987396
128,688,128002697,6.778458194956849,2.8663685873027043
128,689,128002698,5.15005826328543,2.4059323409434947
128,690,128002699,5.816710338066941,2.5577902538638413
128,691,128002700,5.1595928791680175,2.626103086867768
128,692,128002701,8.078091164590052,2.5516240787726154
128,693,128002702,5.052663958057026,2.17800672751126
128,694,128002703,4.644943464036096,2.6915739270303773
128,695,128002704,7.378774490000207,3.4673940850098215
128,696,128002705,4.988144078097299,2.6514278369061812
128,697,128002706,5.068616856314626,2.5199423463145973
128,698,128002707,5.573777306954456,2.2771830924661405
128,699,128002708,7.434953416401994,2.589455041565081
128,700,128002709,5.911166623739874,2.7495397417501097
128,701,128002710,5.373027484171013,2.7950709998074004
128,702,128002711,7.5995240514821045,2.5534261446234687
128,703,128002712,7.0260144549779575,2.852907409203347
128,704,128002713,5.325235787430157,2.3445455638833628
128,705,128002714,5.954627031248622,2.3176681761983673
128,706,128002715,7.485663347190026,2.6914227633734606
128,707,128002716,9.123487858819185,2.5891106472712693
128,708,128002717,7.39511563795982,2.4761683824295555
128,709,128002718,4.503384559878344,2.7780251339191
128,710,128002719,4.955579295869695,2.2603275241110556
128,711,128002720,5.865473054865345,2.4833163802296307
128,712,128002721,7.085498784026871,2.572418023786942
128,713,128002722,5.567849140066498,2.94307770937113
128,714,128002723,8.417576385204114,2.870490808108909
128,715,128002724,5.583571293678292,2.591808075439269
128,716,128002725,6.6653944564100565,2.4049347135835446
128,717,128002726,6.2837047163199635,2.6290120002436796
128,718,128002727,4.260325226077435,2.2586921547375405
128,719,128002728,7.9963476402083415,2.5200476711718736
128,720,128002729,6.43358719396695,2.7997109125839357
128,721,128002730,5.368856366077676,3.245057597204114
128,722,128002731,8.073716842878376,3.2735323318614915
128,723,128002732,6.7578648688256635,2.5822560055264496
128,724,128002733,5.132080035446215,2.3970076308270962
128,725,128002734,5.371474177938802,2.7315412829403107
128,726,128002735,7.033277666159746,2.8150204509029826
128,727,128002736,8.124091633726442,3.3104322741276997
128,728,128002737,5.499535307187773,2.20307309887208
128,729,128002738,6.84706985218439,3.0888321146137447
128,730,128002739,5.146714000293867,2.257531677493024
128,731,128002740,5.674827869531563,2.493857316518023
128,732,128002741,5.101259745595544,2.3756585035727844
128,733,128002742,5.834452559795611,2.7206929436652105
128,734,128002743,4.983092674411185,2.480127225889317
128,735,128002744,5.903515644328401,2.964374317155368
128,736,128002745,5.607617425644429,2.487342457741264
128,737,128002746,6.941887341470778,2.72454238118559
128,738,128002747,6.013396425396828,2.466606802327757
128,739,128002748,6.681693391879329,2.5798029627317627
128,740,128002749,9.574152225572693,3.079100802834661
128,741,128002750,5.894930110201736,2.451312016338187
128,742,128002751,5.820022083929006,2.9789287601577406
128,743,128002752,7.4134221430768426,3.1542783436542337
128,744,128002753,6.14581213040293,2.388229394897042
128,745,128002754,6.39837331455502,2.7739302831630894
128,746,128002755,5.624272130861254,2.747366952093647
128,747,128002756,4.5250144150112,2.1671665774754123
128,748,128002757,8.418418120296343,2.6859748371906247
128,749,128002758,7.654729757675447,2.5953795930505326
128,750,128002759,5.984153341767472,2.334653267851541
128,751,128002760,5.629088707180346,2.2531747984747623
128,752,128002761,5.9794661913877185,2.496885966064572
128,753,128002762,6.188174426911545,2.2269922613918145
128,754,128002763,7.485379534115964,2.7054912087407645
128,755,128002764,5.497513023622387,2.4112696271702587
128,756,128002765,6.0089441806767265,2.808333077053142
128,757,128002766,5.470752037395768,2.731876318538389
128,758,128002767,7.882000443610442,2.3600481073016386
128,759,128002768,6.029934176568126,2.36869119488012
128,760,128002769,7.216902292360958,2.639157950184404
128,761,128002770,7.898992784701844,3.298788735524779
128,762,128002771,4.656148251088692,2.4021266452677796
128,763,128002772,6.431220713414968,2.5945080574238446
128,764,128002773,7.8524965483765,2.7316685139149075
128,765,128002774,6.8973522982293565,2.940977813404931
128,766,128002775,6.092952584961288,2.1752064551898167
128,767,128002776,5.216402832892516,2.7732396865559377
128,768,128002777,7.599443287940361,2.725449531560775
128,769,128002778,8.259141802362066,2.4902117278940694
128,770,128002779,8.069272990306018,3.22880147599083
128,771,128002780,6.556036076368833,2.425070582831079
128,772,128002781,5.366638611662871,2.5876291355409573
128,773,128002782,5.056597993932626,2.1913774179643473
128,774,128002783,9.78891552263593,2.562680858968504
128,775,128002784,6.583506009845164,2.6717238662778504
128,776,128002785,5.922170174318247,2.480662867819257
128,777,128002786,5.853692161370624,2.9280476936823954
128,778,128002787,6.423395990685926,2.9794493710534553
128,779,128002788,6.08462995844047,2.8885447714883963
128,780,128002789,6.12321686193039,2.768798433878825
128,781,128002790,7.230967104947733,3.0687902499993003
128,782,128002791,5.512952204298843,2.45638523185224
128,783,128002792,5.314234881855467,2.6991692212142495
128,784,128002793,8.025135758216253,2.4332700286385744
128,785,128002794,5.7515765872576905,2.933575401350078
128,786,128002795,5.412855751674664,2.393157494833163
128,787,128002796,5.700813593183984,2.689201401976779
128,788,128002797,7.459011349334634,2.5450532658891616
128,789,128002798,4.8346650305609105,2.3746681307186956
128,790,128002799,5.231311270016007,2.844774946014098
128,791,128002800,5.87852895472116,2.6473614448266662
128,792,128002801,6.623076693893734,2.5925294801931895
128,793,128002802,6.755377725050199,2.600786361951265
128,794,128002803,4.340599498193863,2.237230799680611
128,795,128002804,6.2690553589847635,2.700400290944551
128,796,128002805,5.3092551227151645,2.575210198678804
128,797,128002806,7.664078475139217,2.5557197792682262
128,798,128002807,7.108601011125937,2.489869145809702
128,799,128002808,5.779831895350648,2.5179655937027565
128,800,128002809,6.539916584947153,2.5933331349649236
128,801,128002810,5.644468830193024,2.510399269540088
128,802,128002811,5.506344902959956,2.301011291612048
128,803,128002812,6.138161923861433,2.688526651443128
128,804,128002813,7.313267047880275,2.8949981463463095
128,805,128002814,5.828731685283306,2.345734079359693
128,806,128002815,7.257018776636541,2.6652475560663698
128,807,128002816,7.090274112481241,2.9412621710445785
128,808,128002817,5.784929882186344,2.5867512749213604
128,809,128002818,5.242995949953968,1.9846258721073338
128,810,128002819,5.834349969140275,2.6225653715329216
128,811,128002820,8.112553529090588,2.549397738338987
128,812,128002821,5.785757486552353,2.326906855761887
128,813,128002822,6.365633351435652,2.6487279807363335
128,814,128002823,6.205904234891911,2.879902785898118
128,815,128002824,4.665918909405507,2.1667990626712728
128,816,128002825,7.216925161574127,2.649261419841104
128,817,128002826,6.034296846916265,2.6875439398871404
128,818,128002827,5.891049660594104,2.4916838011761175
128,819,128002828,6.717711961512115,2.9525141837469007
128,820,128002829,6.7955990480978254,2.8220921312214284
128,821,128002830,9.654015955056153,2.602174364951339
128,822,128002831,4.966340070332988,2.612216753142972
128,823,128002832,9.074330215598886,2.6651450935922214
128,824,128002833,5.9375935238384425,2.349973652404126
128,825,128002834,8.430040145914734,2.716312292117688
128,826,128002835,7.2936341880930184,2.8172122757126012
128,827,128002836,5.178338930017332,2.5509993958209294
128,828,128002837,5.398635446544353,2.636657140365904
128,829,128002838,9.868647558225925,3.1256267347314832
128,830,128002839,6.411392360806912,2.6855759349100925
128,831,128002840,5.843993793962591,2.702567589068206
128,832,128002841,6.060037020260328,2.4818173113525175
128,833,128002842,7.101218809165933,2.6551787489204943
128,834,128002843,7.091802944669561,2.672249001499574
128,835,128002844,11.423188352673957,3.4525167482262518
128,836,128002845,5.675185709909261,2.568738108298282
128,837,128002846,4.598737251502431,2.8909350060399186
128,838,128002847,5.914094398622078,2.4422467982438496
128,839,128002848,5.029576709265012,2.4192146746630936
128,840,128002849,5.771219475850484,2.4399753984365
128,841,128002850,5.891099354999705,2.3871024979261537
128,842,128002851,6.254153824832186,2.695039808629057
128,843,128002852,7.269149352108565,2.5199477979058957
128,844,128002853,6.724947050009698,2.6892260221241138
128,845,128002854,5.644731517905979,2.7658846878543053
128,846,128002855,6.964471871290477,2.4823215270961763
128,847,128002856,5.154461515531188,2.209857262076614
128,848,128002857,6.845000386766502,2.475288254397997
128,849,128002858,5.098691470283814,2.414082720466187
128,850,128002859,7.549694003684615,2.7255812039922858
128,851,128002860,10.995410096026792,2.5644542152605245
128,852,128002861,7.2938064567423915,2.5850447498961198
128,853,128002862,6.513926079679811,2.6202397875148513
128,854,128002863,9.644130562871343,2.2465151038564914
128,855,128002864,7.1320569303031744,2.5780839945473333
128,856,128002865,5.9293953498195995,2.8909020974686133
128,857,128002866,4.977725281736035,2.4266973028385888
128,858,128002867,6.619549263325801,2.6297129945588757
128,859,128002868,7.286702439557765,2.7860241791974247
128,860,128002869,5.396599543340326,2.586929744345747
128,861,128002870,5.917520457281231,2.5758567068725635
128,862,128002871,7.30067830902222,2.5602692282654487
128,863,128002872,5.612709669477433,3.1081115089573172
128,864,128002873,6.546168222679388,2.8309372374549646
128,865,128002874,6.052826916357274,2.442050658887591
128,866,128002875,8.549983083766643,2.689090779091461
128,867,128002876,6.401945999511985,2.696133335191611
128,868,128002877,5.737626446495418,2.544006435395934
128,869,128002878,6.111823353217202,2.5742230619051303
128,870,128002879,6.350927496483161,2.3779558911046843
128,871,128002880,5.9412335085248795,2.651220895730552
128,872,128002881,6.529975984389134,3.0198982075976217
128,873,128002882,5.823495895959708,2.7403888341839906
128,874,128002883,5.474751515838923,2.672112760415897
128,875,128002884,6.2054891567447745,2.523523651780511
128,876,128002885,6.463052338665674,2.7158024026959566
128,877,128002886,8.102867358724213,3.062650683191646
128,878,128002887,6.082204206544893,2.406663811015113
128,879,128002888,4.929809607612432,2.523265282230993
128,880,128002889,5.088022871831545,2.656380892243303
128,881,128002890,6.357327118535783,3.0640238475722166
128,882,128002891,5.148494453634067,2.332798680691975
128,883,128002892,6.043135570025657,2.8462832959254456
128,884,128002893,5.341197076893021,2.7881709636678966
128,885,128002894,5.152273893543924,2.506306355370136
128,886,128002895,4.767416278242058,2.5665814320086033
128,887,128002896,9.025987003201399,2.948848918474481
128,888,128002897,7.493506126656536,2.8745224198300026
128,889,128002898,5.122974385371043,2.4497866826082295
128,890,128002899,5.327172722181818,2.6616087200025396
128,891,128002900,8.238252718951225,2.7728358886951474
128,892,128002901,6.617741628841568,2.522465735568788
128,893,128002902,5.092166089889286,2.3374127534329263
128,894,128002903,6.647960307081024,3.1958199894627266
128,895,128002904,5.259526069604502,2.2761956526091076
128,896,128002905,7.669349582776563,2.2113380566461496
128,897,128002906,5.684494320757283,2.3496067816664965
128,898,128002907,6.862700368136954,2.658688968125539
128,899,128002908,6.77667846309999,2.7794486713745417
128,900,128002909,6.738354773335244,2.488920073255619
128,901,128002910,5.174308010383761,2.2984072489662415
128,902,128002911,6.329830244931754,2.3569581645855373
128,903,128002912,6.422253357176358,2.5388300992537083
128,904,128002913,5.976529319679237,2.5895745970204818
128,905,128002914,6.865242404015771,2.281903183267284
128,906,128002915,7.367733035799225,2.588931031418176
128,907,128002916,5.793225602844038,3.304852684165188
128,908,128002917,4.777331377310287,2.6277921898882894
128,909,128002918,5.805618262036012,2.695992290084711
128,910,128002919,6.627567173743147,2.6251491768646606
128,911,128002920,8.636323750960798,2.4919767145748146
128,912,128002921,6.12474045811903,2.5352340422592987
128,913,128002922,5.430956402410851,2.4872004715707856
128,914,128002923,4.882104128850227,2.699413468167486
128,915,128002924,8.86382163378343,2.443993263452486
128,916,128002925,7.0731165566069745,2.7659098977669507
128,917,128002926,5.5020439796308365,2.600001871615941
128,918,128002927,7.663854207876427,2.1714323817221457
128,919,128002928,5.849539679151941,2.453381542123403
128,920,128002929,7.047017063905172,2.7375767754538645
128,921,128002930,7.1686497921162955,2.720589235246418
128,922,128002931,5.326512753663399,2.204661560128748
128,923,128002932,6.2584923280245235,2.647246431552156
128,924,128002933,6.711117342558748,2.8475071857992065
128,925,128002934,4.760587859891282,2.421913844439475
128,926,128002935,5.382175070612569,2.158647117670844
128,927,128002936,6.494162089823736,2.5644346587223783
128,928,128002937,6.119039309230352,2.533288188577959
128,929,128002938,6.850779907187063,2.755606018633908
128,930,128002939,5.689080658932629,2.949123491240518
128,931,128002940,6.262690720404073,2.468346600912622
128,932,128002941,4.806109006203712,2.3299661473499973
128,933,128002942,6.643134725837424,2.624888817622389
128,934,128002943,7.22379787923006,2.5414133144403404
128,935,128002944,5.878867073657973,2.9113342067290082
128,936,128002945,7.70789748140668,2.796203600195894
128,937,128002946,8.40149527651502,2.620886992032979
128,938,128002947,5.840383850453488,2.8399624954827147
128,939,128002948,6.629996175006574,2.925958489855284
128,940,128002949,5.861846705812525,2.7331516836553953
128,941,128002950,5.101229877731814,2.473395923448127
128,942,128002951,5.172020521809203,2.2138280086970927
128,943,128002952,9.314499809375008,2.511995267103047
128,944,128002953,5.163316323292914,2.442978592712822
128,945,128002954,6.929607208766644,2.908868270465107
128,946,128002955,6.125866921423564,2.5384443255050018
128,947,128002956,7.778002637160612,2.4196159232001366
128,948,128002957,5.4579770452324,2.6862773705007856
128,949,128002958,4.854904527606864,2.4253430547989683
128,950,128002959,5.217941068422215,2.8054353840237307
128,951,128002960,5.345337456594085,2.8798244761178915
128,952,128002961,5.258319465748678,2.7078586324434166
128,953,128002962,6.590525980689299,2.449800360999151
128,954,128002963,6.040334197012767,2.163963766525752
128,955,128002964,5.033993236182197,2.7955798051046816
128,956,128002965,6.351820346474486,2.5353864672733946
128,957,128002966,5.500782925358503,2.926880999191361
128,958,128002967,7.452197267737305,2.5335746635628014
128,959,128002968,6.9144695673691725,2.759818661209288
128,960,128002969,5.70997992829435,2.2517110468874195
128,961,128002970,8.756166239687943,2.4437367406046517
128,962,128002971,5.877017787594451,2.5533106887143333
128,963,128002972,6.255350961533976,2.573435004801031
128,964,128002973,5.63025683645397,2.7619743285713967
128,965,128002974,7.115367215376505,2.9190385373745795
128,966,128002975,6.023515888508255,2.5175997066232108
128,967,128002976,10.650483072472369,2.1848496872167775
128,968,128002977,5.928150801669196,2.417554179502707
128,969,128002978,5.432140158746073,2.604927749531895
128,970,128002979,4.56165420862386,2.5276130607958938
128,971,128002980,6.894038047006401,2.402641299143475
128,972,128002981,6.0381664160041195,2.531886130401571
128,973,128002982,6.104342408755508,2.511483491063219
128,974,128002983,4.952579947210416,2.9102876052609785
128,975,128002984,4.837193415657446,2.401202454966393
128,976,128002985,7.682003128234217,2.0831825963318233
128,977,128002986,7.5031688560662735,2.4491115196640685
128,978,128002987,5.789004331077789,2.173401434041609
128,979,128002988,5.782084944570327,2.4818128976579965
128,980,128002989,5.248528235639269,2.442490684613887
128,981,128002990,7.068554998202099,2.53905243514005
128,982,128002991,6.867867901031003,2.861063984238799
128,983,128002992,7.198764762226556,3.0468618105479477
128,984,128002993,6.761223469490294,2.3717486710806357
128,985,128002994,6.19822956968465,2.654637639516091
128,986,128002995,6.009592802094128,2.353513606343401
128,987,128002996,5.976363219144496,2.2828286348902753
128,988,128002997,6.041889977977294,2.404485849673079
128,989,128002998,6.406007669179825,2.4654425445033694
128,990,128002999,5.5048010008888175,2.79295612309096
128,991,128003000,5.344043302250895,2.569187618709204
128,992,128003001,8.884552568650443,2.9833630151505197
128,993,128003002,7.423393908320031,2.9783196457367853
128,994,128003003,6.434512365133691,2.6821354627410856
128,995,128003004,5.767654739822939,2.475668559306574
128,996,128003005,6.522410361656359,2.492328935906246
128,997,128003006,4.165148869687994,2.0700364830024363
128,998,128003007,7.6478448140028625,2.7785101365889333
128,999,128003008,6.460084534268051,2.333300168597826
128,1000,128003009,4.9334774629146185,2.507924811449858
256,1,256002010,11.674048647980399,3.7567257423147717
256,2,256002011,10.188523517301784,4.404020107285688
256,3,256002012,10.791510603393172,3.6895734669100184
256,4,256002013,9.378615202846538,3.3178956948988523
256,5,256002014,7.232953859648375,3.2717233812798163
256,6,256002015,7.674261866810295,3.4818810888548146
256,7,256002016,9.218813497486332,3.3864331513569423
256,8,256002017,8.914749775104479,3.4607040588984486
256,9,256002018,8.262532582593145,4.224964124890909
256,10,256002019,10.452418385068095,3.781846611365834
256,11,256002020,8.964438068638405,3.05162812052162
256,12,256002021,11.742608468343013,3.9795872795854974
256,13,256002022,11.76958295656166,4.304373618098012
256,14,256002023,9.08463999320496,3.889253904668429
256,15,256002024,9.066970377800338,3.4437002994628956
256,16,256002025,10.100719498842318,4.046652664556296
256,17,256002026,9.867234518998993,3.7071885687945834
256,18,256002027,7.652728445034579,3.586790998901351
256,19,256002028,9.383818130946745,4.134509084668598
256,20,256002029,9.080265675040309,3.107678965684847
256,21,256002030,9.075475825839682,3.798647952053885
256,22,256002031,7.934425376636658,3.5891557335056263
256,23,256002032,10.042466968746849,3.5274717421316404
256,24,256002033,8.648221010967367,3.843804841238844
256,25,256002034,8.941405260193237,3.643833763803831
256,26,256002035,11.745321187344919,3.529077569162089
256,27,256002036,9.021444518082124,3.411027340923556
256,28,256002037,8.262851430442598,3.5929953078619814
256,29,256002038,7.774497120261232,3.335426063743515
256,30,256002039,8.809001775490113,3.267676164033311
256,31,256002040,7.561829140770727,3.831435835125523
256,32,256002041,8.787338590550714,4.257795928045109
256,33,256002042,9.120048904468637,3.874999224984854
256,34,256002043,7.5379128208046415,3.6273726594351707
256,35,256002044,8.620715842481104,4.584862696110187
256,36,256002045,7.872439451124803,3.6584100386974856
256,37,256002046,11.738004814881903,3.7872657651121364
256,38,256002047,10.247410358766578,3.8797697284421364
256,39,256002048,8.131080528419186,3.9865977272697117
256,40,256002049,8.531273224054955,3.439005207128262
256,41,256002050,7.79509841040924,3.5803727848978455
256,42,256002051,9.878099630429292,3.6343752116347754
256,43,256002052,10.297590151112871,3.7790437895129014
256,44,256002053,8.6265822061851,3.5743500133380763
256,45,256002054,9.322369892888238,3.563321780518529
256,46,256002055,8.827130965802219,3.3667011205716264
256,47,256002056,8.437687615416733,3.6243957302233225
256,48,256002057,10.604034004933236,4.002072342169661
256,49,256002058,7.839563652277217,3.654002617364133
256,50,256002059,9.18415735383144,3.847517895839306
256,51,256002060,11.562904546169872,3.610790977089944
256,52,256002061,10.765455005292552,3.8516263021470207
256,53,256002062,8.878497193045378,3.423745698969728
256,54,256002063,8.436797411470307,3.91339783871047
256,55,256002064,9.251503139366157,3.6081036373716886
256,56,256002065,9.01050024186839,3.562825668825859
256,57,256002066,10.061050856546695,3.5118180151147875
256,58,256002067,9.342264028245472,3.625367171483943
256,59,256002068,10.381376782214618,3.5600751351074735
256,60,256002069,7.507040676837696,3.9842927506644155
256,61,256002070,8.552252992445077,3.5727961997738658
256,62,256002071,8.576835067241953,3.787500733206275
256,63,256002072,7.616630688748588,3.5955239097642613
256,64,256002073,8.019201613126018,3.9113212505960537
256,65,256002074,7.51908600966991,3.5299268966904194
256,66,256002075,7.886507279485172,3.1843803779061726
256,67,256002076,10.465348082003812,3.209625185424157
256,68,256002077,9.397833403157597,3.8016967293306814
256,69,256002078,9.870486859736568,4.1570206772113405
256,70,256002079,9.915081924352206,3.7388345013962923
256,71,256002080,13.611964392632173,3.9543285089071047
256,72,256002081,7.5809737257867145,3.362379994266522
256,73,256002082,10.298183731962508,3.9041467491060673
256,74,256002083,9.596413840103267,4.159712369322723
256,75,256002084,11.469191822280914,4.27006202914824
256,76,256002085,9.817765199834561,3.4717749231952637
256,77,256002086,8.109618223252387,3.584636074591733
256,78,256002087,9.089626996371685,4.300430537436022
256,79,256002088,10.024430763583192,3.599927173859181
256,80,256002089,7.8083977053794476,3.5200472193362375
256,81,256002090,8.057994295923951,3.6287924437606236
256,82,256002091,8.446574039676191,3.410397486014351
256,83,256002092,9.36258426044488,3.40294669686444
256,84,256002093,8.601728450277935,3.885123981427601
256,85,256002094,10.906442782219447,3.825925618993677
256,86,256002095,7.208180333995923,3.6586468526908615
256,87,256002096,7.217919419404594,3.935348173631998
256,88,256002097,8.845737273551176,3.744090850826615
256,89,256002098,9.616124414810491,3.853686071796647
256,90,256002099,11.336395668651814,3.961192517019196
256,91,256002100,9.669575200763116,2.8771827142099595
256,92,256002101,9.35636425510006,3.71185704177676
256,93,256002102,9.809817587842792,4.181622064523996
256,94,256002103,9.47518866159901,3.4180399366053638
256,95,256002104,8.026201767631015,3.700517189622277
256,96,256002105,10.166770793162117,3.849145351541537
256,97,256002106,10.051219321060918,3.8830219078396673
256,98,256002107,10.14830352117848,3.6069779553812165
256,99,256002108,9.26800429570515,4.195037559995757
256,100,256002109,8.115364075800372,3.6890487163867314
256,101,256002110,9.28553876036502,3.392822350458807
256,102,256002111,9.910920746735046,3.68739181420209
256,103,256002112,8.016477756127175,3.6178886393774263
256,104,256002113,8.766917810752096,3.385680645682684
256,105,256002114,10.777734178525757,3.539013815822789
256,106,256002115,10.525800186307498,3.5570374580954214
256,107,256002116,9.071997701247708,3.3883366245149222
256,108,256002117,7.312634049727095,3.163658430675294
256,109,256002118,7.984651037680336,3.719872987628154
256,110,256002119,10.390865111921832,3.819944279320782
256,111,256002120,8.142391108329118,3.6426884830661197
256,112,256002121,8.503511701118605,3.69525534355194
256,113,256002122,8.833300294744927,3.6390111535656713
256,114,256002123,14.460208899602677,3.9675699290021686
256,115,256002124,7.204886821486519,3.703804753745305
256,116,256002125,8.322661459990925,3.3328193738940963
256,117,256002126,8.308656888167857,3.737229920236034
256,118,256002127,8.131061860666904,3.9831507209318713
256,119,256002128,10.370377313156148,3.720898844314336
256,120,256002129,8.60408081776425,3.558278670141409
256,121,256002130,9.5974119537987,3.5044723782022507
256,122,256002131,10.613051089452256,3.3162552557804443
256,123,256002132,8.218636563889374,3.5581527183597292
256,124,256002133,9.289327159278821,3.913092551394865
256,125,256002134,10.305498753174382,3.7654127654810785
256,126,256002135,9.173409111200133,4.000779980372636
256,127,256002136,7.939600417240838,3.784518782263088
256,128,256002137,10.32658568552417,3.4351444340217974
256,129,256002138,9.945556610075196,4.0129817855803545
256,130,256002139,10.50846279179357,4.06291493553293
256,131,256002140,9.717409684744998,3.4353908623974005
256,132,256002141,9.305541815799034,3.5073899210504975
256,133,256002142,8.946899936766481,3.5336261142689165
256,134,256002143,8.160236945759067,3.5533049047212715
256,135,256002144,13.025428438425159,3.6951748586345867
256,136,256002145,7.0184404418046835,3.534221941107466
256,137,256002146,10.54220953982842,3.6077933395963724
256,138,256002147,9.682675194698284,3.54364022878468
256,139,256002148,7.9696124259009915,4.368200151149681
256,140,256002149,8.387939061444651,3.485343606794001
256,141,256002150,9.65504212784805,3.541057511775104
256,142,256002151,7.539124972290062,3.692643628127357
256,143,256002152,8.140175949000675,3.607729215016875
256,144,256002153,11.342723861324421,3.870661669825259
256,145,256002154,10.005806580932989,3.586122213044901
256,146,256002155,8.61264227803619,4.230342706353374
256,147,256002156,10.507447088463802,3.8069395391484924
256,148,256002157,8.068828751100494,4.281059523187519
256,149,256002158,8.921418658642875,3.76110850066325
256,150,256002159,9.010374240585255,3.395803844190946
256,151,256002160,7.051280134551828,3.6083414918798145
256,152,256002161,10.643616695314462,3.657895525961709
256,153,256002162,13.857951098461736,4.014305719392883
256,154,256002163,11.844962307033056,3.8853411331921195
256,155,256002164,8.942022711582744,3.4343000256673477
256,156,256002165,8.840326138754483,3.6617760209312626
256,157,256002166,9.862949669240104,3.622264817892148
256,158,256002167,7.557458674490782,3.6301893113126966
256,159,256002168,8.479424549316239,3.8141729118463075
256,160,256002169,8.25953179907449,3.730567488540231
256,161,256002170,10.665192168277306,3.698791812244035
256,162,256002171,9.477203960013421,3.5984286927617126
256,163,256002172,8.99551921417858,3.7102394373097827
256,164,256002173,7.9574550783452045,3.677733859752328
256,165,256002174,8.891639796336277,3.7472684081498144
256,166,256002175,7.422663116370343,4.006772686541968
256,167,256002176,10.209615480179346,3.6189349467482517
256,168,256002177,8.566851048635842,3.287255730585666
256,169,256002178,8.652939111949316,3.799742293882185
256,170,256002179,9.77432935585131,4.1993653971915075
256,171,256002180,10.330885776154922,3.785463645734315
256,172,256002181,8.656333011519873,3.7989357308070666
256,173,256002182,8.769474712142884,3.6977091034878953
256,174,256002183,9.330722112669783,3.748870366925785
256,175,256002184,10.479775497001498,4.01615142741845
256,176,256002185,10.468587720164017,4.011405076747225
256,177,256002186,7.096051167467235,3.783123803389437
256,178,256002187,8.00936622176288,3.359449324303469
256,179,256002188,9.027888819393747,4.23004664602042
256,180,256002189,8.873054854915436,4.017456876847655
256,181,256002190,9.293987430425371,3.6136547712373868
256,182,256002191,12.976276405513241,3.927382950540836
256,183,256002192,15.042798574371504,3.8237352530651423
256,184,256002193,7.249688723448709,3.4823485930443336
256,185,256002194,11.522402945637403,3.8123151989746558
256,186,256002195,10.211437653678436,3.713030303760652
256,187,256002196,8.955461824575035,4.2353124549715355
256,188,256002197,9.425482238643362,4.09531690486532
256,189,256002198,9.158762856397855,4.095690682165945
256,190,256002199,7.313872172745071,3.634468845639062
256,191,256002200,9.112636780379486,3.4803422124541146
256,192,256002201,8.152597276344782,3.4540195750438185
256,193,256002202,8.763257105265971,3.4974429343419633
256,194,256002203,12.775767035594141,3.5216691849025463
256,195,256002204,10.961306945695167,3.3960581728422095
256,196,256002205,8.135155495887489,3.8705083453330125
256,197,256002206,6.907034994212197,2.9718548208011883
256,198,256002207,8.657442818383528,3.813837423877702
256,199,256002208,9.5888197608677,3.326539697562371
256,200,256002209,8.999012680062819,3.7054737139822413
256,201,256002210,10.094905617594126,3.5319955282741295
256,202,256002211,7.430390752888092,3.7090670805956716
256,203,256002212,8.72043226709139,3.6954771127900123
256,204,256002213,9.12929779372548,4.318266810764374
256,205,256002214,8.355057843794972,3.478414201863697
256,206,256002215,9.39439457756221,3.573747127173062
256,207,256002216,9.457905038509784,3.6679397036766166
256,208,256002217,8.5981119886523,3.7766400748622826
256,209,256002218,9.638955358662516,3.229374943928332
256,210,256002219,9.32412868537851,4.011829720596926
256,211,256002220,7.320559123869409,3.3425004744073346
256,212,256002221,7.982700430952958,3.857554698534597
256,213,256002222,9.699526693853768,3.9699454647842787
256,214,256002223,8.408683915325108,4.50193959167457
256,215,256002224,7.811501138927979,3.4716407817201405
256,216,256002225,7.8615537780235005,3.313228118638484
256,217,256002226,9.561440966867355,3.660717512580853
256,218,256002227,10.095978900954627,4.141568284829371
256,219,256002228,8.873941306775688,3.807092826614019
256,220,256002229,11.598853464429713,3.5489064475228176
256,221,256002230,8.209766305596835,3.6748014236621227
256,222,256002231,7.239274059479098,3.005018878197674
256,223,256002232,12.697780508983369,3.7235638971676495
256,224,256002233,8.279774832488327,3.7539257910610644
256,225,256002234,8.357315181040487,3.8032732895495505
256,226,256002235,8.280255799377175,3.916732306287737
256,227,256002236,11.499291809620955,4.18940049560141
256,228,256002237,9.801455921482523,3.9926640831173867
256,229,256002238,9.741589518656104,3.8050965553239102
256,230,256002239,7.944673644670973,3.952202206817631
256,231,256002240,9.0535000913864,3.596625430685371
256,232,256002241,7.770859480790347,3.953757049402439
256,233,256002242,9.305648571120798,3.5300436071351395
256,234,256002243,9.00702692151192,3.245013644339965
256,235,256002244,9.222273420079254,3.653791868331417
256,236,256002245,6.956941789964106,3.35920859842242
256,237,256002246,7.391792516590194,3.6973904032652003
256,238,256002247,8.359903787832156,3.344384282202686
256,239,256002248,13.912178456933036,4.00361093478387
256,240,256002249,9.403319815195855,3.530461855281363
256,241,256002250,8.626670118492624,3.781403912287067
256,242,256002251,8.65887948024357,3.3583164426844103
256,243,256002252,10.583408723512969,3.5335123341997394
256,244,256002253,7.958134610835852,3.285334344832705
256,245,256002254,8.977329055649676,4.385176100976018
256,246,256002255,9.408108257475652,4.034423592695678
256,247,256002256,7.675684864077738,3.7588129144836118
256,248,256002257,7.994879944735095,3.511686679883732
256,249,256002258,11.914170146596264,3.933522205185277
256,250,256002259,9.211363984646697,3.7193832653769654
256,251,256002260,7.696815015099212,3.7956433809546812
256,252,256002261,10.213242166027229,3.717440744460408
256,253,256002262,12.279503198637265,4.023424980661667
256,254,256002263,9.838748344669032,3.4754340029710664
256,255,256002264,9.721846714937612,3.850210780462486
256,256,256002265,12.124024554916081,3.8458448941485766
256,257,256002266,11.675448645552088,4.013775565431068
256,258,256002267,9.473293803434983,3.5944994712557268
256,259,256002268,10.981451703937072,3.762824830388706
256,260,256002269,6.767987016429489,4.053579754736795
256,261,256002270,7.582490743031592,3.6071541061876986
256,262,256002271,8.573192883461505,3.6935098170832497
256,263,256002272,8.775648467732012,4.080040235316923
256,264,256002273,8.477820997409523,3.33317412920272
256,265,256002274,7.5851307619786885,3.334240398900561
256,266,256002275,9.074596049933275,3.7442475023510604
256,267,256002276,10.4703343493957,3.8477161770262414
256,268,256002277,8.865089831095965,3.7607168295022637
256,269,256002278,8.690095345125536,3.5627677392720973
256,270,256002279,10.836731195621915,3.962132003844357
256,271,256002280,11.112817605035046,3.943979411550239
256,272,256002281,8.75820911613725,3.508465114726722
256,273,256002282,7.425826510620783,2.9919024732799397
256,274,256002283,8.205627795067668,4.138862435674785
256,275,256002284,8.944915524785374,4.062668688056394
256,276,256002285,12.496190421723758,4.067903660005766
256,277,256002286,8.294017638611512,3.4837983959773067
256,278,256002287,11.077312613715689,3.900902447778999
256,279,256002288,8.637182693231638,3.4553946178355526
256,280,256002289,9.54276191003011,4.221561630598783
256,281,256002290,10.759822708123584,3.7994089347844393
256,282,256002291,8.785089722642802,3.6310852495974304
256,283,256002292,10.890894294213602,4.289438396982636
256,284,256002293,7.142933198406251,3.4377903324173316
256,285,256002294,6.61540439574369,3.2023424759472565
256,286,256002295,9.814019370216311,4.066524145628044
256,287,256002296,7.944888187328417,3.7413999959129742
256,288,256002297,10.611014991576917,3.8099959756877864
256,289,256002298,13.176967309219544,3.59218139678486
256,290,256002299,10.523008746618954,4.128983291650344
256,291,256002300,14.262791794888924,3.5206183769004777
256,292,256002301,11.665990934153191,3.6715525531215185
256,293,256002302,8.959050390474125,3.6051891911186997
256,294,256002303,7.296943931510233,3.252403091516287
256,295,256002304,10.494056956133083,4.01353601749746
256,296,256002305,10.679976906653975,3.5388913554224115
256,297,256002306,8.866744690499036,4.079643079257651
256,298,256002307,9.254919215361207,3.9013522168364556
256,299,256002308,6.767043863100257,3.1527728557290677
256,300,256002309,8.687289026169756,3.8164399002356704
256,301,256002310,9.815271544560375,3.583241791632856
256,302,256002311,8.13599963341107,3.5498090244283342
256,303,256002312,9.330389714294725,3.7568247758852347
256,304,256002313,7.1335686526884095,3.554178756919952
256,305,256002314,7.523399122422815,3.324482528450453
256,306,256002315,8.905466083950024,3.996879026679108
256,307,256002316,7.685860202414299,3.115836309377522
256,308,256002317,8.764268383323865,3.6423626126280055
256,309,256002318,10.37347229180217,3.6644576193865617
256,310,256002319,10.001661293938724,3.4884389775555027
256,311,256002320,7.564637836528277,3.7303235773404615
256,312,256002321,9.388326062256471,3.4468391390101165
256,313,256002322,7.502595479013913,3.1948187023692824
256,314,256002323,8.451983890535626,4.005513283699304
256,315,256002324,8.562335081699349,3.9197612677243447
256,316,256002325,10.300339945890629,3.525342260781773
256,317,256002326,7.407232733568006,3.4330337995223
256,318,256002327,11.257027524882139,4.1703583914789615
256,319,256002328,14.112071725511033,4.09320067432762
256,320,256002329,10.2586835474711,3.7367183115162343
256,321,256002330,10.127643120925914,3.61376479836585
256,322,256002331,11.445405016364337,4.261383674392099
256,323,256002332,8.429186928658277,3.527222758118152
256,324,256002333,8.24621557211207,3.464047491857525
256,325,256002334,10.990692013794728,3.8997891473506368
256,326,256002335,9.139500576985565,4.0959838882981625
256,327,256002336,7.1458369774859305,3.3332254226306253
256,328,256002337,8.751212856314957,3.5456192373256425
256,329,256002338,9.700151374737175,3.8357751419441226
256,330,256002339,10.405419127111873,3.511937924590298
256,331,256002340,8.050608742834028,3.5977107922941216
256,332,256002341,10.333472321409914,3.964924654239973
256,333,256002342,9.694283008563463,3.49540898603288
256,334,256002343,7.923607627331835,3.820572535147258
256,335,256002344,9.223153717739082,3.3312799050323956
256,336,256002345,7.238025079347719,3.0154252297680855
256,337,256002346,9.397050063011974,3.6410120232373018
256,338,256002347,9.515820753371896,3.177086639355552
256,339,256002348,9.754370474885029,3.664357318009773
256,340,256002349,9.361545854649455,3.4831874214646343
256,341,256002350,10.68782364849317,3.7157940606289106
256,342,256002351,8.611847073313108,3.1718392227380026
256,343,256002352,11.124430927873405,3.6029246286328633
256,344,256002353,8.483578625148995,3.5827448337181855
256,345,256002354,9.33125867621992,3.7244215388055344
256,346,256002355,12.726926747282626,3.5783183113915973
256,347,256002356,9.72526583298659,4.314662053125884
256,348,256002357,9.744952394396785,3.7313004391170477
256,349,256002358,7.790604390944476,3.625489306291297
256,350,256002359,10.347805327484805,3.9449751643901476
256,351,256002360,8.278822010916516,4.188656840258336
256,352,256002361,7.95668454296253,3.445031677408472
256,353,256002362,8.694700627441954,3.322278658135388
256,354,256002363,8.179153397228914,3.330506471155813
256,355,256002364,12.638346749935529,3.560789708838701
256,356,256002365,12.961566870814444,3.824451249280253
256,357,256002366,10.00649286131822,3.369362224895038
256,358,256002367,12.991256226368636,3.748643172584971
256,359,256002368,9.435658909182614,3.337991146254453
256,360,256002369,7.7015023782899865,3.6309042577946244
256,361,256002370,9.083815603965059,3.975218457821827
256,362,256002371,8.097042731302611,3.6882349110757864
256,363,256002372,12.003505464416644,3.874050463367014
256,364,256002373,14.014555130060572,3.787004243600606
256,365,256002374,10.596991270372294,3.642468676868053
256,366,256002375,8.575875371524113,3.7045149148691294
256,367,256002376,8.578033177247823,3.8103356820585357
256,368,256002377,9.604314172798315,3.6225789824191597
256,369,256002378,9.013173604515952,3.6331268252665248
256,370,256002379,11.49833789016473,3.2811505432046313
256,371,256002380,9.431044413395876,3.817078779433009
256,372,256002381,9.121102184381527,3.337690922001297
256,373,256002382,9.105481624867874,3.974259107563449
256,374,256002383,10.502949182078774,3.7447088819802485
256,375,256002384,7.7289108005778715,3.444817536617651
256,376,256002385,11.65711023814103,3.514109612507739
256,377,256002386,9.260308274000591,3.71498782977585
256,378,256002387,9.087830085500272,3.461791367796836
256,379,256002388,8.282957277748352,3.6018727426616985
256,380,256002389,9.316960486981106,3.62623845303969
256,381,256002390,12.458347843369628,3.3785243766608275
256,382,256002391,7.7219726288639245,3.8975865021851286
256,383,256002392,20.21479534426073,3.6431350702332956
256,384,256002393,9.179888557949912,3.7652364277394583
256,385,256002394,10.387440019698944,3.768492636775105
256,386,256002395,9.33790318421816,3.4022781814238803
256,387,256002396,8.534033781341662,3.9736271189600916
256,388,256002397,7.8300061365587625,3.409707864451355
256,389,256002398,11.142881780109027,3.6418338722512176
256,390,256002399,10.910148728316098,3.309444549904141
256,391,256002400,8.65402363280352,3.8436001956697865
256,392,256002401,9.102671320016647,3.5817461277474028
256,393,256002402,9.467672136982953,3.614768317389055
256,394,256002403,8.48572383506942,4.100103968373618
256,395,256002404,9.567618062046845,3.59115755162764
256,396,256002405,7.194288248340615,4.259270937346666
256,397,256002406,8.458441457723314,3.7666123772330775
256,398,256002407,8.743489477577382,3.8852928223612553
256,399,256002408,10.050664760680053,4.085142621343068
256,400,256002409,7.977991638008845,3.6065254004007823
256,401,256002410,9.519812479263319,3.50426572883727
256,402,256002411,10.352892347605875,3.9390676825955846
256,403,256002412,7.111122176735564,3.440023829605467
256,404,256002413,12.027273537388197,3.779896576878629
256,405,256002414,8.259691907362106,3.328948761109485
256,406,256002415,9.435184091562062,3.737448053308586
256,407,256002416,9.563510018742127,3.785303567765119
256,408,256002417,9.334393687817261,3.5660374604029426
256,409,256002418,10.565812912787912,3.6592455796921954
256,410,256002419,8.346375513418764,3.2149758923985385
256,411,256002420,10.568055346334107,3.894068849840747
256,412,256002421,7.661482600111846,3.510205675488077
256,413,256002422,7.502478265249297,3.2029984074518474
256,414,256002423,11.629119584713578,3.9872598278386615
256,415,256002424,9.265691535803,3.665952601561776
256,416,256002425,7.7822715060220515,3.4041386187365816
256,417,256002426,11.920466201588482,3.387413425049398
256,418,256002427,11.024984440768021,3.655045455324924
256,419,256002428,9.426572298406366,3.6930920802895293
256,420,256002429,9.17824098993965,3.725208118077362
256,421,256002430,9.903301648482865,3.8387936769378923
256,422,256002431,8.224432548355555,3.2179256934893856
256,423,256002432,9.85859035370356,3.274720576864306
256,424,256002433,11.211716226934387,3.6089218723121816
256,425,256002434,7.984169910043724,3.6105840495581147
256,426,256002435,10.407278428226217,3.5326920293145943
256,427,256002436,8.885497993189665,3.635578265012577
256,428,256002437,6.88679081686255,3.115694185933405
256,429,256002438,9.201954363787175,3.401613632447385
256,430,256002439,8.242190282225335,3.924635681296388
256,431,256002440,7.5513887172743885,3.525788926324284
256,432,256002441,8.51534942753322,3.5396340086992892
256,433,256002442,9.899106907010129,3.6574359802169707
256,434,256002443,8.62355313016336,4.198867269387641
256,435,256002444,9.17014207280134,3.721989864636157
256,436,256002445,10.741932655779117,3.534391983918209
256,437,256002446,9.558993107084277,3.713314282873848
256,438,256002447,9.204685155673861,3.9494988892495355
256,439,256002448,8.85579204460739,4.104395318582455
256,440,256002449,10.900968185530402,3.2488681559715586
256,441,256002450,10.483748802004573,3.8913731354804995
256,442,256002451,8.9171758431926,3.628529953534245
256,443,256002452,8.549526800544767,3.7301732034956423
256,444,256002453,8.539069531940207,3.397913460988502
256,445,256002454,10.35590766189894,3.9441382500041477
256,446,256002455,9.853749838047506,3.5237654456030407
256,447,256002456,7.8248080712241865,3.7640980770850647
256,448,256002457,9.978496660314311,3.3788354253526856
256,449,256002458,8.094159715402252,3.4758291290566414
256,450,256002459,7.656165151459955,3.427751920991007
256,451,256002460,9.054295670333994,3.8484247604198436
256,452,256002461,9.314530825816197,3.868328293061908
256,453,256002462,8.563054017143106,3.6731602728368573
256,454,256002463,9.27037229392508,3.7379621473364755
256,455,256002464,10.27089572000425,4.651390803684951
256,456,256002465,8.642544001193329,3.5568046465830494
256,457,256002466,10.614890846016019,3.5134693479615993
256,458,256002467,9.192064510256602,3.599546705186669
256,459,256002468,9.28578494496537,3.647454625722903
256,460,256002469,9.807438362375313,3.788607149615728
256,461,256002470,7.906554648397276,3.6139151748285334
256,462,256002471,9.737704457721378,3.89211582065348
256,463,256002472,6.864025196956489,3.5376749654572532
256,464,256002473,8.742702732353047,3.7988196620950463
256,465,256002474,9.954585248945929,3.6275498658486662
256,466,256002475,8.830573772196479,4.022800527870402
256,467,256002476,11.54762101267142,3.512073353881705
256,468,256002477,8.03071388721939,3.7312106440639266
256,469,256002478,7.8086844189859725,3.2016992823136468
256,470,256002479,9.474020337216164,3.5267054688199204
256,471,256002480,9.688934166877209,3.87336227446388
256,472,256002481,10.197795259906572,3.6603255941084596
256,473,256002482,12.122882971500964,3.9644087676356787
256,474,256002483,12.148030806736397,3.5384562170160088
256,475,256002484,9.075042320366471,4.320591109301476
256,476,256002485,9.765424349532339,4.038466231170714
256,477,256002486,6.950782540258516,3.1786544499496534
256,478,256002487,9.299835843768713,3.516192803377326
256,479,256002488,7.342126822004391,3.6044358359971542
256,480,256002489,9.196519318605157,3.4688850792448926
256,481,256002490,10.972655796733742,3.5216729015358874
256,482,256002491,8.656128529094383,3.8030411698540747
256,483,256002492,10.054739681299322,4.151218923401619
256,484,256002493,12.394475032891227,4.11837453915761
256,485,256002494,14.309425979906266,3.364344065341479
256,486,256002495,6.743940922431931,3.063057627622331
256,487,256002496,9.779972019278983,3.175454360564636
256,488,256002497,8.923206050103868,4.229897831068577
256,489,256002498,8.46051686810104,3.782448427175514
256,490,256002499,10.374085708744051,3.911130003444037
256,491,256002500,7.601585860232119,3.9604400041025456
256,492,256002501,8.161358109604608,3.6230088248369996
256,493,256002502,8.834662646394976,3.5322452407205494
256,494,256002503,8.758592001961231,3.79622337762501
256,495,256002504,8.597485009356312,3.4779808732068407
256,496,256002505,8.416646803204383,3.6432900604212484
256,497,256002506,10.06618356559075,3.8109937382359624
256,498,256002507,10.922483265576004,3.8757815697554427
256,499,256002508,9.269934748717295,3.552386043946201
256,500,256002509,13.157948975114685,4.109308885703267
512,1,512002010,14.211003553039733,5.268819391019062
512,2,512002011,14.391110499956564,4.737782119685733
512,3,512002012,10.137271127421398,4.503183233748722
512,4,512002013,13.057819566123797,4.887112056202602
512,5,512002014,13.75161114703649,5.482940130889057
512,6,512002015,16.26394291735495,5.778352552671773
512,7,512002016,15.175808656852386,5.027555880498543
512,8,512002017,13.445545824225018,5.296941836033166
512,9,512002018,12.402046837662635,5.315300032290912
512,10,512002019,11.119699750477029,4.609256822398389
512,11,512002020,13.376927621954792,4.976060898599299
512,12,512002021,13.8814056921395,5.570818355714344
512,13,512002022,12.146142893313243,6.0902835136775835
512,14,512002023,13.247717816963743,4.8456485987607305
512,15,512002024,11.286854566769316,4.743384643690738
512,16,512002025,24.67870401987343,5.705477458356037
512,17,512002026,12.200517332886303,5.328592894323907
512,18,512002027,11.937108881356878,4.973842053715391
512,19,512002028,13.783137705738211,5.45615507850527
512,20,512002029,14.459600799462695,5.03944860562096
512,21,512002030,20.508861552113107,5.1761701502630375
512,22,512002031,13.472972689853593,5.331238799911817
512,23,512002032,12.005486559715191,4.7524142150537045
512,24,512002033,12.54909278118591,4.830205468090118
512,25,512002034,11.451973513373165,5.112714346289389
512,26,512002035,18.207468400435154,5.531248450503442
512,27,512002036,12.550009896789497,4.775990320909717
512,28,512002037,12.171171909067743,5.308811277766349
512,29,512002038,15.136374699289842,5.106974675231013
512,30,512002039,14.943402017564622,5.1433134712466515
512,31,512002040,15.780914112452098,4.86784445657455
512,32,512002041,11.641004151136082,5.444697578460048
512,33,512002042,12.342220716470935,4.85141139576562
512,34,512002043,13.662800342783171,5.178600245653693
512,35,512002044,13.316938867537173,5.482809964043737
512,36,512002045,12.476543698865154,4.561639166815329
512,37,512002046,14.428009108871185,5.988184611748814
512,38,512002047,12.033672732955026,5.313149825901506
512,39,512002048,16.4684406496993,6.193106335438306
512,40,512002049,11.198133690415329,5.368043801849502
512,41,512002050,14.038551597200266,5.289519891867128
512,42,512002051,16.3916700854444,4.9774788400995
512,43,512002052,14.354228170870707,5.144033750005098
512,44,512002053,11.324551383303865,5.221658004846083
512,45,512002054,11.59151741612229,5.29915507775677
512,46,512002055,12.24394949182419,5.034766544438317
512,47,512002056,14.837612736938288,5.0319456988165525
512,48,512002057,14.113782558889186,4.869506223905991
512,49,512002058,10.407702804394491,4.845478701793045
512,50,512002059,12.055926978880338,5.148386617951005
512,51,512002060,17.687275664959344,4.949605838926664
512,52,512002061,14.700229007204747,5.477894099916082
512,53,512002062,12.482898160253844,5.098145606599446
512,54,512002063,16.554550728501557,5.614532563852033
512,55,512002064,14.169652969934543,5.246008569694974
512,56,512002065,13.696943157632276,5.148316532945747
512,57,512002066,13.267340934210102,5.4996233232981355
512,58,512002067,14.431691904152919,4.668459087882775
512,59,512002068,11.892625686716347,4.9509232352650905
512,60,512002069,13.666069489294747,5.293134725643766
512,61,512002070,13.441592302175579,5.271776818714162
512,62,512002071,14.70797418242899,5.37403052690188
512,63,512002072,11.836173315836902,5.162550587012113
512,64,512002073,12.093786088407587,4.86426961286675
512,65,512002074,12.05798518576011,5.076449880290886
512,66,512002075,13.088723996326118,5.203173211307404
512,67,512002076,13.507583274966594,4.806942991039561
512,68,512002077,17.294799962455283,5.415635719043481
512,69,512002078,13.214599562664155,5.357780406348671
512,70,512002079,13.374972230998937,5.297590292997825
512,71,512002080,14.62060736994817,5.30773904409626
512,72,512002081,11.651185043616906,5.481703914161644
512,73,512002082,13.353227206812942,5.745785117029907
512,74,512002083,15.105950041300112,5.815260524206032
512,75,512002084,12.769670234637793,4.673139787408893
512,76,512002085,15.353614164665814,5.331605704774877
512,77,512002086,14.188250469331011,5.162999878072108
512,78,512002087,13.763364574639347,4.884446340323
512,79,512002088,12.126988694723165,5.403068225042934
512,80,512002089,11.930662173255156,4.424018521064915
512,81,512002090,12.635520267395846,5.506596662934757
512,82,512002091,11.881505696208343,5.390591077736646
512,83,512002092,17.92425577022327,5.43016209840571
512,84,512002093,14.704845319188227,5.43623743683514
512,85,512002094,11.661466385403205,5.930301355560247
512,86,512002095,11.805751568804439,5.262363132300831
512,87,512002096,16.13493848920847,5.405255587271394
512,88,512002097,12.365983519474542,5.002178693659655
512,89,512002098,13.852523041529093,5.774330939258436
512,90,512002099,17.58509757123494,5.649245813824665
512,91,512002100,11.58128125071931,4.7670030345642544
512,92,512002101,12.85744182846095,5.581785435555346
512,93,512002102,14.133371618718366,4.673315705054886
512,94,512002103,14.451308788610698,5.133435457127008
512,95,512002104,10.88085182166877,4.750750494816109
512,96,512002105,11.864882872034507,5.214220351857417
512,97,512002106,11.159882318002415,4.72272665593743
512,98,512002107,14.384252372067584,5.664955808407888
512,99,512002108,12.969549490241882,5.380132940719142
512,100,512002109,11.697887320891242,5.485663398091529
512,101,512002110,14.609861839963354,4.953268119341899
512,102,512002111,18.00744099461266,5.523523573958812
512,103,512002112,11.274042714794748,4.943313810444411
512,104,512002113,15.488928493681486,5.772506572281825
512,105,512002114,12.762087241019762,4.611155978856649
512,106,512002115,13.6193321997782,5.227886961816257
512,107,512002116,12.54851675017366,4.911450567280249
512,108,512002117,20.363743768293563,6.063092519178462
512,109,512002118,12.59650666564712,5.043208689910316
512,110,512002119,12.78979276917999,5.395816684839187
512,111,512002120,14.851530488419924,5.313195128708556
512,112,512002121,12.16048788399626,4.835137018541932
512,113,512002122,14.56210431821015,4.822202768274743
512,114,512002123,11.817298128577933,4.809056516081643
512,115,512002124,13.401392897491931,4.813978668125947
512,116,512002125,16.82390292743335,5.536745067227272
512,117,512002126,14.23471000154659,5.039315579359675
512,118,512002127,11.873666313666188,5.332405291889494
512,119,512002128,12.01655257037743,4.789592640346713
512,120,512002129,13.965336218394354,4.7229030717367255
512,121,512002130,13.53750460552903,4.9191674969802905
512,122,512002131,12.121032956727692,5.160022896442791
512,123,512002132,15.360256653961917,5.519798139644678
512,124,512002133,12.678523683844006,4.892283708946444
512,125,512002134,12.880850572849951,4.663713138621132
512,126,512002135,12.468485649530992,5.11622691020265
512,127,512002136,10.990148045789027,4.98297489357352
512,128,512002137,11.149449552856673,4.597729698731512
512,129,512002138,16.807188477366587,5.142930974453335
512,130,512002139,13.286025589496312,5.039099056991419
512,131,512002140,12.404226489446774,5.236655202203973
512,132,512002141,12.17468204554546,4.558578723243777
512,133,512002142,10.561047940873323,5.501649077463273
512,134,512002143,16.80290724949219,5.672584155233087
512,135,512002144,12.701598856023821,4.765201876244261
512,136,512002145,16.880710887240312,5.409441546040948
512,137,512002146,14.779939544073812,5.429760351135125
512,138,512002147,11.53977375571205,5.106533345002315
512,139,512002148,11.964278344000011,4.745084445164599
512,140,512002149,14.165446892527182,5.788563412676602
512,141,512002150,12.313993649753762,4.557071576717245
512,142,512002151,13.796754160906925,6.174379014766587
512,143,512002152,17.995293873873432,5.195628200565959
512,144,512002153,15.009727548730282,4.782227026474183
512,145,512002154,15.311881777737844,5.582853728733279
512,146,512002155,12.409190029246096,5.1775617580377515
512,147,512002156,14.726144929096721,5.003718052499681
512,148,512002157,11.722122743313568,4.772740330605753
512,149,512002158,14.590528336920515,5.609742518936402
512,150,512002159,13.485060712057894,5.004911592830127
512,151,512002160,13.093572122309405,4.953967635884695
512,152,512002161,14.493559471408041,5.80870744785291
512,153,512002162,14.307626992533786,4.845886625956679
512,154,512002163,13.137372113075939,5.3047000090948
512,155,512002164,12.58835243648979,4.862961012291962
512,156,512002165,12.977330257984566,5.192078674557815
512,157,512002166,10.324683116307204,4.82077742043636
512,158,512002167,12.414345329158536,5.092658317481277
512,159,512002168,13.816156509075265,5.16504993350171
512,160,512002169,14.921643895894116,5.154339949567609
512,161,512002170,11.896679298289166,5.076025874972958
512,162,512002171,13.0151611842196,4.854663739299332
512,163,512002172,13.828411562404643,5.6391807260124
512,164,512002173,11.09522939731008,4.89276435980497
512,165,512002174,14.175516914422493,5.364808651074632
512,166,512002175,13.427649231620817,5.539801686417917
512,167,512002176,13.723694975652194,5.01776292171854
512,168,512002177,11.099973398746826,5.31785629719614
512,169,512002178,13.514836638097464,4.732299528219168
512,170,512002179,14.991054616110217,5.348078223221905
512,171,512002180,13.021599410728882,5.243487939342808
512,172,512002181,11.990694067844034,4.948354112980899
512,173,512002182,14.293454030877792,5.099417695155982
512,174,512002183,12.431267655355416,5.259501789984366
512,175,512002184,13.145252344222957,5.906312507598246
512,176,512002185,12.55791131981216,5.207541573500725
512,177,512002186,11.204461304519649,4.877511323595076
512,178,512002187,13.524185545166079,5.485181030547186
512,179,512002188,14.668982722530703,6.386134026554151
512,180,512002189,13.35693467302274,5.1499957158106096
512,181,512002190,12.803630221232078,5.299290636118451
512,182,512002191,12.58891310561875,4.876401011689576
512,183,512002192,10.724471781334485,5.016325163763373
512,184,512002193,14.952609202198419,4.781029617140114
512,185,512002194,12.224926288141125,5.409658170527687
512,186,512002195,20.81323305217434,4.998780797120749
512,187,512002196,13.89255088047636,5.328515729237785
512,188,512002197,12.542256311212697,4.850569618990107
512,189,512002198,15.632240156610274,4.955703105326348
512,190,512002199,12.582882595793537,4.774759762371386
512,191,512002200,12.265000722590523,5.627947772432095
512,192,512002201,12.555431002948675,5.381369351056423
512,193,512002202,14.042440359378126,5.194040354161639
512,194,512002203,17.62045851261897,5.588521422639834
512,195,512002204,15.175230012266518,5.692292816617099
512,196,512002205,17.02636301966753,5.093973396637942
512,197,512002206,13.406424634903036,5.570129616174739
512,198,512002207,13.258014190197377,4.64721465975746
512,199,512002208,12.593094422286303,5.833878928297439
512,200,512002209,17.64762947337336,5.393584722232285
1024,1,1024002010,17.611867434175412,7.3926081568924875
1024,2,1024002011,21.165534496971876,6.898727199413495
1024,3,1024002012,14.990384721938728,7.051488142049851
1024,4,1024002013,19.757530289084833,6.994511443313812
1024,5,1024002014,20.53298838726405,6.770041917427874
1024,6,1024002015,21.049602334434642,7.014618340745457
1024,7,1024002016,19.978211400046153,7.515759434798629
1024,8,1024002017,22.842909087465408,6.864380021360774
1024,9,1024002018,20.3199472958209,7.370708307796433
1024,10,1024002019,16.823945481055247,6.285814809927178
1024,11,1024002020,18.564508661441316,7.289863953242332
1024,12,1024002021,17.66081349021281,7.312031847922392
1024,13,1024002022,18.233842421001036,6.53040839607365
1024,14,1024002023,17.247071372331163,7.817841615704133
1024,15,1024002024,21.447077305347634,7.665653743469111
1024,16,1024002025,19.080046021076907,7.442100144368814
1024,17,1024002026,18.22262820641055,7.419285339871401
1024,18,1024002027,20.379055671394806,7.1416250953565354
1024,19,1024002028,18.447218538495388,7.669440564531006
1024,20,1024002029,15.784004185807778,6.604116668243638
1024,21,1024002030,17.896936146443018,6.892674919665794
1024,22,1024002031,16.034602822969415,7.119464160380358
1024,23,1024002032,15.252988420320019,7.261104058623397
1024,24,1024002033,18.141678707299288,7.674859149070137
1024,25,1024002034,17.672492847261914,7.338017339735214
1024,26,1024002035,21.052950904907366,7.212724082821228
1024,27,1024002036,19.62538032262809,7.191023187871833
1024,28,1024002037,16.348152015691298,6.592487144002922
1024,29,1024002038,20.80994115905432,6.790774696019936
1024,30,1024002039,21.088216711079554,7.750428612742098
1024,31,1024002040,23.21177901926989,6.808578483977905
1024,32,1024002041,16.268590281013488,8.56908733692978
1024,33,1024002042,20.88561688116314,7.206035775461959
1024,34,1024002043,19.64678126953656,7.381703172304373
1024,35,1024002044,22.62456533795598,8.765111040183788
1024,36,1024002045,16.620101184513164,6.684305366334831
1024,37,1024002046,19.181351596514965,7.100612566888654
1024,38,1024002047,18.485401334593664,7.268788408575908
1024,39,1024002048,18.731143305143974,6.958296921887183
1024,40,1024002049,21.967294114052883,7.808788050882362
